ply
format ascii 1.0
element vertex 7244
property float x
property float y
property float z
property uchar red
property uchar green
property uchar blue
end_header
-5.100000 -3.900000 -0.038919 220 40 40
-5.000000 -3.900000 -0.025184 230 200 40
-4.900000 -3.900000 0.000380 230 200 40
-4.800000 -3.900000 0.024103 220 40 40
-4.700000 -3.900000 0.097560 220 40 40
-4.600000 -3.900000 0.240808 220 40 40
-4.500000 -3.900000 0.015233 220 40 40
-4.400000 -3.900000 0.404225 220 40 40
-4.300000 -3.900000 0.144638 220 40 40
-4.200000 -3.900000 -0.046309 220 40 40
-4.100000 -3.900000 -0.046397 230 200 40
-4.000000 -3.900000 -0.046286 230 200 40
-3.900000 -3.900000 -0.046261 230 200 40
-3.800000 -3.900000 -0.046368 230 200 40
-3.700000 -3.900000 -0.046475 230 200 40
-3.600000 -3.900000 -0.046628 230 200 40
-3.500000 -3.900000 -0.046770 230 200 40
-3.400000 -3.900000 -0.046537 230 200 40
-3.300000 -3.900000 -0.046571 230 200 40
-3.200000 -3.900000 -0.046651 230 200 40
-3.100000 -3.900000 -0.046753 230 200 40
-3.000000 -3.900000 -0.046768 230 200 40
-2.900000 -3.900000 -0.046855 230 200 40
-2.800000 -3.900000 -0.046681 230 200 40
-2.700000 -3.900000 -0.046426 230 200 40
-2.600000 -3.900000 -0.046356 230 200 40
-2.500000 -3.900000 -0.046754 230 200 40
-2.400000 -3.900000 -0.046562 230 200 40
-2.300000 -3.900000 -0.046610 230 200 40
-2.200000 -3.900000 -0.046673 230 200 40
-2.100000 -3.900000 -0.046358 230 200 40
-2.000000 -3.900000 -0.046525 230 200 40
-1.900000 -3.900000 -0.046497 230 200 40
-1.800000 -3.900000 -0.046493 230 200 40
-1.700000 -3.900000 -0.046510 230 200 40
-1.600000 -3.900000 -0.047205 230 200 40
1.800000 -3.900000 -0.044179 230 200 40
1.900000 -3.900000 -0.045544 230 200 40
2.000000 -3.900000 -0.045754 230 200 40
2.100000 -3.900000 -0.045677 230 200 40
2.200000 -3.900000 -0.046168 230 200 40
2.300000 -3.900000 -0.046406 230 200 40
2.400000 -3.900000 -0.046296 230 200 40
2.500000 -3.900000 -0.045927 230 200 40
2.600000 -3.900000 -0.046172 230 200 40
2.700000 -3.900000 -0.046419 230 200 40
2.800000 -3.900000 -0.046249 230 200 40
2.900000 -3.900000 -0.045842 230 200 40
3.000000 -3.900000 -0.045898 230 200 40
3.100000 -3.900000 -0.046133 230 200 40
3.200000 -3.900000 -0.044812 230 200 40
3.300000 -3.900000 -0.044839 230 200 40
3.400000 -3.900000 -0.044627 230 200 40
3.500000 -3.900000 -0.045203 230 200 40
3.600000 -3.900000 -0.045899 230 200 40
3.700000 -3.900000 -0.045747 230 200 40
3.800000 -3.900000 -0.045291 230 200 40
3.900000 -3.900000 -0.045151 230 200 40
4.000000 -3.900000 -0.045332 230 200 40
4.100000 -3.900000 -0.045074 230 200 40
4.200000 -3.900000 -0.045329 230 200 40
4.300000 -3.900000 -0.046227 230 200 40
4.400000 -3.900000 -0.029864 220 40 40
4.500000 -3.900000 0.013757 220 40 40
4.600000 -3.900000 0.143847 220 40 40
4.700000 -3.900000 0.131593 220 40 40
4.800000 -3.900000 0.052434 220 40 40
4.900000 -3.900000 -0.010753 220 40 40
5.000000 -3.900000 -0.004105 230 200 40
5.100000 -3.900000 -0.034637 220 40 40
5.200000 -3.900000 -0.045866 220 40 40
-5.100000 -3.800000 -0.047023 220 40 40
-5.000000 -3.800000 -0.047260 60 200 60
-4.900000 -3.800000 -0.047285 230 200 40
-4.800000 -3.800000 -0.047287 220 40 40
-4.700000 -3.800000 -0.047290 220 40 40
-4.600000 -3.800000 -0.047297 220 40 40
-4.500000 -3.800000 -0.047305 220 40 40
-4.400000 -3.800000 -0.047306 220 40 40
-4.300000 -3.800000 -0.047308 220 40 40
-4.200000 -3.800000 -0.047343 220 40 40
-4.100000 -3.800000 -0.047357 60 200 60
-4.000000 -3.800000 -0.047356 60 200 60
-3.900000 -3.800000 -0.047356 60 200 60
-3.800000 -3.800000 -0.047356 60 200 60
-3.700000 -3.800000 -0.047356 60 200 60
-3.600000 -3.800000 -0.047357 60 200 60
-3.500000 -3.800000 -0.047357 60 200 60
-3.400000 -3.800000 -0.047357 60 200 60
-3.300000 -3.800000 -0.047357 60 200 60
-3.200000 -3.800000 -0.047358 60 200 60
-3.100000 -3.800000 -0.047358 60 200 60
-3.000000 -3.800000 -0.047358 60 200 60
-2.900000 -3.800000 -0.047356 60 200 60
-2.800000 -3.800000 -0.047356 60 200 60
-2.700000 -3.800000 -0.047356 60 200 60
-2.600000 -3.800000 -0.047356 60 200 60
-2.500000 -3.800000 -0.047356 60 200 60
-2.400000 -3.800000 -0.047356 60 200 60
-2.300000 -3.800000 -0.047354 60 200 60
-2.200000 -3.800000 -0.047354 60 200 60
-2.100000 -3.800000 -0.047352 60 200 60
-2.000000 -3.800000 -0.047351 60 200 60
-1.900000 -3.800000 -0.047351 60 200 60
-1.800000 -3.800000 -0.047350 60 200 60
-1.700000 -3.800000 -0.047350 60 200 60
-1.600000 -3.800000 -0.047323 230 200 40
1.800000 -3.800000 -0.046586 230 200 40
1.900000 -3.800000 -0.047032 60 200 60
2.000000 -3.800000 -0.047020 60 200 60
2.100000 -3.800000 -0.047042 60 200 60
2.200000 -3.800000 -0.047049 60 200 60
2.300000 -3.800000 -0.047030 60 200 60
2.400000 -3.800000 -0.047039 60 200 60
2.500000 -3.800000 -0.047025 60 200 60
2.600000 -3.800000 -0.047025 60 200 60
2.700000 -3.800000 -0.047025 60 200 60
2.800000 -3.800000 -0.047009 60 200 60
2.900000 -3.800000 -0.047008 60 200 60
3.000000 -3.800000 -0.047008 60 200 60
3.100000 -3.800000 -0.047026 60 200 60
3.200000 -3.800000 -0.046999 60 200 60
3.300000 -3.800000 -0.046998 60 200 60
3.400000 -3.800000 -0.046998 60 200 60
3.500000 -3.800000 -0.046998 60 200 60
3.600000 -3.800000 -0.046998 60 200 60
3.700000 -3.800000 -0.046998 60 200 60
3.800000 -3.800000 -0.047007 60 200 60
3.900000 -3.800000 -0.046986 60 200 60
4.000000 -3.800000 -0.046986 60 200 60
4.100000 -3.800000 -0.046986 60 200 60
4.200000 -3.800000 -0.046994 60 200 60
4.300000 -3.800000 -0.046994 60 200 60
4.400000 -3.800000 -0.047307 60 200 60
4.500000 -3.800000 -0.046959 220 40 40
4.600000 -3.800000 -0.046945 220 40 40
4.700000 -3.800000 -0.046980 220 40 40
4.800000 -3.800000 -0.046863 220 40 40
4.900000 -3.800000 -0.046862 230 200 40
5.000000 -3.800000 -0.046365 230 200 40
5.100000 -3.800000 -0.046245 220 40 40
-5.100000 -3.700000 -0.047030 220 40 40
-5.000000 -3.700000 -0.047262 60 200 60
-4.900000 -3.700000 -0.047287 60 200 60
-4.800000 -3.700000 -0.047289 60 200 60
-4.700000 -3.700000 -0.047291 60 200 60
-4.600000 -3.700000 -0.047299 60 200 60
-4.500000 -3.700000 -0.047306 60 200 60
-4.400000 -3.700000 -0.047308 60 200 60
-4.300000 -3.700000 -0.047309 60 200 60
-4.200000 -3.700000 -0.047349 60 200 60
-4.100000 -3.700000 -0.047360 60 200 60
-4.000000 -3.700000 -0.047360 60 200 60
-3.900000 -3.700000 -0.047360 60 200 60
-3.800000 -3.700000 -0.047359 60 200 60
-3.700000 -3.700000 -0.047359 60 200 60
-3.600000 -3.700000 -0.047359 60 200 60
-3.500000 -3.700000 -0.047358 60 200 60
-3.400000 -3.700000 -0.047358 60 200 60
-3.300000 -3.700000 -0.047358 60 200 60
-3.200000 -3.700000 -0.047358 60 200 60
-3.100000 -3.700000 -0.047358 60 200 60
-3.000000 -3.700000 -0.047358 60 200 60
-2.900000 -3.700000 -0.047358 60 200 60
-2.800000 -3.700000 -0.047358 60 200 60
-2.700000 -3.700000 -0.047358 60 200 60
-2.600000 -3.700000 -0.047357 60 200 60
-2.500000 -3.700000 -0.047357 60 200 60
-2.400000 -3.700000 -0.047357 60 200 60
-2.300000 -3.700000 -0.047357 60 200 60
-2.200000 -3.700000 -0.047357 60 200 60
-2.100000 -3.700000 -0.047354 60 200 60
-2.000000 -3.700000 -0.047354 60 200 60
-1.900000 -3.700000 -0.047354 60 200 60
-1.800000 -3.700000 -0.047354 60 200 60
-1.700000 -3.700000 -0.047354 60 200 60
-1.600000 -3.700000 -0.047355 230 200 40
1.800000 -3.700000 -0.046588 230 200 40
1.900000 -3.700000 -0.047008 60 200 60
2.000000 -3.700000 -0.047011 60 200 60
2.100000 -3.700000 -0.047029 60 200 60
2.200000 -3.700000 -0.047028 60 200 60
2.300000 -3.700000 -0.047013 60 200 60
2.400000 -3.700000 -0.047012 60 200 60
2.500000 -3.700000 -0.047012 60 200 60
2.600000 -3.700000 -0.047020 60 200 60
2.700000 -3.700000 -0.047009 60 200 60
2.800000 -3.700000 -0.047008 60 200 60
2.900000 -3.700000 -0.047008 60 200 60
3.000000 -3.700000 -0.047008 60 200 60
3.100000 -3.700000 -0.047015 60 200 60
3.200000 -3.700000 -0.047014 60 200 60
3.300000 -3.700000 -0.047014 60 200 60
3.400000 -3.700000 -0.047021 60 200 60
3.500000 -3.700000 -0.047021 60 200 60
3.600000 -3.700000 -0.047021 60 200 60
3.700000 -3.700000 -0.047007 60 200 60
3.800000 -3.700000 -0.047006 60 200 60
3.900000 -3.700000 -0.046999 60 200 60
4.000000 -3.700000 -0.046998 60 200 60
4.100000 -3.700000 -0.046998 60 200 60
4.200000 -3.700000 -0.046997 60 200 60
4.300000 -3.700000 -0.046997 60 200 60
4.400000 -3.700000 -0.047356 60 200 60
4.500000 -3.700000 -0.046961 60 200 60
4.600000 -3.700000 -0.046946 60 200 60
4.700000 -3.700000 -0.046983 60 200 60
4.800000 -3.700000 -0.046865 60 200 60
4.900000 -3.700000 -0.046907 60 200 60
5.000000 -3.700000 -0.046370 60 200 60
5.100000 -3.700000 -0.045902 220 40 40
-5.100000 -3.600000 -0.047037 220 40 40
-5.000000 -3.600000 -0.047265 60 200 60
-4.900000 -3.600000 -0.047288 60 200 60
-4.800000 -3.600000 -0.047291 60 200 60
-4.700000 -3.600000 -0.047293 60 200 60
-4.600000 -3.600000 -0.047300 60 200 60
-4.500000 -3.600000 -0.047308 60 200 60
-4.400000 -3.600000 -0.047309 60 200 60
-4.300000 -3.600000 -0.047311 60 200 60
-4.200000 -3.600000 -0.047351 60 200 60
-4.100000 -3.600000 -0.047360 60 200 60
-4.000000 -3.600000 -0.047361 60 200 60
-3.900000 -3.600000 -0.047361 60 200 60
-3.800000 -3.600000 -0.047361 60 200 60
-3.700000 -3.600000 -0.047361 60 200 60
-3.600000 -3.600000 -0.047361 60 200 60
-3.500000 -3.600000 -0.047361 60 200 60
-3.400000 -3.600000 -0.047361 60 200 60
-3.300000 -3.600000 -0.047361 60 200 60
-3.200000 -3.600000 -0.047361 60 200 60
-3.100000 -3.600000 -0.047360 60 200 60
-3.000000 -3.600000 -0.047360 60 200 60
-2.900000 -3.600000 -0.047360 60 200 60
-2.800000 -3.600000 -0.047360 60 200 60
-2.700000 -3.600000 -0.047360 60 200 60
-2.600000 -3.600000 -0.047360 60 200 60
-2.500000 -3.600000 -0.047360 60 200 60
-2.400000 -3.600000 -0.047359 60 200 60
-2.300000 -3.600000 -0.047359 60 200 60
-2.200000 -3.600000 -0.047359 60 200 60
-2.100000 -3.600000 -0.047355 60 200 60
-2.000000 -3.600000 -0.047355 60 200 60
-1.900000 -3.600000 -0.047355 60 200 60
-1.800000 -3.600000 -0.047355 60 200 60
-1.700000 -3.600000 -0.047355 60 200 60
-1.600000 -3.600000 -0.047362 60 200 60
-1.500000 -3.600000 -0.046843 220 40 40
1.600000 -3.600000 -0.046142 220 40 40
1.700000 -3.600000 -0.046997 220 40 40
1.800000 -3.600000 -0.046801 60 200 60
1.900000 -3.600000 -0.046977 60 200 60
2.000000 -3.600000 -0.046963 60 200 60
2.100000 -3.600000 -0.046980 60 200 60
2.200000 -3.600000 -0.046991 60 200 60
2.300000 -3.600000 -0.046986 60 200 60
2.400000 -3.600000 -0.046986 60 200 60
2.500000 -3.600000 -0.046986 60 200 60
2.600000 -3.600000 -0.046986 60 200 60
2.700000 -3.600000 -0.046986 60 200 60
2.800000 -3.600000 -0.046985 60 200 60
2.900000 -3.600000 -0.046985 60 200 60
3.000000 -3.600000 -0.046985 60 200 60
3.100000 -3.600000 -0.046985 60 200 60
3.200000 -3.600000 -0.046985 60 200 60
3.300000 -3.600000 -0.046992 60 200 60
3.400000 -3.600000 -0.046984 60 200 60
3.500000 -3.600000 -0.046983 60 200 60
3.600000 -3.600000 -0.046983 60 200 60
3.700000 -3.600000 -0.046989 60 200 60
3.800000 -3.600000 -0.046989 60 200 60
3.900000 -3.600000 -0.046978 60 200 60
4.000000 -3.600000 -0.046977 60 200 60
4.100000 -3.600000 -0.046977 60 200 60
4.200000 -3.600000 -0.046982 60 200 60
4.300000 -3.600000 -0.046968 60 200 60
4.400000 -3.600000 -0.047406 60 200 60
4.500000 -3.600000 -0.046962 60 200 60
4.600000 -3.600000 -0.046948 60 200 60
4.700000 -3.600000 -0.046985 60 200 60
4.800000 -3.600000 -0.046867 60 200 60
4.900000 -3.600000 -0.046710 60 200 60
5.000000 -3.600000 -0.046265 220 40 40
5.100000 -3.600000 -0.045916 220 40 40
-5.100000 -3.500000 -0.047043 220 40 40
-5.000000 -3.500000 -0.047239 60 200 60
-4.900000 -3.500000 -0.047290 60 200 60
-4.800000 -3.500000 -0.047292 60 200 60
-4.700000 -3.500000 -0.047294 60 200 60
-4.600000 -3.500000 -0.047301 60 200 60
-4.500000 -3.500000 -0.047309 60 200 60
-4.400000 -3.500000 -0.047310 60 200 60
-4.300000 -3.500000 -0.047314 60 200 60
-4.200000 -3.500000 -0.047352 60 200 60
-4.100000 -3.500000 -0.047362 60 200 60
-4.000000 -3.500000 -0.047362 60 200 60
-3.900000 -3.500000 -0.047362 60 200 60
-3.800000 -3.500000 -0.047362 60 200 60
-3.700000 -3.500000 -0.047361 60 200 60
-3.600000 -3.500000 -0.047361 60 200 60
-3.500000 -3.500000 -0.047361 60 200 60
-3.400000 -3.500000 -0.047361 60 200 60
-3.300000 -3.500000 -0.047361 60 200 60
-3.200000 -3.500000 -0.047361 60 200 60
-3.100000 -3.500000 -0.047361 60 200 60
-3.000000 -3.500000 -0.047361 60 200 60
-2.900000 -3.500000 -0.047359 60 200 60
-2.800000 -3.500000 -0.047359 60 200 60
-2.700000 -3.500000 -0.047359 60 200 60
-2.600000 -3.500000 -0.047361 60 200 60
-2.500000 -3.500000 -0.047360 60 200 60
-2.400000 -3.500000 -0.047360 60 200 60
-2.300000 -3.500000 -0.047360 60 200 60
-2.200000 -3.500000 -0.047360 60 200 60
-2.100000 -3.500000 -0.047358 60 200 60
-2.000000 -3.500000 -0.047358 60 200 60
-1.900000 -3.500000 -0.047360 60 200 60
-1.800000 -3.500000 -0.047359 60 200 60
-1.700000 -3.500000 -0.047357 60 200 60
-1.600000 -3.500000 -0.047372 60 200 60
-1.500000 -3.500000 -0.047100 220 40 40
-1.400000 -3.500000 -0.046833 220 40 40
1.600000 -3.500000 -0.046150 220 40 40
1.700000 -3.500000 -0.046877 60 200 60
1.800000 -3.500000 -0.046845 60 200 60
1.900000 -3.500000 -0.046957 60 200 60
2.000000 -3.500000 -0.046945 60 200 60
2.100000 -3.500000 -0.046961 60 200 60
2.200000 -3.500000 -0.046972 60 200 60
2.300000 -3.500000 -0.046962 60 200 60
2.400000 -3.500000 -0.046962 60 200 60
2.500000 -3.500000 -0.046962 60 200 60
2.600000 -3.500000 -0.046971 60 200 60
2.700000 -3.500000 -0.046971 60 200 60
2.800000 -3.500000 -0.046971 60 200 60
2.900000 -3.500000 -0.046966 60 200 60
3.000000 -3.500000 -0.046966 60 200 60
3.100000 -3.500000 -0.046940 60 200 60
3.200000 -3.500000 -0.046948 60 200 60
3.300000 -3.500000 -0.046948 60 200 60
3.400000 -3.500000 -0.046948 60 200 60
3.500000 -3.500000 -0.046954 60 200 60
3.600000 -3.500000 -0.046954 60 200 60
3.700000 -3.500000 -0.046959 60 200 60
3.800000 -3.500000 -0.046958 60 200 60
3.900000 -3.500000 -0.046962 60 200 60
4.000000 -3.500000 -0.046962 60 200 60
4.100000 -3.500000 -0.046962 60 200 60
4.200000 -3.500000 -0.046974 60 200 60
4.300000 -3.500000 -0.046960 60 200 60
4.400000 -3.500000 -0.047445 60 200 60
4.500000 -3.500000 -0.046964 60 200 60
4.600000 -3.500000 -0.046950 60 200 60
4.700000 -3.500000 -0.046987 60 200 60
4.800000 -3.500000 -0.046870 60 200 60
4.900000 -3.500000 -0.046712 60 200 60
5.000000 -3.500000 -0.046272 220 40 40
5.100000 -3.500000 -0.045928 220 40 40
-5.100000 -3.400000 -0.047049 220 40 40
-5.000000 -3.400000 -0.047241 60 200 60
-4.900000 -3.400000 -0.047291 60 200 60
-4.800000 -3.400000 -0.047293 60 200 60
-4.700000 -3.400000 -0.047296 60 200 60
-4.600000 -3.400000 -0.047303 60 200 60
-4.500000 -3.400000 -0.047310 60 200 60
-4.400000 -3.400000 -0.047311 60 200 60
-4.300000 -3.400000 -0.047315 60 200 60
-4.200000 -3.400000 -0.047353 60 200 60
-4.100000 -3.400000 -0.047361 60 200 60
-4.000000 -3.400000 -0.047361 60 200 60
-3.900000 -3.400000 -0.047361 60 200 60
-3.800000 -3.400000 -0.047361 60 200 60
-3.700000 -3.400000 -0.047361 60 200 60
-3.600000 -3.400000 -0.047361 60 200 60
-3.500000 -3.400000 -0.047361 60 200 60
-3.400000 -3.400000 -0.047361 60 200 60
-3.300000 -3.400000 -0.047361 60 200 60
-3.200000 -3.400000 -0.047361 60 200 60
-3.100000 -3.400000 -0.047362 60 200 60
-3.000000 -3.400000 -0.047361 60 200 60
-2.900000 -3.400000 -0.047361 60 200 60
-2.800000 -3.400000 -0.047361 60 200 60
-2.700000 -3.400000 -0.047361 60 200 60
-2.600000 -3.400000 -0.047361 60 200 60
-2.500000 -3.400000 -0.047361 60 200 60
-2.400000 -3.400000 -0.047363 60 200 60
-2.300000 -3.400000 -0.047361 60 200 60
-2.200000 -3.400000 -0.047360 60 200 60
-2.100000 -3.400000 -0.047359 60 200 60
-2.000000 -3.400000 -0.047359 60 200 60
-1.900000 -3.400000 -0.047359 60 200 60
-1.800000 -3.400000 -0.047359 60 200 60
-1.700000 -3.400000 -0.047359 60 200 60
-1.600000 -3.400000 -0.047376 60 200 60
-1.500000 -3.400000 -0.047192 60 200 60
-1.400000 -3.400000 -0.047104 220 40 40
1.200000 -3.400000 -0.041425 220 40 40
1.300000 -3.400000 -0.043818 230 200 40
1.400000 -3.400000 -0.044582 230 200 40
1.500000 -3.400000 -0.044428 230 200 40
1.600000 -3.400000 -0.044848 60 200 60
1.700000 -3.400000 -0.045352 60 200 60
1.800000 -3.400000 -0.047871 60 200 60
1.900000 -3.400000 -0.047878 60 200 60
2.000000 -3.400000 -0.047878 60 200 60
2.100000 -3.400000 -0.047876 60 200 60
2.200000 -3.400000 -0.047876 60 200 60
2.300000 -3.400000 -0.047876 60 200 60
2.400000 -3.400000 -0.047876 60 200 60
2.500000 -3.400000 -0.047876 60 200 60
2.600000 -3.400000 -0.047876 60 200 60
2.700000 -3.400000 -0.047876 60 200 60
2.800000 -3.400000 -0.047874 60 200 60
2.900000 -3.400000 -0.046955 60 200 60
3.000000 -3.400000 -0.046955 60 200 60
3.100000 -3.400000 -0.046954 60 200 60
3.200000 -3.400000 -0.046954 60 200 60
3.300000 -3.400000 -0.046954 60 200 60
3.400000 -3.400000 -0.046954 60 200 60
3.500000 -3.400000 -0.046949 60 200 60
3.600000 -3.400000 -0.046949 60 200 60
3.700000 -3.400000 -0.046953 60 200 60
3.800000 -3.400000 -0.046953 60 200 60
3.900000 -3.400000 -0.046956 60 200 60
4.000000 -3.400000 -0.046956 60 200 60
4.100000 -3.400000 -0.046960 60 200 60
4.200000 -3.400000 -0.046960 60 200 60
4.300000 -3.400000 -0.046920 60 200 60
4.400000 -3.400000 -0.047446 60 200 60
4.500000 -3.400000 -0.046965 60 200 60
4.600000 -3.400000 -0.046951 60 200 60
4.700000 -3.400000 -0.046989 60 200 60
4.800000 -3.400000 -0.046872 60 200 60
4.900000 -3.400000 -0.046445 60 200 60
5.000000 -3.400000 -0.046277 220 40 40
5.100000 -3.400000 -0.045939 220 40 40
-5.100000 -3.300000 -0.047054 220 40 40
-5.000000 -3.300000 -0.047214 60 200 60
-4.900000 -3.300000 -0.047292 60 200 60
-4.800000 -3.300000 -0.047295 60 200 60
-4.700000 -3.300000 -0.047297 60 200 60
-4.600000 -3.300000 -0.047304 60 200 60
-4.500000 -3.300000 -0.047311 60 200 60
-4.400000 -3.300000 -0.047312 60 200 60
-4.300000 -3.300000 -0.047324 60 200 60
-4.200000 -3.300000 -0.047352 60 200 60
-4.100000 -3.300000 -0.047356 60 200 60
-4.000000 -3.300000 -0.047356 60 200 60
-3.900000 -3.300000 -0.047356 60 200 60
-3.800000 -3.300000 -0.047356 60 200 60
-3.700000 -3.300000 -0.047356 60 200 60
-3.600000 -3.300000 -0.047360 60 200 60
-3.500000 -3.300000 -0.047360 60 200 60
-3.400000 -3.300000 -0.047361 60 200 60
-3.300000 -3.300000 -0.047361 60 200 60
-3.200000 -3.300000 -0.047361 60 200 60
-3.100000 -3.300000 -0.047361 60 200 60
-3.000000 -3.300000 -0.047361 60 200 60
-2.900000 -3.300000 -0.047359 60 200 60
-2.800000 -3.300000 -0.047359 60 200 60
-2.700000 -3.300000 -0.047359 60 200 60
-2.600000 -3.300000 -0.047361 60 200 60
-2.500000 -3.300000 -0.047361 60 200 60
-2.400000 -3.300000 -0.047361 60 200 60
-2.300000 -3.300000 -0.047361 60 200 60
-2.200000 -3.300000 -0.047360 60 200 60
-2.100000 -3.300000 -0.047359 60 200 60
-2.000000 -3.300000 -0.047359 60 200 60
-1.900000 -3.300000 -0.047360 60 200 60
-1.800000 -3.300000 -0.047359 60 200 60
-1.700000 -3.300000 -0.047359 60 200 60
-1.600000 -3.300000 -0.047373 60 200 60
-1.500000 -3.300000 -0.047238 60 200 60
-1.400000 -3.300000 -0.047196 230 200 40
1.100000 -3.300000 -0.047006 230 200 40
1.200000 -3.300000 -0.045335 60 200 60
1.300000 -3.300000 -0.045567 60 200 60
1.400000 -3.300000 -0.045682 60 200 60
1.500000 -3.300000 -0.045591 60 200 60
1.600000 -3.300000 -0.045681 60 200 60
1.700000 -3.300000 -0.045921 60 200 60
1.800000 -3.300000 -0.047855 60 200 60
1.900000 -3.300000 -0.047879 60 200 60
2.000000 -3.300000 -0.047879 60 200 60
2.100000 -3.300000 -0.047878 60 200 60
2.200000 -3.300000 -0.047877 60 200 60
2.300000 -3.300000 -0.047877 60 200 60
2.400000 -3.300000 -0.047877 60 200 60
2.500000 -3.300000 -0.047877 60 200 60
2.600000 -3.300000 -0.047878 60 200 60
2.700000 -3.300000 -0.047878 60 200 60
2.800000 -3.300000 -0.047877 60 200 60
2.900000 -3.300000 -0.047878 60 200 60
3.000000 -3.300000 -0.047877 60 200 60
3.100000 -3.300000 -0.047877 60 200 60
3.200000 -3.300000 -0.047878 60 200 60
3.300000 -3.300000 -0.047878 60 200 60
3.400000 -3.300000 -0.047878 60 200 60
3.500000 -3.300000 -0.047878 60 200 60
3.600000 -3.300000 -0.046961 60 200 60
3.700000 -3.300000 -0.046965 60 200 60
3.800000 -3.300000 -0.046965 60 200 60
3.900000 -3.300000 -0.046969 60 200 60
4.000000 -3.300000 -0.046969 60 200 60
4.100000 -3.300000 -0.046961 60 200 60
4.200000 -3.300000 -0.046960 60 200 60
4.300000 -3.300000 -0.046948 60 200 60
4.400000 -3.300000 -0.047409 60 200 60
4.500000 -3.300000 -0.046891 60 200 60
4.600000 -3.300000 -0.046952 60 200 60
4.700000 -3.300000 -0.046990 60 200 60
4.800000 -3.300000 -0.046874 60 200 60
4.900000 -3.300000 -0.046448 60 200 60
5.000000 -3.300000 -0.046283 220 40 40
5.100000 -3.300000 -0.045950 220 40 40
-5.100000 -3.200000 -0.046721 220 40 40
-5.000000 -3.200000 -0.047216 60 200 60
-4.900000 -3.200000 -0.047294 60 200 60
-4.800000 -3.200000 -0.047296 60 200 60
-4.700000 -3.200000 -0.047298 60 200 60
-4.600000 -3.200000 -0.047305 60 200 60
-4.500000 -3.200000 -0.047312 60 200 60
-4.400000 -3.200000 -0.047313 60 200 60
-4.300000 -3.200000 -0.047324 60 200 60
-4.200000 -3.200000 -0.047353 60 200 60
-4.100000 -3.200000 -0.047356 60 200 60
-4.000000 -3.200000 -0.047356 60 200 60
-3.900000 -3.200000 -0.047356 60 200 60
-3.800000 -3.200000 -0.047356 60 200 60
-3.700000 -3.200000 -0.047356 60 200 60
-3.600000 -3.200000 -0.047356 60 200 60
-3.500000 -3.200000 -0.047356 60 200 60
-3.400000 -3.200000 -0.047357 60 200 60
-3.300000 -3.200000 -0.047357 60 200 60
-3.200000 -3.200000 -0.047358 60 200 60
-3.100000 -3.200000 -0.047358 60 200 60
-3.000000 -3.200000 -0.047358 60 200 60
-2.900000 -3.200000 -0.047358 60 200 60
-2.800000 -3.200000 -0.047358 60 200 60
-2.700000 -3.200000 -0.047357 60 200 60
-2.600000 -3.200000 -0.047357 60 200 60
-2.500000 -3.200000 -0.047357 60 200 60
-2.400000 -3.200000 -0.047357 60 200 60
-2.300000 -3.200000 -0.047357 60 200 60
-2.200000 -3.200000 -0.047356 60 200 60
-2.100000 -3.200000 -0.047355 60 200 60
-2.000000 -3.200000 -0.047355 60 200 60
-1.900000 -3.200000 -0.047355 60 200 60
-1.800000 -3.200000 -0.047355 60 200 60
-1.700000 -3.200000 -0.047355 60 200 60
-1.600000 -3.200000 -0.047375 60 200 60
-1.500000 -3.200000 -0.047261 60 200 60
-1.400000 -3.200000 -0.047235 60 200 60
-1.300000 -3.200000 -0.047116 230 200 40
-1.200000 -3.200000 -0.047114 220 40 40
0.800000 -3.200000 -0.047014 230 200 40
0.900000 -3.200000 -0.047015 230 200 40
1.000000 -3.200000 -0.047298 230 200 40
1.100000 -3.200000 -0.047126 60 200 60
1.200000 -3.200000 -0.046130 60 200 60
1.300000 -3.200000 -0.046149 60 200 60
1.400000 -3.200000 -0.046149 60 200 60
1.500000 -3.200000 -0.046082 60 200 60
1.600000 -3.200000 -0.046087 60 200 60
1.700000 -3.200000 -0.046226 60 200 60
1.800000 -3.200000 -0.047845 60 200 60
1.900000 -3.200000 -0.047880 60 200 60
2.000000 -3.200000 -0.047878 60 200 60
2.100000 -3.200000 -0.047879 60 200 60
2.200000 -3.200000 -0.047878 60 200 60
2.300000 -3.200000 -0.047878 60 200 60
2.400000 -3.200000 -0.047879 60 200 60
2.500000 -3.200000 -0.047878 60 200 60
2.600000 -3.200000 -0.047879 60 200 60
2.700000 -3.200000 -0.047878 60 200 60
2.800000 -3.200000 -0.047879 60 200 60
2.900000 -3.200000 -0.047879 60 200 60
3.000000 -3.200000 -0.047879 60 200 60
3.100000 -3.200000 -0.047878 60 200 60
3.200000 -3.200000 -0.047878 60 200 60
3.300000 -3.200000 -0.047878 60 200 60
3.400000 -3.200000 -0.047879 60 200 60
3.500000 -3.200000 -0.047879 60 200 60
3.600000 -3.200000 -0.046982 60 200 60
3.700000 -3.200000 -0.046986 60 200 60
3.800000 -3.200000 -0.046986 60 200 60
3.900000 -3.200000 -0.046990 60 200 60
4.000000 -3.200000 -0.046964 60 200 60
4.100000 -3.200000 -0.046968 60 200 60
4.200000 -3.200000 -0.046968 60 200 60
4.300000 -3.200000 -0.046956 60 200 60
4.400000 -3.200000 -0.047310 60 200 60
4.500000 -3.200000 -0.046892 60 200 60
4.600000 -3.200000 -0.046953 60 200 60
4.700000 -3.200000 -0.046991 60 200 60
4.800000 -3.200000 -0.046876 60 200 60
4.900000 -3.200000 -0.046450 60 200 60
5.000000 -3.200000 -0.046287 220 40 40
5.100000 -3.200000 -0.045960 220 40 40
-5.100000 -3.100000 -0.046730 220 40 40
-5.000000 -3.100000 -0.047218 60 200 60
-4.900000 -3.100000 -0.047295 60 200 60
-4.800000 -3.100000 -0.047297 60 200 60
-4.700000 -3.100000 -0.047299 60 200 60
-4.600000 -3.100000 -0.047306 60 200 60
-4.500000 -3.100000 -0.047313 60 200 60
-4.400000 -3.100000 -0.047314 60 200 60
-4.300000 -3.100000 -0.047325 60 200 60
-4.200000 -3.100000 -0.047354 60 200 60
-4.100000 -3.100000 -0.047342 60 200 60
-4.000000 -3.100000 -0.047351 60 200 60
-3.900000 -3.100000 -0.047351 60 200 60
-3.800000 -3.100000 -0.047349 60 200 60
-3.700000 -3.100000 -0.047349 60 200 60
-3.600000 -3.100000 -0.047350 60 200 60
-3.500000 -3.100000 -0.047350 60 200 60
-3.400000 -3.100000 -0.047350 60 200 60
-3.300000 -3.100000 -0.047350 60 200 60
-3.200000 -3.100000 -0.047351 60 200 60
-3.100000 -3.100000 -0.047351 60 200 60
-3.000000 -3.100000 -0.047351 60 200 60
-2.900000 -3.100000 -0.047351 60 200 60
-2.800000 -3.100000 -0.047351 60 200 60
-2.700000 -3.100000 -0.047351 60 200 60
-2.600000 -3.100000 -0.047351 60 200 60
-2.500000 -3.100000 -0.047351 60 200 60
-2.400000 -3.100000 -0.047352 60 200 60
-2.300000 -3.100000 -0.047352 60 200 60
-2.200000 -3.100000 -0.047351 60 200 60
-2.100000 -3.100000 -0.047350 60 200 60
-2.000000 -3.100000 -0.047350 60 200 60
-1.900000 -3.100000 -0.047348 60 200 60
-1.800000 -3.100000 -0.047348 60 200 60
-1.700000 -3.100000 -0.047354 60 200 60
-1.600000 -3.100000 -0.047358 60 200 60
-1.500000 -3.100000 -0.047287 60 200 60
-1.400000 -3.100000 -0.047253 60 200 60
-1.300000 -3.100000 -0.047215 60 200 60
-1.200000 -3.100000 -0.047213 60 200 60
-1.100000 -3.100000 -0.047136 230 200 40
0.600000 -3.100000 -0.047013 230 200 40
0.700000 -3.100000 -0.047016 230 200 40
0.800000 -3.100000 -0.047128 60 200 60
0.900000 -3.100000 -0.047130 60 200 60
1.000000 -3.100000 -0.047276 60 200 60
1.100000 -3.100000 -0.047166 60 200 60
1.200000 -3.100000 -0.046474 60 200 60
1.300000 -3.100000 -0.046443 60 200 60
1.400000 -3.100000 -0.046408 60 200 60
1.500000 -3.100000 -0.046354 60 200 60
1.600000 -3.100000 -0.046329 60 200 60
1.700000 -3.100000 -0.046420 60 200 60
1.800000 -3.100000 -0.047830 60 200 60
1.900000 -3.100000 -0.047880 60 200 60
2.000000 -3.100000 -0.047879 60 200 60
2.100000 -3.100000 -0.047879 60 200 60
2.200000 -3.100000 -0.047879 60 200 60
2.300000 -3.100000 -0.047879 60 200 60
2.400000 -3.100000 -0.047879 60 200 60
2.500000 -3.100000 -0.047879 60 200 60
2.600000 -3.100000 -0.047879 60 200 60
2.700000 -3.100000 -0.047879 60 200 60
2.800000 -3.100000 -0.047879 60 200 60
2.900000 -3.100000 -0.047879 60 200 60
3.000000 -3.100000 -0.047879 60 200 60
3.100000 -3.100000 -0.047879 60 200 60
3.200000 -3.100000 -0.047879 60 200 60
3.300000 -3.100000 -0.047880 60 200 60
3.400000 -3.100000 -0.047880 60 200 60
3.500000 -3.100000 -0.047880 60 200 60
3.600000 -3.100000 -0.046984 60 200 60
3.700000 -3.100000 -0.046988 60 200 60
3.800000 -3.100000 -0.046992 60 200 60
3.900000 -3.100000 -0.046992 60 200 60
4.000000 -3.100000 -0.046992 60 200 60
4.100000 -3.100000 -0.046996 60 200 60
4.200000 -3.100000 -0.046975 60 200 60
4.300000 -3.100000 -0.046973 60 200 60
4.400000 -3.100000 -0.047215 60 200 60
4.500000 -3.100000 -0.046893 60 200 60
4.600000 -3.100000 -0.046955 60 200 60
4.700000 -3.100000 -0.046877 60 200 60
4.800000 -3.100000 -0.046877 60 200 60
4.900000 -3.100000 -0.046396 60 200 60
5.000000 -3.100000 -0.046291 220 40 40
5.100000 -3.100000 -0.045968 220 40 40
-5.000000 -3.000000 -0.047220 230 200 40
-4.900000 -3.000000 -0.047296 60 200 60
-4.800000 -3.000000 -0.047298 60 200 60
-4.700000 -3.000000 -0.047300 60 200 60
-4.600000 -3.000000 -0.047306 60 200 60
-4.500000 -3.000000 -0.047313 60 200 60
-4.400000 -3.000000 -0.047315 60 200 60
-4.300000 -3.000000 -0.047326 60 200 60
-4.200000 -3.000000 -0.047351 60 200 60
-4.100000 -3.000000 -0.047369 60 200 60
-4.000000 -3.000000 -0.047369 60 200 60
-3.900000 -3.000000 -0.047369 60 200 60
-3.800000 -3.000000 -0.047367 60 200 60
-3.700000 -3.000000 -0.047367 60 200 60
-3.600000 -3.000000 -0.047367 60 200 60
-3.500000 -3.000000 -0.047367 60 200 60
-3.400000 -3.000000 -0.047367 60 200 60
-3.300000 -3.000000 -0.047367 60 200 60
-3.200000 -3.000000 -0.047368 60 200 60
-3.100000 -3.000000 -0.047344 60 200 60
-3.000000 -3.000000 -0.047344 60 200 60
-2.900000 -3.000000 -0.047344 60 200 60
-2.800000 -3.000000 -0.047344 60 200 60
-2.700000 -3.000000 -0.047344 60 200 60
-2.600000 -3.000000 -0.047344 60 200 60
-2.500000 -3.000000 -0.047344 60 200 60
-2.400000 -3.000000 -0.047344 60 200 60
-2.300000 -3.000000 -0.047342 60 200 60
-2.200000 -3.000000 -0.047339 60 200 60
-2.100000 -3.000000 -0.047339 60 200 60
-2.000000 -3.000000 -0.047339 60 200 60
-1.900000 -3.000000 -0.047340 60 200 60
-1.800000 -3.000000 -0.047339 60 200 60
-1.700000 -3.000000 -0.047339 60 200 60
-1.600000 -3.000000 -0.047345 60 200 60
-1.500000 -3.000000 -0.047300 60 200 60
-1.400000 -3.000000 -0.047290 60 200 60
-1.300000 -3.000000 -0.047271 60 200 60
-1.200000 -3.000000 -0.047269 60 200 60
-1.100000 -3.000000 -0.047141 230 200 40
0.200000 -3.000000 -0.047210 230 200 40
0.300000 -3.000000 -0.047493 230 200 40
0.400000 -3.000000 -0.047491 230 200 40
0.500000 -3.000000 -0.047497 230 200 40
0.600000 -3.000000 -0.047371 60 200 60
0.700000 -3.000000 -0.047374 60 200 60
0.800000 -3.000000 -0.047331 60 200 60
0.900000 -3.000000 -0.047331 60 200 60
1.000000 -3.000000 -0.047406 60 200 60
1.100000 -3.000000 -0.047307 60 200 60
1.200000 -3.000000 -0.046772 60 200 60
1.300000 -3.000000 -0.046714 60 200 60
1.400000 -3.000000 -0.046661 60 200 60
1.500000 -3.000000 -0.046614 60 200 60
1.600000 -3.000000 -0.046571 60 200 60
1.700000 -3.000000 -0.046627 60 200 60
1.800000 -3.000000 -0.047933 60 200 60
1.900000 -3.000000 -0.047881 60 200 60
2.000000 -3.000000 -0.047880 60 200 60
2.100000 -3.000000 -0.047880 60 200 60
2.200000 -3.000000 -0.047880 60 200 60
2.300000 -3.000000 -0.047880 60 200 60
2.400000 -3.000000 -0.047880 60 200 60
2.500000 -3.000000 -0.047880 60 200 60
2.600000 -3.000000 -0.047880 60 200 60
2.700000 -3.000000 -0.047880 60 200 60
2.800000 -3.000000 -0.047880 60 200 60
2.900000 -3.000000 -0.047880 60 200 60
3.000000 -3.000000 -0.047880 60 200 60
3.100000 -3.000000 -0.047880 60 200 60
3.200000 -3.000000 -0.047880 60 200 60
3.300000 -3.000000 -0.047880 60 200 60
3.400000 -3.000000 -0.047881 60 200 60
3.500000 -3.000000 -0.047881 60 200 60
3.600000 -3.000000 -0.046990 60 200 60
3.700000 -3.000000 -0.046994 60 200 60
3.800000 -3.000000 -0.046989 60 200 60
3.900000 -3.000000 -0.046988 60 200 60
4.000000 -3.000000 -0.046988 60 200 60
4.100000 -3.000000 -0.046992 60 200 60
4.200000 -3.000000 -0.046982 60 200 60
4.300000 -3.000000 -0.046980 60 200 60
4.400000 -3.000000 -0.047095 60 200 60
4.500000 -3.000000 -0.046922 60 200 60
4.600000 -3.000000 -0.046996 60 200 60
4.700000 -3.000000 -0.046879 60 200 60
4.800000 -3.000000 -0.046879 60 200 60
4.900000 -3.000000 -0.046398 60 200 60
5.000000 -3.000000 -0.046295 220 40 40
5.100000 -3.000000 -0.045975 220 40 40
-5.000000 -2.900000 -0.047222 230 200 40
-4.900000 -2.900000 -0.047296 60 200 60
-4.800000 -2.900000 -0.047298 60 200 60
-4.700000 -2.900000 -0.047301 60 200 60
-4.600000 -2.900000 -0.047307 60 200 60
-4.500000 -2.900000 -0.047314 60 200 60
-4.400000 -2.900000 -0.047315 60 200 60
-4.300000 -2.900000 -0.047326 60 200 60
-4.200000 -2.900000 -0.047346 60 200 60
-4.100000 -2.900000 -0.047366 60 200 60
-4.000000 -2.900000 -0.047366 60 200 60
-3.900000 -2.900000 -0.047366 60 200 60
-3.800000 -2.900000 -0.047366 60 200 60
-3.700000 -2.900000 -0.047366 60 200 60
-3.600000 -2.900000 -0.047366 60 200 60
-3.500000 -2.900000 -0.047366 60 200 60
-3.400000 -2.900000 -0.047366 60 200 60
-3.300000 -2.900000 -0.047366 60 200 60
-3.200000 -2.900000 -0.047365 60 200 60
-3.100000 -2.900000 -0.047365 60 200 60
-3.000000 -2.900000 -0.047365 60 200 60
-2.900000 -2.900000 -0.047365 60 200 60
-2.800000 -2.900000 -0.047368 60 200 60
-2.700000 -2.900000 -0.047367 60 200 60
-2.600000 -2.900000 -0.047367 60 200 60
-2.500000 -2.900000 -0.047367 60 200 60
-2.400000 -2.900000 -0.047367 60 200 60
-2.300000 -2.900000 -0.047367 60 200 60
-2.200000 -2.900000 -0.047367 60 200 60
-2.100000 -2.900000 -0.047367 60 200 60
-2.000000 -2.900000 -0.047367 60 200 60
-1.900000 -2.900000 -0.047367 60 200 60
-1.800000 -2.900000 -0.047367 60 200 60
-1.700000 -2.900000 -0.047367 60 200 60
-1.600000 -2.900000 -0.047346 60 200 60
-1.500000 -2.900000 -0.047306 60 200 60
-1.400000 -2.900000 -0.047300 60 200 60
-1.300000 -2.900000 -0.047286 60 200 60
-1.200000 -2.900000 -0.047272 60 200 60
-1.100000 -2.900000 -0.047240 60 200 60
-1.000000 -2.900000 -0.046973 220 40 40
-0.900000 -2.900000 -0.046966 220 40 40
0.100000 -2.900000 -0.044632 230 200 40
0.200000 -2.900000 -0.047362 60 200 60
0.300000 -2.900000 -0.047544 60 200 60
0.400000 -2.900000 -0.047517 60 200 60
0.500000 -2.900000 -0.047456 60 200 60
0.600000 -2.900000 -0.047381 60 200 60
0.700000 -2.900000 -0.047358 60 200 60
0.800000 -2.900000 -0.047249 60 200 60
0.900000 -2.900000 -0.047229 60 200 60
1.000000 -2.900000 -0.047213 60 200 60
1.100000 -2.900000 -0.047197 60 200 60
1.200000 -2.900000 -0.046800 60 200 60
1.300000 -2.900000 -0.046653 60 200 60
1.400000 -2.900000 -0.046598 60 200 60
1.500000 -2.900000 -0.046545 60 200 60
1.600000 -2.900000 -0.046500 60 200 60
1.700000 -2.900000 -0.046542 60 200 60
1.800000 -2.900000 -0.047949 60 200 60
1.900000 -2.900000 -0.047932 60 200 60
2.000000 -2.900000 -0.047928 60 200 60
2.100000 -2.900000 -0.047924 60 200 60
2.200000 -2.900000 -0.047923 60 200 60
2.300000 -2.900000 -0.047911 60 200 60
2.400000 -2.900000 -0.047910 60 200 60
2.500000 -2.900000 -0.047910 60 200 60
2.600000 -2.900000 -0.047880 60 200 60
2.700000 -2.900000 -0.047881 60 200 60
2.800000 -2.900000 -0.047880 60 200 60
2.900000 -2.900000 -0.047881 60 200 60
3.000000 -2.900000 -0.047881 60 200 60
3.100000 -2.900000 -0.047881 60 200 60
3.200000 -2.900000 -0.047882 60 200 60
3.300000 -2.900000 -0.047882 60 200 60
3.400000 -2.900000 -0.047882 60 200 60
3.500000 -2.900000 -0.047882 60 200 60
3.600000 -2.900000 -0.047000 60 200 60
3.700000 -2.900000 -0.047004 60 200 60
3.800000 -2.900000 -0.046999 60 200 60
3.900000 -2.900000 -0.046999 60 200 60
4.000000 -2.900000 -0.046998 60 200 60
4.100000 -2.900000 -0.047002 60 200 60
4.200000 -2.900000 -0.046993 60 200 60
4.300000 -2.900000 -0.046999 60 200 60
4.400000 -2.900000 -0.046972 60 200 60
4.500000 -2.900000 -0.046923 60 200 60
4.600000 -2.900000 -0.046997 60 200 60
4.700000 -2.900000 -0.046879 60 200 60
4.800000 -2.900000 -0.046707 60 200 60
4.900000 -2.900000 -0.046400 60 200 60
5.000000 -2.900000 -0.045991 220 40 40
-5.000000 -2.800000 -0.047223 230 200 40
-4.900000 -2.800000 -0.047291 60 200 60
-4.800000 -2.800000 -0.047299 60 200 60
-4.700000 -2.800000 -0.047301 60 200 60
-4.600000 -2.800000 -0.047307 60 200 60
-4.500000 -2.800000 -0.047315 60 200 60
-4.400000 -2.800000 -0.047316 60 200 60
-4.300000 -2.800000 -0.047326 60 200 60
-4.200000 -2.800000 -0.047342 60 200 60
-4.100000 -2.800000 -0.047364 60 200 60
-4.000000 -2.800000 -0.047364 60 200 60
-3.900000 -2.800000 -0.047364 60 200 60
-3.800000 -2.800000 -0.047364 60 200 60
-3.700000 -2.800000 -0.047364 60 200 60
-3.600000 -2.800000 -0.047364 60 200 60
-3.500000 -2.800000 -0.047364 60 200 60
-3.400000 -2.800000 -0.047362 60 200 60
-3.300000 -2.800000 -0.047362 60 200 60
-3.200000 -2.800000 -0.047363 60 200 60
-3.100000 -2.800000 -0.047363 60 200 60
-3.000000 -2.800000 -0.047363 60 200 60
-2.900000 -2.800000 -0.047362 60 200 60
-2.800000 -2.800000 -0.047363 60 200 60
-2.700000 -2.800000 -0.047363 60 200 60
-2.600000 -2.800000 -0.047363 60 200 60
-2.500000 -2.800000 -0.047363 60 200 60
-2.400000 -2.800000 -0.047363 60 200 60
-2.300000 -2.800000 -0.047363 60 200 60
-2.200000 -2.800000 -0.047362 60 200 60
-2.100000 -2.800000 -0.047362 60 200 60
-2.000000 -2.800000 -0.047362 60 200 60
-1.900000 -2.800000 -0.047362 60 200 60
-1.800000 -2.800000 -0.047359 60 200 60
-1.700000 -2.800000 -0.047358 60 200 60
-1.600000 -2.800000 -0.047362 60 200 60
-1.500000 -2.800000 -0.047308 60 200 60
-1.400000 -2.800000 -0.047302 60 200 60
-1.300000 -2.800000 -0.047288 60 200 60
-1.200000 -2.800000 -0.047287 60 200 60
-1.100000 -2.800000 -0.047267 60 200 60
-1.000000 -2.800000 -0.047160 60 200 60
-0.900000 -2.800000 -0.047157 60 200 60
-0.800000 -2.800000 -0.046888 220 40 40
0.100000 -2.800000 -0.040858 230 200 40
0.200000 -2.800000 -0.047392 60 200 60
0.300000 -2.800000 -0.047530 60 200 60
0.400000 -2.800000 -0.047510 60 200 60
0.500000 -2.800000 -0.047490 60 200 60
0.600000 -2.800000 -0.047428 60 200 60
0.700000 -2.800000 -0.047411 60 200 60
0.800000 -2.800000 -0.047346 60 200 60
0.900000 -2.800000 -0.047330 60 200 60
1.000000 -2.800000 -0.047304 60 200 60
1.100000 -2.800000 -0.047290 60 200 60
1.200000 -2.800000 -0.046975 60 200 60
1.300000 -2.800000 -0.046912 60 200 60
1.400000 -2.800000 -0.046851 60 200 60
1.500000 -2.800000 -0.046807 60 200 60
1.600000 -2.800000 -0.046704 60 200 60
1.700000 -2.800000 -0.046726 60 200 60
1.800000 -2.800000 -0.047939 60 200 60
1.900000 -2.800000 -0.047926 60 200 60
2.000000 -2.800000 -0.047923 60 200 60
2.100000 -2.800000 -0.047919 60 200 60
2.200000 -2.800000 -0.047918 60 200 60
2.300000 -2.800000 -0.047921 60 200 60
2.400000 -2.800000 -0.047910 60 200 60
2.500000 -2.800000 -0.047909 60 200 60
2.600000 -2.800000 -0.047882 60 200 60
2.700000 -2.800000 -0.047882 60 200 60
2.800000 -2.800000 -0.047882 60 200 60
2.900000 -2.800000 -0.047882 60 200 60
3.000000 -2.800000 -0.047882 60 200 60
3.100000 -2.800000 -0.047882 60 200 60
3.200000 -2.800000 -0.047882 60 200 60
3.300000 -2.800000 -0.047882 60 200 60
3.400000 -2.800000 -0.047883 60 200 60
3.500000 -2.800000 -0.047883 60 200 60
3.600000 -2.800000 -0.047006 60 200 60
3.700000 -2.800000 -0.047001 60 200 60
3.800000 -2.800000 -0.047007 60 200 60
3.900000 -2.800000 -0.047006 60 200 60
4.000000 -2.800000 -0.047006 60 200 60
4.100000 -2.800000 -0.047010 60 200 60
4.200000 -2.800000 -0.047001 60 200 60
4.300000 -2.800000 -0.047011 60 200 60
4.400000 -2.800000 -0.046972 60 200 60
4.500000 -2.800000 -0.046923 60 200 60
4.600000 -2.800000 -0.046998 60 200 60
4.700000 -2.800000 -0.046881 60 200 60
4.800000 -2.800000 -0.046485 60 200 60
4.900000 -2.800000 -0.046402 60 200 60
5.000000 -2.800000 -0.045997 220 40 40
-5.000000 -2.700000 -0.047224 230 200 40
-4.900000 -2.700000 -0.047279 60 200 60
-4.800000 -2.700000 -0.047300 60 200 60
-4.700000 -2.700000 -0.047302 60 200 60
-4.600000 -2.700000 -0.047308 60 200 60
-4.500000 -2.700000 -0.047315 60 200 60
-4.400000 -2.700000 -0.047316 60 200 60
-4.300000 -2.700000 -0.047327 60 200 60
-4.200000 -2.700000 -0.047360 60 200 60
-4.100000 -2.700000 -0.047398 60 200 60
-4.000000 -2.700000 -0.047398 60 200 60
-3.900000 -2.700000 -0.047397 60 200 60
-3.800000 -2.700000 -0.047394 60 200 60
-3.700000 -2.700000 -0.047394 60 200 60
-3.600000 -2.700000 -0.047394 60 200 60
-3.500000 -2.700000 -0.047393 60 200 60
-3.400000 -2.700000 -0.047393 60 200 60
-3.300000 -2.700000 -0.047393 60 200 60
-3.200000 -2.700000 -0.047394 60 200 60
-3.100000 -2.700000 -0.047393 60 200 60
-3.000000 -2.700000 -0.047393 60 200 60
-2.900000 -2.700000 -0.047390 60 200 60
-2.800000 -2.700000 -0.047391 60 200 60
-2.700000 -2.700000 -0.047391 60 200 60
-2.600000 -2.700000 -0.047391 60 200 60
-2.500000 -2.700000 -0.047377 60 200 60
-2.400000 -2.700000 -0.047377 60 200 60
-2.300000 -2.700000 -0.047377 60 200 60
-2.200000 -2.700000 -0.047377 60 200 60
-2.100000 -2.700000 -0.047377 60 200 60
-2.000000 -2.700000 -0.047376 60 200 60
-1.900000 -2.700000 -0.047376 60 200 60
-1.800000 -2.700000 -0.047376 60 200 60
-1.700000 -2.700000 -0.047375 60 200 60
-1.600000 -2.700000 -0.047346 60 200 60
-1.500000 -2.700000 -0.047325 60 200 60
-1.400000 -2.700000 -0.047322 60 200 60
-1.300000 -2.700000 -0.047316 60 200 60
-1.200000 -2.700000 -0.047315 60 200 60
-1.100000 -2.700000 -0.047307 60 200 60
-1.000000 -2.700000 -0.047274 60 200 60
-0.900000 -2.700000 -0.047214 60 200 60
-0.800000 -2.700000 -0.047108 60 200 60
-0.700000 -2.700000 -0.046878 220 40 40
-0.600000 -2.700000 -0.046874 220 40 40
0.100000 -2.700000 -0.040757 230 200 40
0.200000 -2.700000 -0.047578 60 200 60
0.300000 -2.700000 -0.047492 60 200 60
0.400000 -2.700000 -0.047474 60 200 60
0.500000 -2.700000 -0.047458 60 200 60
0.600000 -2.700000 -0.047410 60 200 60
0.700000 -2.700000 -0.047396 60 200 60
0.800000 -2.700000 -0.047363 60 200 60
0.900000 -2.700000 -0.047351 60 200 60
1.000000 -2.700000 -0.047326 60 200 60
1.100000 -2.700000 -0.047314 60 200 60
1.200000 -2.700000 -0.047024 60 200 60
1.300000 -2.700000 -0.046964 60 200 60
1.400000 -2.700000 -0.046907 60 200 60
1.500000 -2.700000 -0.046866 60 200 60
1.600000 -2.700000 -0.046865 60 200 60
1.700000 -2.700000 -0.046827 60 200 60
1.800000 -2.700000 -0.047920 60 200 60
1.900000 -2.700000 -0.047913 60 200 60
2.000000 -2.700000 -0.047917 60 200 60
2.100000 -2.700000 -0.047914 60 200 60
2.200000 -2.700000 -0.047919 60 200 60
2.300000 -2.700000 -0.047922 60 200 60
2.400000 -2.700000 -0.047911 60 200 60
2.500000 -2.700000 -0.047910 60 200 60
2.600000 -2.700000 -0.047882 60 200 60
2.700000 -2.700000 -0.047882 60 200 60
2.800000 -2.700000 -0.047882 60 200 60
2.900000 -2.700000 -0.047883 60 200 60
3.000000 -2.700000 -0.047883 60 200 60
3.100000 -2.700000 -0.047883 60 200 60
3.200000 -2.700000 -0.047883 60 200 60
3.300000 -2.700000 -0.047883 60 200 60
3.400000 -2.700000 -0.047884 60 200 60
3.500000 -2.700000 -0.047884 60 200 60
3.600000 -2.700000 -0.047012 60 200 60
3.700000 -2.700000 -0.047016 60 200 60
3.800000 -2.700000 -0.047020 60 200 60
3.900000 -2.700000 -0.047019 60 200 60
4.000000 -2.700000 -0.047019 60 200 60
4.100000 -2.700000 -0.047026 60 200 60
4.200000 -2.700000 -0.047009 60 200 60
4.300000 -2.700000 -0.047024 60 200 60
4.400000 -2.700000 -0.046973 60 200 60
4.500000 -2.700000 -0.046924 60 200 60
4.600000 -2.700000 -0.046999 60 200 60
4.700000 -2.700000 -0.046882 60 200 60
4.800000 -2.700000 -0.046486 60 200 60
4.900000 -2.700000 -0.046404 60 200 60
5.000000 -2.700000 -0.046002 220 40 40
-5.000000 -2.600000 -0.047225 230 200 40
-4.900000 -2.600000 -0.047280 60 200 60
-4.800000 -2.600000 -0.047300 60 200 60
-4.700000 -2.600000 -0.047302 60 200 60
-4.600000 -2.600000 -0.047308 60 200 60
-4.500000 -2.600000 -0.047315 60 200 60
-4.400000 -2.600000 -0.047317 60 200 60
-4.300000 -2.600000 -0.047327 60 200 60
-4.200000 -2.600000 -0.047354 60 200 60
-4.100000 -2.600000 -0.047402 60 200 60
-4.000000 -2.600000 -0.047401 60 200 60
-3.900000 -2.600000 -0.047401 60 200 60
-3.800000 -2.600000 -0.047400 60 200 60
-3.700000 -2.600000 -0.047400 60 200 60
-3.600000 -2.600000 -0.047400 60 200 60
-3.500000 -2.600000 -0.047399 60 200 60
-3.400000 -2.600000 -0.047399 60 200 60
-3.300000 -2.600000 -0.047399 60 200 60
-3.200000 -2.600000 -0.047399 60 200 60
-3.100000 -2.600000 -0.047399 60 200 60
-3.000000 -2.600000 -0.047395 60 200 60
-2.900000 -2.600000 -0.047395 60 200 60
-2.800000 -2.600000 -0.047395 60 200 60
-2.700000 -2.600000 -0.047395 60 200 60
-2.600000 -2.600000 -0.047395 60 200 60
-2.500000 -2.600000 -0.047395 60 200 60
-2.400000 -2.600000 -0.047395 60 200 60
-2.300000 -2.600000 -0.047395 60 200 60
-2.200000 -2.600000 -0.047396 60 200 60
-2.100000 -2.600000 -0.047397 60 200 60
-2.000000 -2.600000 -0.047397 60 200 60
-1.900000 -2.600000 -0.047397 60 200 60
-1.800000 -2.600000 -0.047397 60 200 60
-1.700000 -2.600000 -0.047398 60 200 60
-1.600000 -2.600000 -0.047333 60 200 60
-1.500000 -2.600000 -0.047330 60 200 60
-1.400000 -2.600000 -0.047328 60 200 60
-1.300000 -2.600000 -0.047323 60 200 60
-1.200000 -2.600000 -0.047410 60 200 60
-1.100000 -2.600000 -0.047375 60 200 60
-1.000000 -2.600000 -0.047378 60 200 60
-0.900000 -2.600000 -0.047379 60 200 60
-0.800000 -2.600000 -0.047372 60 200 60
-0.700000 -2.600000 -0.047383 60 200 60
-0.600000 -2.600000 -0.047228 230 200 40
0.100000 -2.600000 -0.041900 230 200 40
0.200000 -2.600000 -0.047589 60 200 60
0.300000 -2.600000 -0.047662 60 200 60
0.400000 -2.600000 -0.047648 60 200 60
0.500000 -2.600000 -0.047635 60 200 60
0.600000 -2.600000 -0.047574 60 200 60
0.700000 -2.600000 -0.047562 60 200 60
0.800000 -2.600000 -0.047515 60 200 60
0.900000 -2.600000 -0.047493 60 200 60
1.000000 -2.600000 -0.047446 60 200 60
1.100000 -2.600000 -0.047433 60 200 60
1.200000 -2.600000 -0.047188 60 200 60
1.300000 -2.600000 -0.047098 60 200 60
1.400000 -2.600000 -0.047061 60 200 60
1.500000 -2.600000 -0.047022 60 200 60
1.600000 -2.600000 -0.046903 60 200 60
1.700000 -2.600000 -0.046828 60 200 60
1.800000 -2.600000 -0.047909 60 200 60
1.900000 -2.600000 -0.047913 60 200 60
2.000000 -2.600000 -0.047918 60 200 60
2.100000 -2.600000 -0.047914 60 200 60
2.200000 -2.600000 -0.047919 60 200 60
2.300000 -2.600000 -0.047922 60 200 60
2.400000 -2.600000 -0.047911 60 200 60
2.500000 -2.600000 -0.047910 60 200 60
2.600000 -2.600000 -0.047883 60 200 60
2.700000 -2.600000 -0.047883 60 200 60
2.800000 -2.600000 -0.047883 60 200 60
2.900000 -2.600000 -0.047884 60 200 60
3.000000 -2.600000 -0.047884 60 200 60
3.100000 -2.600000 -0.047884 60 200 60
3.200000 -2.600000 -0.047884 60 200 60
3.300000 -2.600000 -0.047884 60 200 60
3.400000 -2.600000 -0.047884 60 200 60
3.500000 -2.600000 -0.047884 60 200 60
3.600000 -2.600000 -0.047011 60 200 60
3.700000 -2.600000 -0.047015 60 200 60
3.800000 -2.600000 -0.047018 60 200 60
3.900000 -2.600000 -0.047018 60 200 60
4.000000 -2.600000 -0.047018 60 200 60
4.100000 -2.600000 -0.047022 60 200 60
4.200000 -2.600000 -0.047014 60 200 60
4.300000 -2.600000 -0.047032 60 200 60
4.400000 -2.600000 -0.046974 60 200 60
4.500000 -2.600000 -0.046925 60 200 60
4.600000 -2.600000 -0.047000 60 200 60
4.700000 -2.600000 -0.046883 60 200 60
4.800000 -2.600000 -0.046487 60 200 60
4.900000 -2.600000 -0.046405 60 200 60
5.000000 -2.600000 -0.046006 220 40 40
-5.000000 -2.500000 -0.047188 230 200 40
-4.900000 -2.500000 -0.047280 60 200 60
-4.800000 -2.500000 -0.047301 60 200 60
-4.700000 -2.500000 -0.047303 60 200 60
-4.600000 -2.500000 -0.047309 60 200 60
-4.500000 -2.500000 -0.047316 60 200 60
-4.400000 -2.500000 -0.047317 60 200 60
-4.300000 -2.500000 -0.047332 60 200 60
-4.200000 -2.500000 -0.047356 60 200 60
-4.100000 -2.500000 -0.047407 60 200 60
-4.000000 -2.500000 -0.047409 60 200 60
-3.900000 -2.500000 -0.047408 60 200 60
-3.800000 -2.500000 -0.047408 60 200 60
-3.700000 -2.500000 -0.047408 60 200 60
-3.600000 -2.500000 -0.047407 60 200 60
-3.500000 -2.500000 -0.047407 60 200 60
-3.400000 -2.500000 -0.047407 60 200 60
-3.300000 -2.500000 -0.047407 60 200 60
-3.200000 -2.500000 -0.047407 60 200 60
-3.100000 -2.500000 -0.047406 60 200 60
-3.000000 -2.500000 -0.047406 60 200 60
-2.900000 -2.500000 -0.047403 60 200 60
-2.800000 -2.500000 -0.047403 60 200 60
-2.700000 -2.500000 -0.047403 60 200 60
-2.600000 -2.500000 -0.047403 60 200 60
-2.500000 -2.500000 -0.047402 60 200 60
-2.400000 -2.500000 -0.047402 60 200 60
-2.300000 -2.500000 -0.047402 60 200 60
-2.200000 -2.500000 -0.047399 60 200 60
-2.100000 -2.500000 -0.047399 60 200 60
-2.000000 -2.500000 -0.047400 60 200 60
-1.900000 -2.500000 -0.047400 60 200 60
-1.800000 -2.500000 -0.047400 60 200 60
-1.700000 -2.500000 -0.047400 60 200 60
-1.600000 -2.500000 -0.047331 60 200 60
-1.500000 -2.500000 -0.047390 60 200 60
-1.400000 -2.500000 -0.047404 60 200 60
-1.300000 -2.500000 -0.047987 60 200 60
-1.200000 -2.500000 -0.048010 60 200 60
-1.100000 -2.500000 -0.048057 60 200 60
-1.000000 -2.500000 -0.048193 60 200 60
-0.900000 -2.500000 -0.048273 60 200 60
-0.800000 -2.500000 -0.048387 60 200 60
-0.700000 -2.500000 -0.048541 60 200 60
-0.600000 -2.500000 -0.048739 60 200 60
-0.500000 -2.500000 -0.049762 230 200 40
-0.400000 -2.500000 -0.049729 230 200 40
-0.300000 -2.500000 -0.049692 230 200 40
-0.200000 -2.500000 -0.049653 230 200 40
-0.100000 -2.500000 -0.049614 230 200 40
0.000000 -2.500000 -0.052714 220 40 40
0.100000 -2.500000 -0.040533 60 200 60
0.200000 -2.500000 -0.047591 60 200 60
0.300000 -2.500000 -0.047659 60 200 60
0.400000 -2.500000 -0.047647 60 200 60
0.500000 -2.500000 -0.047634 60 200 60
0.600000 -2.500000 -0.047577 60 200 60
0.700000 -2.500000 -0.047564 60 200 60
0.800000 -2.500000 -0.047520 60 200 60
0.900000 -2.500000 -0.047507 60 200 60
1.000000 -2.500000 -0.047470 60 200 60
1.100000 -2.500000 -0.047458 60 200 60
1.200000 -2.500000 -0.047248 60 200 60
1.300000 -2.500000 -0.047163 60 200 60
1.400000 -2.500000 -0.047112 60 200 60
1.500000 -2.500000 -0.047053 60 200 60
1.600000 -2.500000 -0.046912 60 200 60
1.700000 -2.500000 -0.046898 60 200 60
1.800000 -2.500000 -0.047918 60 200 60
1.900000 -2.500000 -0.047914 60 200 60
2.000000 -2.500000 -0.047918 60 200 60
2.100000 -2.500000 -0.047915 60 200 60
2.200000 -2.500000 -0.047920 60 200 60
2.300000 -2.500000 -0.047923 60 200 60
2.400000 -2.500000 -0.047912 60 200 60
2.500000 -2.500000 -0.047911 60 200 60
2.600000 -2.500000 -0.047883 60 200 60
2.700000 -2.500000 -0.047884 60 200 60
2.800000 -2.500000 -0.047884 60 200 60
2.900000 -2.500000 -0.047884 60 200 60
3.000000 -2.500000 -0.047884 60 200 60
3.100000 -2.500000 -0.047885 60 200 60
3.200000 -2.500000 -0.047885 60 200 60
3.300000 -2.500000 -0.047885 60 200 60
3.400000 -2.500000 -0.047885 60 200 60
3.500000 -2.500000 -0.047885 60 200 60
3.600000 -2.500000 -0.047018 60 200 60
3.700000 -2.500000 -0.047022 60 200 60
3.800000 -2.500000 -0.047026 60 200 60
3.900000 -2.500000 -0.047026 60 200 60
4.000000 -2.500000 -0.047025 60 200 60
4.100000 -2.500000 -0.047029 60 200 60
4.200000 -2.500000 -0.047023 60 200 60
4.300000 -2.500000 -0.047038 60 200 60
4.400000 -2.500000 -0.046899 60 200 60
4.500000 -2.500000 -0.046961 60 200 60
4.600000 -2.500000 -0.039919 60 200 60
4.700000 -2.500000 -0.038964 60 200 60
4.800000 -2.500000 -0.035557 60 200 60
4.900000 -2.500000 -0.033281 60 200 60
5.000000 -2.500000 -0.024105 60 200 60
5.100000 -2.500000 -0.012493 220 40 40
5.200000 -2.500000 -0.045978 220 40 40
-5.000000 -2.400000 -0.047084 220 40 40
-4.900000 -2.400000 -0.047281 60 200 60
-4.800000 -2.400000 -0.047301 60 200 60
-4.700000 -2.400000 -0.047303 60 200 60
-4.600000 -2.400000 -0.047309 60 200 60
-4.500000 -2.400000 -0.047316 60 200 60
-4.400000 -2.400000 -0.047317 60 200 60
-4.300000 -2.400000 -0.047339 60 200 60
-4.200000 -2.400000 -0.047347 60 200 60
-4.100000 -2.400000 -0.047410 60 200 60
-4.000000 -2.400000 -0.047412 60 200 60
-3.900000 -2.400000 -0.047412 60 200 60
-3.800000 -2.400000 -0.047411 60 200 60
-3.700000 -2.400000 -0.047411 60 200 60
-3.600000 -2.400000 -0.047411 60 200 60
-3.500000 -2.400000 -0.047410 60 200 60
-3.400000 -2.400000 -0.047410 60 200 60
-3.300000 -2.400000 -0.047410 60 200 60
-3.200000 -2.400000 -0.047410 60 200 60
-3.100000 -2.400000 -0.047409 60 200 60
-3.000000 -2.400000 -0.047409 60 200 60
-2.900000 -2.400000 -0.047408 60 200 60
-2.800000 -2.400000 -0.047408 60 200 60
-2.700000 -2.400000 -0.047408 60 200 60
-2.600000 -2.400000 -0.047408 60 200 60
-2.500000 -2.400000 -0.047405 60 200 60
-2.400000 -2.400000 -0.047404 60 200 60
-2.300000 -2.400000 -0.047405 60 200 60
-2.200000 -2.400000 -0.047406 60 200 60
-2.100000 -2.400000 -0.047407 60 200 60
-2.000000 -2.400000 -0.047407 60 200 60
-1.900000 -2.400000 -0.047407 60 200 60
-1.800000 -2.400000 -0.047413 60 200 60
-1.700000 -2.400000 -0.047415 60 200 60
-1.600000 -2.400000 -0.047380 60 200 60
-1.500000 -2.400000 -0.047428 60 200 60
-1.400000 -2.400000 -0.047480 60 200 60
-1.300000 -2.400000 -0.047884 60 200 60
-1.200000 -2.400000 -0.047907 60 200 60
-1.100000 -2.400000 -0.047981 60 200 60
-1.000000 -2.400000 -0.048020 60 200 60
-0.900000 -2.400000 -0.048021 60 200 60
-0.800000 -2.400000 -0.048070 60 200 60
-0.700000 -2.400000 -0.048133 60 200 60
-0.600000 -2.400000 -0.048207 60 200 60
-0.500000 -2.400000 -0.048497 60 200 60
-0.400000 -2.400000 -0.048488 60 200 60
-0.300000 -2.400000 -0.048478 60 200 60
-0.200000 -2.400000 -0.048623 60 200 60
-0.100000 -2.400000 -0.047937 60 200 60
0.000000 -2.400000 -0.025791 220 40 40
0.100000 -2.400000 -0.038756 60 200 60
0.200000 -2.400000 -0.047592 60 200 60
0.300000 -2.400000 -0.047660 60 200 60
0.400000 -2.400000 -0.047647 60 200 60
0.500000 -2.400000 -0.047634 60 200 60
0.600000 -2.400000 -0.047577 60 200 60
0.700000 -2.400000 -0.047565 60 200 60
0.800000 -2.400000 -0.047519 60 200 60
0.900000 -2.400000 -0.047508 60 200 60
1.000000 -2.400000 -0.047472 60 200 60
1.100000 -2.400000 -0.047460 60 200 60
1.200000 -2.400000 -0.047257 60 200 60
1.300000 -2.400000 -0.047171 60 200 60
1.400000 -2.400000 -0.047121 60 200 60
1.500000 -2.400000 -0.047062 60 200 60
1.600000 -2.400000 -0.046920 60 200 60
1.700000 -2.400000 -0.046962 60 200 60
1.800000 -2.400000 -0.047918 60 200 60
1.900000 -2.400000 -0.047914 60 200 60
2.000000 -2.400000 -0.047918 60 200 60
2.100000 -2.400000 -0.047921 60 200 60
2.200000 -2.400000 -0.047920 60 200 60
2.300000 -2.400000 -0.047923 60 200 60
2.400000 -2.400000 -0.047912 60 200 60
2.500000 -2.400000 -0.047912 60 200 60
2.600000 -2.400000 -0.047884 60 200 60
2.700000 -2.400000 -0.047884 60 200 60
2.800000 -2.400000 -0.047884 60 200 60
2.900000 -2.400000 -0.047885 60 200 60
3.000000 -2.400000 -0.047885 60 200 60
3.100000 -2.400000 -0.047885 60 200 60
3.200000 -2.400000 -0.047885 60 200 60
3.300000 -2.400000 -0.047885 60 200 60
3.400000 -2.400000 -0.047886 60 200 60
3.500000 -2.400000 -0.047885 60 200 60
3.600000 -2.400000 -0.047013 60 200 60
3.700000 -2.400000 -0.047016 60 200 60
3.800000 -2.400000 -0.047020 60 200 60
3.900000 -2.400000 -0.047828 60 200 60
4.000000 -2.400000 -0.047828 60 200 60
4.100000 -2.400000 -0.047828 60 200 60
4.200000 -2.400000 -0.047827 60 200 60
4.300000 -2.400000 -0.047826 60 200 60
4.400000 -2.400000 -0.041804 60 200 60
4.500000 -2.400000 -0.041252 60 200 60
4.600000 -2.400000 -0.039996 60 200 60
4.700000 -2.400000 -0.039927 60 200 60
4.800000 -2.400000 -0.036536 60 200 60
4.900000 -2.400000 -0.033912 60 200 60
5.000000 -2.400000 -0.030963 60 200 60
5.100000 -2.400000 -0.033803 60 200 60
5.200000 -2.400000 -0.046513 220 40 40
-5.000000 -2.300000 -0.047084 220 40 40
-4.900000 -2.300000 -0.047265 60 200 60
-4.800000 -2.300000 -0.047301 60 200 60
-4.700000 -2.300000 -0.047303 60 200 60
-4.600000 -2.300000 -0.047309 60 200 60
-4.500000 -2.300000 -0.047316 60 200 60
-4.400000 -2.300000 -0.047317 60 200 60
-4.300000 -2.300000 -0.047348 60 200 60
-4.200000 -2.300000 -0.047347 60 200 60
-4.100000 -2.300000 -0.047413 60 200 60
-4.000000 -2.300000 -0.047415 60 200 60
-3.900000 -2.300000 -0.047415 60 200 60
-3.800000 -2.300000 -0.047414 60 200 60
-3.700000 -2.300000 -0.047414 60 200 60
-3.600000 -2.300000 -0.047414 60 200 60
-3.500000 -2.300000 -0.047413 60 200 60
-3.400000 -2.300000 -0.047413 60 200 60
-3.300000 -2.300000 -0.047410 60 200 60
-3.200000 -2.300000 -0.047410 60 200 60
-3.100000 -2.300000 -0.047410 60 200 60
-3.000000 -2.300000 -0.047409 60 200 60
-2.900000 -2.300000 -0.047409 60 200 60
-2.800000 -2.300000 -0.047408 60 200 60
-2.700000 -2.300000 -0.047408 60 200 60
-2.600000 -2.300000 -0.047408 60 200 60
-2.500000 -2.300000 -0.047407 60 200 60
-2.400000 -2.300000 -0.047411 60 200 60
-2.300000 -2.300000 -0.047415 60 200 60
-2.200000 -2.300000 -0.047422 60 200 60
-2.100000 -2.300000 -0.047418 60 200 60
-2.000000 -2.300000 -0.047419 60 200 60
-1.900000 -2.300000 -0.047419 60 200 60
-1.800000 -2.300000 -0.047421 60 200 60
-1.700000 -2.300000 -0.047422 60 200 60
-1.600000 -2.300000 -0.047410 60 200 60
-1.500000 -2.300000 -0.047419 60 200 60
-1.400000 -2.300000 -0.047464 60 200 60
-1.300000 -2.300000 -0.047827 60 200 60
-1.200000 -2.300000 -0.047852 60 200 60
-1.100000 -2.300000 -0.047915 60 200 60
-1.000000 -2.300000 -0.047950 60 200 60
-0.900000 -2.300000 -0.047987 60 200 60
-0.800000 -2.300000 -0.048027 60 200 60
-0.700000 -2.300000 -0.048079 60 200 60
-0.600000 -2.300000 -0.048138 60 200 60
-0.500000 -2.300000 -0.048267 60 200 60
-0.400000 -2.300000 -0.048261 60 200 60
-0.300000 -2.300000 -0.048256 60 200 60
-0.200000 -2.300000 -0.048338 60 200 60
-0.100000 -2.300000 -0.044237 230 200 40
0.000000 -2.300000 0.011686 220 40 40
0.100000 -2.300000 -0.041823 230 200 40
0.200000 -2.300000 -0.047593 60 200 60
0.300000 -2.300000 -0.047660 60 200 60
0.400000 -2.300000 -0.047647 60 200 60
0.500000 -2.300000 -0.047634 60 200 60
0.600000 -2.300000 -0.047578 60 200 60
0.700000 -2.300000 -0.047566 60 200 60
0.800000 -2.300000 -0.047521 60 200 60
0.900000 -2.300000 -0.047510 60 200 60
1.000000 -2.300000 -0.047474 60 200 60
1.100000 -2.300000 -0.047462 60 200 60
1.200000 -2.300000 -0.047268 60 200 60
1.300000 -2.300000 -0.047165 60 200 60
1.400000 -2.300000 -0.047128 60 200 60
1.500000 -2.300000 -0.047049 60 200 60
1.600000 -2.300000 -0.046929 60 200 60
1.700000 -2.300000 -0.046954 60 200 60
1.800000 -2.300000 -0.047918 60 200 60
1.900000 -2.300000 -0.047914 60 200 60
2.000000 -2.300000 -0.047919 60 200 60
2.100000 -2.300000 -0.047921 60 200 60
2.200000 -2.300000 -0.047920 60 200 60
2.300000 -2.300000 -0.047924 60 200 60
2.400000 -2.300000 -0.047913 60 200 60
2.500000 -2.300000 -0.047912 60 200 60
2.600000 -2.300000 -0.047885 60 200 60
2.700000 -2.300000 -0.047885 60 200 60
2.800000 -2.300000 -0.047885 60 200 60
2.900000 -2.300000 -0.047886 60 200 60
3.000000 -2.300000 -0.047886 60 200 60
3.100000 -2.300000 -0.047886 60 200 60
3.200000 -2.300000 -0.047886 60 200 60
3.300000 -2.300000 -0.047870 60 200 60
3.400000 -2.300000 -0.047870 60 200 60
3.500000 -2.300000 -0.047868 60 200 60
3.600000 -2.300000 -0.047828 60 200 60
3.700000 -2.300000 -0.047828 60 200 60
3.800000 -2.300000 -0.047828 60 200 60
3.900000 -2.300000 -0.047828 60 200 60
4.000000 -2.300000 -0.047828 60 200 60
4.100000 -2.300000 -0.047828 60 200 60
4.200000 -2.300000 -0.047826 60 200 60
4.300000 -2.300000 -0.047826 60 200 60
4.400000 -2.300000 -0.042160 60 200 60
4.500000 -2.300000 -0.041420 60 200 60
4.600000 -2.300000 -0.040316 60 200 60
4.700000 -2.300000 -0.040265 60 200 60
4.800000 -2.300000 -0.037298 60 200 60
4.900000 -2.300000 -0.035216 60 200 60
5.000000 -2.300000 -0.033008 60 200 60
5.100000 -2.300000 -0.036404 60 200 60
5.200000 -2.300000 -0.046144 220 40 40
-5.000000 -2.200000 -0.047085 220 40 40
-4.900000 -2.200000 -0.047265 60 200 60
-4.800000 -2.200000 -0.047301 60 200 60
-4.700000 -2.200000 -0.047303 60 200 60
-4.600000 -2.200000 -0.047309 60 200 60
-4.500000 -2.200000 -0.047316 60 200 60
-4.400000 -2.200000 -0.047317 60 200 60
-4.300000 -2.200000 -0.047355 60 200 60
-4.200000 -2.200000 -0.047373 60 200 60
-4.100000 -2.200000 -0.047420 60 200 60
-4.000000 -2.200000 -0.047423 60 200 60
-3.900000 -2.200000 -0.047422 60 200 60
-3.800000 -2.200000 -0.047421 60 200 60
-3.700000 -2.200000 -0.047421 60 200 60
-3.600000 -2.200000 -0.047421 60 200 60
-3.500000 -2.200000 -0.047420 60 200 60
-3.400000 -2.200000 -0.047420 60 200 60
-3.300000 -2.200000 -0.047420 60 200 60
-3.200000 -2.200000 -0.047420 60 200 60
-3.100000 -2.200000 -0.047419 60 200 60
-3.000000 -2.200000 -0.047419 60 200 60
-2.900000 -2.200000 -0.047418 60 200 60
-2.800000 -2.200000 -0.047418 60 200 60
-2.700000 -2.200000 -0.047410 60 200 60
-2.600000 -2.200000 -0.047415 60 200 60
-2.500000 -2.200000 -0.047414 60 200 60
-2.400000 -2.200000 -0.047416 60 200 60
-2.300000 -2.200000 -0.047390 60 200 60
-2.200000 -2.200000 -0.047395 60 200 60
-2.100000 -2.200000 -0.047394 60 200 60
-2.000000 -2.200000 -0.047391 60 200 60
-1.900000 -2.200000 -0.047390 60 200 60
-1.800000 -2.200000 -0.047388 60 200 60
-1.700000 -2.200000 -0.047388 60 200 60
-1.600000 -2.200000 -0.047282 60 200 60
-1.500000 -2.200000 -0.047308 60 200 60
-1.400000 -2.200000 -0.047339 60 200 60
-1.300000 -2.200000 -0.047697 60 200 60
-1.200000 -2.200000 -0.047699 60 200 60
-1.100000 -2.200000 -0.047740 60 200 60
-1.000000 -2.200000 -0.047752 60 200 60
-0.900000 -2.200000 -0.047771 60 200 60
-0.800000 -2.200000 -0.047764 60 200 60
-0.700000 -2.200000 -0.047790 60 200 60
-0.600000 -2.200000 -0.047819 60 200 60
-0.500000 -2.200000 -0.047862 60 200 60
-0.400000 -2.200000 -0.047862 60 200 60
-0.300000 -2.200000 -0.047899 60 200 60
-0.200000 -2.200000 -0.047942 60 200 60
-0.100000 -2.200000 -0.046255 220 40 40
0.000000 -2.200000 0.086441 220 40 40
0.100000 -2.200000 -0.039786 220 40 40
0.200000 -2.200000 -0.047594 60 200 60
0.300000 -2.200000 -0.047661 60 200 60
0.400000 -2.200000 -0.047648 60 200 60
0.500000 -2.200000 -0.047635 60 200 60
0.600000 -2.200000 -0.047579 60 200 60
0.700000 -2.200000 -0.047567 60 200 60
0.800000 -2.200000 -0.047523 60 200 60
0.900000 -2.200000 -0.047510 60 200 60
1.000000 -2.200000 -0.047474 60 200 60
1.100000 -2.200000 -0.047298 60 200 60
1.200000 -2.200000 -0.047273 60 200 60
1.300000 -2.200000 -0.047173 60 200 60
1.400000 -2.200000 -0.047138 60 200 60
1.500000 -2.200000 -0.047040 60 200 60
1.600000 -2.200000 -0.046939 60 200 60
1.700000 -2.200000 -0.046970 60 200 60
1.800000 -2.200000 -0.047918 60 200 60
1.900000 -2.200000 -0.047915 60 200 60
2.000000 -2.200000 -0.047919 60 200 60
2.100000 -2.200000 -0.047922 60 200 60
2.200000 -2.200000 -0.047921 60 200 60
2.300000 -2.200000 -0.047909 60 200 60
2.400000 -2.200000 -0.047899 60 200 60
2.500000 -2.200000 -0.047898 60 200 60
2.600000 -2.200000 -0.047871 60 200 60
2.700000 -2.200000 -0.047871 60 200 60
2.800000 -2.200000 -0.047872 60 200 60
2.900000 -2.200000 -0.047872 60 200 60
3.000000 -2.200000 -0.047872 60 200 60
3.100000 -2.200000 -0.047872 60 200 60
3.200000 -2.200000 -0.047872 60 200 60
3.300000 -2.200000 -0.047872 60 200 60
3.400000 -2.200000 -0.047872 60 200 60
3.500000 -2.200000 -0.047828 60 200 60
3.600000 -2.200000 -0.047828 60 200 60
3.700000 -2.200000 -0.047828 60 200 60
3.800000 -2.200000 -0.047828 60 200 60
3.900000 -2.200000 -0.047828 60 200 60
4.000000 -2.200000 -0.047828 60 200 60
4.100000 -2.200000 -0.047826 60 200 60
4.200000 -2.200000 -0.047826 60 200 60
4.300000 -2.200000 -0.047825 60 200 60
4.400000 -2.200000 -0.042278 60 200 60
4.500000 -2.200000 -0.041586 60 200 60
4.600000 -2.200000 -0.040589 60 200 60
4.700000 -2.200000 -0.040588 60 200 60
4.800000 -2.200000 -0.036765 60 200 60
4.900000 -2.200000 -0.035090 60 200 60
5.000000 -2.200000 -0.032871 60 200 60
5.100000 -2.200000 -0.036428 60 200 60
5.200000 -2.200000 -0.046164 220 40 40
-5.000000 -2.100000 -0.047084 220 40 40
-4.900000 -2.100000 -0.047264 60 200 60
-4.800000 -2.100000 -0.047301 60 200 60
-4.700000 -2.100000 -0.047303 60 200 60
-4.600000 -2.100000 -0.047309 60 200 60
-4.500000 -2.100000 -0.047315 60 200 60
-4.400000 -2.100000 -0.047317 60 200 60
-4.300000 -2.100000 -0.047356 60 200 60
-4.200000 -2.100000 -0.047373 60 200 60
-4.100000 -2.100000 -0.047430 60 200 60
-4.000000 -2.100000 -0.047432 60 200 60
-3.900000 -2.100000 -0.047431 60 200 60
-3.800000 -2.100000 -0.047431 60 200 60
-3.700000 -2.100000 -0.047431 60 200 60
-3.600000 -2.100000 -0.047431 60 200 60
-3.500000 -2.100000 -0.047429 60 200 60
-3.400000 -2.100000 -0.047429 60 200 60
-3.300000 -2.100000 -0.047429 60 200 60
-3.200000 -2.100000 -0.047434 60 200 60
-3.100000 -2.100000 -0.047434 60 200 60
-3.000000 -2.100000 -0.047431 60 200 60
-2.900000 -2.100000 -0.047434 60 200 60
-2.800000 -2.100000 -0.047421 60 200 60
-2.700000 -2.100000 -0.047413 60 200 60
-2.600000 -2.100000 -0.047415 60 200 60
-2.500000 -2.100000 -0.047400 60 200 60
-2.400000 -2.100000 -0.047403 60 200 60
-2.300000 -2.100000 -0.047385 60 200 60
-2.200000 -2.100000 -0.047389 60 200 60
-2.100000 -2.100000 -0.047388 60 200 60
-2.000000 -2.100000 -0.047384 60 200 60
-1.900000 -2.100000 -0.047383 60 200 60
-1.800000 -2.100000 -0.047380 60 200 60
-1.700000 -2.100000 -0.047380 60 200 60
-1.600000 -2.100000 -0.047253 60 200 60
-1.500000 -2.100000 -0.047273 60 200 60
-1.400000 -2.100000 -0.047302 60 200 60
-1.300000 -2.100000 -0.047513 60 200 60
-1.200000 -2.100000 -0.047520 60 200 60
-1.100000 -2.100000 -0.047534 60 200 60
-1.000000 -2.100000 -0.047559 60 200 60
-0.900000 -2.100000 -0.047574 60 200 60
-0.800000 -2.100000 -0.047577 60 200 60
-0.700000 -2.100000 -0.047580 60 200 60
-0.600000 -2.100000 -0.047594 60 200 60
-0.500000 -2.100000 -0.047661 60 200 60
-0.400000 -2.100000 -0.047663 60 200 60
-0.300000 -2.100000 -0.047686 60 200 60
-0.200000 -2.100000 -0.047776 60 200 60
-0.100000 -2.100000 -0.046034 220 40 40
0.000000 -2.100000 0.233584 220 40 40
0.100000 -2.100000 -0.040722 220 40 40
0.200000 -2.100000 -0.047595 60 200 60
0.300000 -2.100000 -0.047661 60 200 60
0.400000 -2.100000 -0.047649 60 200 60
0.500000 -2.100000 -0.047649 60 200 60
0.600000 -2.100000 -0.047580 60 200 60
0.700000 -2.100000 -0.047584 60 200 60
0.800000 -2.100000 -0.047523 60 200 60
0.900000 -2.100000 -0.047528 60 200 60
1.000000 -2.100000 -0.047475 60 200 60
1.100000 -2.100000 -0.047308 60 200 60
1.200000 -2.100000 -0.047283 60 200 60
1.300000 -2.100000 -0.047182 60 200 60
1.400000 -2.100000 -0.047146 60 200 60
1.500000 -2.100000 -0.047049 60 200 60
1.600000 -2.100000 -0.046947 60 200 60
1.700000 -2.100000 -0.046983 60 200 60
1.800000 -2.100000 -0.047918 60 200 60
1.900000 -2.100000 -0.047915 60 200 60
2.000000 -2.100000 -0.047920 60 200 60
2.100000 -2.100000 -0.047923 60 200 60
2.200000 -2.100000 -0.047922 60 200 60
2.300000 -2.100000 -0.047910 60 200 60
2.400000 -2.100000 -0.047899 60 200 60
2.500000 -2.100000 -0.047883 60 200 60
2.600000 -2.100000 -0.047857 60 200 60
2.700000 -2.100000 -0.047857 60 200 60
2.800000 -2.100000 -0.047857 60 200 60
2.900000 -2.100000 -0.047857 60 200 60
3.000000 -2.100000 -0.047857 60 200 60
3.100000 -2.100000 -0.047856 60 200 60
3.200000 -2.100000 -0.047857 60 200 60
3.300000 -2.100000 -0.047856 60 200 60
3.400000 -2.100000 -0.047856 60 200 60
3.500000 -2.100000 -0.047828 60 200 60
3.600000 -2.100000 -0.047828 60 200 60
3.700000 -2.100000 -0.047828 60 200 60
3.800000 -2.100000 -0.047828 60 200 60
3.900000 -2.100000 -0.047828 60 200 60
4.000000 -2.100000 -0.047828 60 200 60
4.100000 -2.100000 -0.047826 60 200 60
4.200000 -2.100000 -0.047826 60 200 60
4.300000 -2.100000 -0.047805 60 200 60
4.400000 -2.100000 -0.042196 60 200 60
4.500000 -2.100000 -0.041470 60 200 60
4.600000 -2.100000 -0.040448 60 200 60
4.700000 -2.100000 -0.038837 60 200 60
4.800000 -2.100000 -0.036685 60 200 60
4.900000 -2.100000 -0.032831 60 200 60
5.000000 -2.100000 -0.032787 60 200 60
5.100000 -2.100000 -0.036444 60 200 60
5.200000 -2.100000 -0.046186 220 40 40
-5.000000 -2.000000 -0.046806 220 40 40
-4.900000 -2.000000 -0.047264 60 200 60
-4.800000 -2.000000 -0.047300 60 200 60
-4.700000 -2.000000 -0.047302 60 200 60
-4.600000 -2.000000 -0.047308 60 200 60
-4.500000 -2.000000 -0.047315 60 200 60
-4.400000 -2.000000 -0.047317 60 200 60
-4.300000 -2.000000 -0.047357 60 200 60
-4.200000 -2.000000 -0.047375 60 200 60
-4.100000 -2.000000 -0.047434 60 200 60
-4.000000 -2.000000 -0.047434 60 200 60
-3.900000 -2.000000 -0.047433 60 200 60
-3.800000 -2.000000 -0.047432 60 200 60
-3.700000 -2.000000 -0.047432 60 200 60
-3.600000 -2.000000 -0.047432 60 200 60
-3.500000 -2.000000 -0.047443 60 200 60
-3.400000 -2.000000 -0.047441 60 200 60
-3.300000 -2.000000 -0.047455 60 200 60
-3.200000 -2.000000 -0.047453 60 200 60
-3.100000 -2.000000 -0.047446 60 200 60
-3.000000 -2.000000 -0.047444 60 200 60
-2.900000 -2.000000 -0.047443 60 200 60
-2.800000 -2.000000 -0.047429 60 200 60
-2.700000 -2.000000 -0.047424 60 200 60
-2.600000 -2.000000 -0.047428 60 200 60
-2.500000 -2.000000 -0.047414 60 200 60
-2.400000 -2.000000 -0.047410 60 200 60
-2.300000 -2.000000 -0.047394 60 200 60
-2.200000 -2.000000 -0.047395 60 200 60
-2.100000 -2.000000 -0.047390 60 200 60
-2.000000 -2.000000 -0.047389 60 200 60
-1.900000 -2.000000 -0.047385 60 200 60
-1.800000 -2.000000 -0.047936 60 200 60
-1.700000 -2.000000 -0.047937 60 200 60
-1.600000 -2.000000 -0.047943 60 200 60
-1.500000 -2.000000 -0.047961 60 200 60
-1.400000 -2.000000 -0.047989 60 200 60
-1.300000 -2.000000 -0.048011 60 200 60
-1.200000 -2.000000 -0.047999 60 200 60
-1.100000 -2.000000 -0.047999 60 200 60
-1.000000 -2.000000 -0.047519 60 200 60
-0.900000 -2.000000 -0.047518 60 200 60
-0.800000 -2.000000 -0.047523 60 200 60
-0.700000 -2.000000 -0.047532 60 200 60
-0.600000 -2.000000 -0.047557 60 200 60
-0.500000 -2.000000 -0.047597 60 200 60
-0.400000 -2.000000 -0.047627 60 200 60
-0.300000 -2.000000 -0.047675 60 200 60
-0.200000 -2.000000 -0.047756 60 200 60
-0.100000 -2.000000 -0.045621 220 40 40
0.000000 -2.000000 0.301748 220 40 40
0.100000 -2.000000 -0.040131 220 40 40
0.200000 -2.000000 -0.047596 60 200 60
0.300000 -2.000000 -0.047662 60 200 60
0.400000 -2.000000 -0.047649 60 200 60
0.500000 -2.000000 -0.047650 60 200 60
0.600000 -2.000000 -0.047581 60 200 60
0.700000 -2.000000 -0.047584 60 200 60
0.800000 -2.000000 -0.047525 60 200 60
0.900000 -2.000000 -0.047529 60 200 60
1.000000 -2.000000 -0.047477 60 200 60
1.100000 -2.000000 -0.047317 60 200 60
1.200000 -2.000000 -0.047292 60 200 60
1.300000 -2.000000 -0.047191 60 200 60
1.400000 -2.000000 -0.047134 60 200 60
1.500000 -2.000000 -0.047057 60 200 60
1.600000 -2.000000 -0.046956 60 200 60
1.700000 -2.000000 -0.047892 60 200 60
1.800000 -2.000000 -0.047918 60 200 60
1.900000 -2.000000 -0.047916 60 200 60
2.000000 -2.000000 -0.047921 60 200 60
2.100000 -2.000000 -0.047923 60 200 60
2.200000 -2.000000 -0.047894 60 200 60
2.300000 -2.000000 -0.047896 60 200 60
2.400000 -2.000000 -0.047885 60 200 60
2.500000 -2.000000 -0.047884 60 200 60
2.600000 -2.000000 -0.047858 60 200 60
2.700000 -2.000000 -0.047858 60 200 60
2.800000 -2.000000 -0.047857 60 200 60
2.900000 -2.000000 -0.047857 60 200 60
3.000000 -2.000000 -0.047857 60 200 60
3.100000 -2.000000 -0.047856 60 200 60
3.200000 -2.000000 -0.047856 60 200 60
3.300000 -2.000000 -0.047856 60 200 60
3.400000 -2.000000 -0.047856 60 200 60
3.500000 -2.000000 -0.047828 60 200 60
3.600000 -2.000000 -0.047828 60 200 60
3.700000 -2.000000 -0.047828 60 200 60
3.800000 -2.000000 -0.047828 60 200 60
3.900000 -2.000000 -0.047828 60 200 60
4.000000 -2.000000 -0.047828 60 200 60
4.100000 -2.000000 -0.047826 60 200 60
4.200000 -2.000000 -0.047826 60 200 60
4.300000 -2.000000 -0.045167 60 200 60
4.400000 -2.000000 -0.040114 60 200 60
4.500000 -2.000000 -0.038578 60 200 60
4.600000 -2.000000 -0.037781 60 200 60
4.700000 -2.000000 -0.035759 60 200 60
4.800000 -2.000000 -0.036545 60 200 60
4.900000 -2.000000 -0.032777 60 200 60
5.000000 -2.000000 -0.029570 60 200 60
5.100000 -2.000000 -0.046752 60 200 60
5.200000 -2.000000 -0.046206 220 40 40
-5.000000 -1.900000 -0.046804 220 40 40
-4.900000 -1.900000 -0.047263 60 200 60
-4.800000 -1.900000 -0.047300 60 200 60
-4.700000 -1.900000 -0.047297 60 200 60
-4.600000 -1.900000 -0.047299 60 200 60
-4.500000 -1.900000 -0.047305 60 200 60
-4.400000 -1.900000 -0.047365 60 200 60
-4.300000 -1.900000 -0.047362 60 200 60
-4.200000 -1.900000 -0.047377 60 200 60
-4.100000 -1.900000 -0.047436 60 200 60
-4.000000 -1.900000 -0.047441 60 200 60
-3.900000 -1.900000 -0.047437 60 200 60
-3.800000 -1.900000 -0.047439 60 200 60
-3.700000 -1.900000 -0.047445 60 200 60
-3.600000 -1.900000 -0.047455 60 200 60
-3.500000 -1.900000 -0.047458 60 200 60
-3.400000 -1.900000 -0.047631 60 200 60
-3.300000 -1.900000 -0.047604 60 200 60
-3.200000 -1.900000 -0.047604 60 200 60
-3.100000 -1.900000 -0.047569 60 200 60
-3.000000 -1.900000 -0.047465 220 40 40
-2.900000 -1.900000 -0.047392 220 40 40
-2.800000 -1.900000 -0.047392 220 40 40
-2.700000 -1.900000 -0.047435 220 40 40
-2.600000 -1.900000 -0.047437 60 200 60
-2.500000 -1.900000 -0.047422 60 200 60
-2.400000 -1.900000 -0.047423 60 200 60
-2.300000 -1.900000 -0.047412 60 200 60
-2.200000 -1.900000 -0.047412 60 200 60
-2.100000 -1.900000 -0.047406 60 200 60
-2.000000 -1.900000 -0.047403 60 200 60
-1.900000 -1.900000 -0.047399 60 200 60
-1.800000 -1.900000 -0.047912 60 200 60
-1.700000 -1.900000 -0.047916 60 200 60
-1.600000 -1.900000 -0.047916 60 200 60
-1.500000 -1.900000 -0.047931 60 200 60
-1.400000 -1.900000 -0.047952 60 200 60
-1.300000 -1.900000 -0.047970 60 200 60
-1.200000 -1.900000 -0.047964 60 200 60
-1.100000 -1.900000 -0.047970 60 200 60
-1.000000 -1.900000 -0.047976 60 200 60
-0.900000 -1.900000 -0.047977 60 200 60
-0.800000 -1.900000 -0.047984 60 200 60
-0.700000 -1.900000 -0.047990 60 200 60
-0.600000 -1.900000 -0.047349 60 200 60
-0.500000 -1.900000 -0.047370 60 200 60
-0.400000 -1.900000 -0.047404 60 200 60
-0.300000 -1.900000 -0.047462 60 200 60
-0.200000 -1.900000 -0.047523 60 200 60
-0.100000 -1.900000 -0.046307 220 40 40
0.000000 -1.900000 0.451822 220 40 40
0.100000 -1.900000 -0.038844 220 40 40
0.200000 -1.900000 -0.047597 60 200 60
0.300000 -1.900000 -0.047662 60 200 60
0.400000 -1.900000 -0.047650 60 200 60
0.500000 -1.900000 -0.047650 60 200 60
0.600000 -1.900000 -0.047582 60 200 60
0.700000 -1.900000 -0.047585 60 200 60
0.800000 -1.900000 -0.047526 60 200 60
0.900000 -1.900000 -0.047530 60 200 60
1.000000 -1.900000 -0.047478 60 200 60
1.100000 -1.900000 -0.047325 60 200 60
1.200000 -1.900000 -0.047298 60 200 60
1.300000 -1.900000 -0.047197 60 200 60
1.400000 -1.900000 -0.047143 60 200 60
1.500000 -1.900000 -0.047067 60 200 60
1.600000 -1.900000 -0.046966 60 200 60
1.700000 -1.900000 -0.047880 60 200 60
1.800000 -1.900000 -0.047919 60 200 60
1.900000 -1.900000 -0.047924 60 200 60
2.000000 -1.900000 -0.047907 60 200 60
2.100000 -1.900000 -0.047910 60 200 60
2.200000 -1.900000 -0.047880 60 200 60
2.300000 -1.900000 -0.047881 60 200 60
2.400000 -1.900000 -0.047870 60 200 60
2.500000 -1.900000 -0.047870 60 200 60
2.600000 -1.900000 -0.047843 60 200 60
2.700000 -1.900000 -0.047843 60 200 60
2.800000 -1.900000 -0.047844 60 200 60
2.900000 -1.900000 -0.047843 60 200 60
3.000000 -1.900000 -0.047843 60 200 60
3.100000 -1.900000 -0.047842 60 200 60
3.200000 -1.900000 -0.047842 60 200 60
3.300000 -1.900000 -0.047842 60 200 60
3.400000 -1.900000 -0.047842 60 200 60
3.500000 -1.900000 -0.047299 60 200 60
3.600000 -1.900000 -0.047300 60 200 60
3.700000 -1.900000 -0.047300 60 200 60
3.800000 -1.900000 -0.047310 60 200 60
3.900000 -1.900000 -0.047310 60 200 60
4.000000 -1.900000 -0.047312 60 200 60
4.100000 -1.900000 -0.047890 60 200 60
4.200000 -1.900000 -0.047890 60 200 60
4.300000 -1.900000 -0.044495 60 200 60
4.400000 -1.900000 -0.040281 60 200 60
4.500000 -1.900000 -0.038919 60 200 60
4.600000 -1.900000 -0.038192 60 200 60
4.700000 -1.900000 -0.036399 60 200 60
4.800000 -1.900000 -0.036422 60 200 60
4.900000 -1.900000 -0.032707 60 200 60
5.000000 -1.900000 -0.029591 60 200 60
5.100000 -1.900000 -0.046757 60 200 60
-5.000000 -1.800000 -0.046799 220 40 40
-4.900000 -1.800000 -0.047262 60 200 60
-4.800000 -1.800000 -0.047299 60 200 60
-4.700000 -1.800000 -0.047296 60 200 60
-4.600000 -1.800000 -0.047298 60 200 60
-4.500000 -1.800000 -0.047305 60 200 60
-4.400000 -1.800000 -0.047361 60 200 60
-4.300000 -1.800000 -0.047372 60 200 60
-4.200000 -1.800000 -0.047379 60 200 60
-4.100000 -1.800000 -0.047438 60 200 60
-4.000000 -1.800000 -0.047462 60 200 60
-3.900000 -1.800000 -0.047461 60 200 60
-3.800000 -1.800000 -0.047462 60 200 60
-3.700000 -1.800000 -0.047466 60 200 60
-3.600000 -1.800000 -0.047631 60 200 60
-3.500000 -1.800000 -0.047631 60 200 60
-3.400000 -1.800000 -0.047631 60 200 60
-3.300000 -1.800000 -0.047630 60 200 60
-3.200000 -1.800000 -0.047631 60 200 60
-3.100000 -1.800000 -0.047630 60 200 60
-3.000000 -1.800000 -0.047630 60 200 60
-2.900000 -1.800000 -0.047630 60 200 60
-2.800000 -1.800000 -0.047630 60 200 60
-2.700000 -1.800000 -0.047630 60 200 60
-2.600000 -1.800000 -0.047630 60 200 60
-2.500000 -1.800000 -0.047630 60 200 60
-2.400000 -1.800000 -0.047630 60 200 60
-2.300000 -1.800000 -0.047630 60 200 60
-2.200000 -1.800000 -0.047603 60 200 60
-2.100000 -1.800000 -0.047603 60 200 60
-2.000000 -1.800000 -0.047569 60 200 60
-1.900000 -1.800000 -0.047516 60 200 60
-1.800000 -1.800000 -0.047938 60 200 60
-1.700000 -1.800000 -0.047939 60 200 60
-1.600000 -1.800000 -0.047959 60 200 60
-1.500000 -1.800000 -0.047994 60 200 60
-1.400000 -1.800000 -0.048026 60 200 60
-1.300000 -1.800000 -0.048038 60 200 60
-1.200000 -1.800000 -0.048032 60 200 60
-1.100000 -1.800000 -0.047962 60 200 60
-1.000000 -1.800000 -0.047947 60 200 60
-0.900000 -1.800000 -0.047959 60 200 60
-0.800000 -1.800000 -0.047969 60 200 60
-0.700000 -1.800000 -0.047985 60 200 60
-0.600000 -1.800000 -0.047354 60 200 60
-0.500000 -1.800000 -0.047380 60 200 60
-0.400000 -1.800000 -0.047413 60 200 60
-0.300000 -1.800000 -0.047471 60 200 60
-0.200000 -1.800000 -0.047514 60 200 60
-0.100000 -1.800000 -0.046230 220 40 40
0.000000 -1.800000 0.602503 220 40 40
0.100000 -1.800000 -0.040303 220 40 40
0.200000 -1.800000 -0.047598 60 200 60
0.300000 -1.800000 -0.047662 60 200 60
0.400000 -1.800000 -0.047650 60 200 60
0.500000 -1.800000 -0.047650 60 200 60
0.600000 -1.800000 -0.047583 60 200 60
0.700000 -1.800000 -0.047586 60 200 60
0.800000 -1.800000 -0.047528 60 200 60
0.900000 -1.800000 -0.047531 60 200 60
1.000000 -1.800000 -0.047479 60 200 60
1.100000 -1.800000 -0.047332 60 200 60
1.200000 -1.800000 -0.047278 60 200 60
1.300000 -1.800000 -0.047207 60 200 60
1.400000 -1.800000 -0.047152 60 200 60
1.500000 -1.800000 -0.047077 60 200 60
1.600000 -1.800000 -0.046973 60 200 60
1.700000 -1.800000 -0.047918 60 200 60
1.800000 -1.800000 -0.047920 60 200 60
1.900000 -1.800000 -0.047925 60 200 60
2.000000 -1.800000 -0.047907 60 200 60
2.100000 -1.800000 -0.047910 60 200 60
2.200000 -1.800000 -0.047879 60 200 60
2.300000 -1.800000 -0.047881 60 200 60
2.400000 -1.800000 -0.047870 60 200 60
2.500000 -1.800000 -0.047869 60 200 60
2.600000 -1.800000 -0.047843 60 200 60
2.700000 -1.800000 -0.047843 60 200 60
2.800000 -1.800000 -0.047842 60 200 60
2.900000 -1.800000 -0.047842 60 200 60
3.000000 -1.800000 -0.047842 60 200 60
3.100000 -1.800000 -0.047842 60 200 60
3.200000 -1.800000 -0.047842 60 200 60
3.300000 -1.800000 -0.047841 60 200 60
3.400000 -1.800000 -0.047841 60 200 60
3.500000 -1.800000 -0.047302 60 200 60
3.600000 -1.800000 -0.047302 60 200 60
3.700000 -1.800000 -0.047312 60 200 60
3.800000 -1.800000 -0.047312 60 200 60
3.900000 -1.800000 -0.047312 60 200 60
4.000000 -1.800000 -0.047323 60 200 60
4.100000 -1.800000 -0.047315 60 200 60
4.200000 -1.800000 -0.047314 60 200 60
4.300000 -1.800000 -0.043464 60 200 60
4.400000 -1.800000 -0.040668 60 200 60
4.500000 -1.800000 -0.039536 60 200 60
4.600000 -1.800000 -0.038505 60 200 60
4.700000 -1.800000 -0.036890 60 200 60
4.800000 -1.800000 -0.036271 60 200 60
4.900000 -1.800000 -0.032608 60 200 60
5.000000 -1.800000 -0.029569 60 200 60
5.100000 -1.800000 -0.046727 220 40 40
-5.000000 -1.700000 -0.046795 220 40 40
-4.900000 -1.700000 -0.039728 60 200 60
-4.800000 -1.700000 -0.038344 60 200 60
-4.700000 -1.700000 -0.039073 60 200 60
-4.600000 -1.700000 -0.037502 60 200 60
-4.500000 -1.700000 -0.038741 60 200 60
-4.400000 -1.700000 -0.042049 60 200 60
-4.300000 -1.700000 -0.046635 60 200 60
-4.200000 -1.700000 -0.047381 60 200 60
-4.100000 -1.700000 -0.047444 60 200 60
-4.000000 -1.700000 -0.047461 60 200 60
-3.900000 -1.700000 -0.047461 60 200 60
-3.800000 -1.700000 -0.047459 60 200 60
-3.700000 -1.700000 -0.047461 60 200 60
-3.600000 -1.700000 -0.047631 60 200 60
-3.500000 -1.700000 -0.047631 60 200 60
-3.400000 -1.700000 -0.047631 60 200 60
-3.300000 -1.700000 -0.047631 60 200 60
-3.200000 -1.700000 -0.047525 60 200 60
-3.100000 -1.700000 -0.047526 60 200 60
-3.000000 -1.700000 -0.047530 60 200 60
-2.900000 -1.700000 -0.047528 60 200 60
-2.800000 -1.700000 -0.047530 60 200 60
-2.700000 -1.700000 -0.047534 60 200 60
-2.600000 -1.700000 -0.047630 60 200 60
-2.500000 -1.700000 -0.047630 60 200 60
-2.400000 -1.700000 -0.047630 60 200 60
-2.300000 -1.700000 -0.047630 60 200 60
-2.200000 -1.700000 -0.047630 60 200 60
-2.100000 -1.700000 -0.047630 60 200 60
-2.000000 -1.700000 -0.047630 60 200 60
-1.900000 -1.700000 -0.047630 60 200 60
-1.800000 -1.700000 -0.047899 60 200 60
-1.700000 -1.700000 -0.047901 60 200 60
-1.600000 -1.700000 -0.047902 60 200 60
-1.500000 -1.700000 -0.047972 60 200 60
-1.400000 -1.700000 -0.048017 60 200 60
-1.300000 -1.700000 -0.047995 60 200 60
-1.200000 -1.700000 -0.047998 60 200 60
-1.100000 -1.700000 -0.048053 60 200 60
-1.000000 -1.700000 -0.048037 60 200 60
-0.900000 -1.700000 -0.048045 60 200 60
-0.800000 -1.700000 -0.048062 60 200 60
-0.700000 -1.700000 -0.047577 60 200 60
-0.600000 -1.700000 -0.047566 60 200 60
-0.500000 -1.700000 -0.047583 60 200 60
-0.400000 -1.700000 -0.047597 60 200 60
-0.300000 -1.700000 -0.047622 60 200 60
-0.200000 -1.700000 -0.047630 60 200 60
-0.100000 -1.700000 -0.046665 220 40 40
0.000000 -1.700000 0.799835 220 40 40
0.100000 -1.700000 -0.039891 220 40 40
0.200000 -1.700000 -0.047552 60 200 60
0.300000 -1.700000 -0.047608 60 200 60
0.400000 -1.700000 -0.047608 60 200 60
0.500000 -1.700000 -0.047598 60 200 60
0.600000 -1.700000 -0.047538 60 200 60
0.700000 -1.700000 -0.047533 60 200 60
0.800000 -1.700000 -0.047476 60 200 60
0.900000 -1.700000 -0.047495 60 200 60
1.000000 -1.700000 -0.047444 60 200 60
1.100000 -1.700000 -0.047303 60 200 60
1.200000 -1.700000 -0.047244 60 200 60
1.300000 -1.700000 -0.047184 60 200 60
1.400000 -1.700000 -0.047125 60 200 60
1.500000 -1.700000 -0.047065 60 200 60
1.600000 -1.700000 -0.047010 60 200 60
1.700000 -1.700000 -0.047589 60 200 60
1.800000 -1.700000 -0.047652 60 200 60
1.900000 -1.700000 -0.047690 60 200 60
2.000000 -1.700000 -0.047681 60 200 60
2.100000 -1.700000 -0.047693 60 200 60
2.200000 -1.700000 -0.047228 60 200 60
2.300000 -1.700000 -0.047684 60 200 60
2.400000 -1.700000 -0.047697 60 200 60
2.500000 -1.700000 -0.047706 60 200 60
2.600000 -1.700000 -0.047731 60 200 60
2.700000 -1.700000 -0.047765 60 200 60
2.800000 -1.700000 -0.047814 60 200 60
2.900000 -1.700000 -0.047841 60 200 60
3.000000 -1.700000 -0.047841 60 200 60
3.100000 -1.700000 -0.047841 60 200 60
3.200000 -1.700000 -0.047841 60 200 60
3.300000 -1.700000 -0.047840 60 200 60
3.400000 -1.700000 -0.047840 60 200 60
3.500000 -1.700000 -0.047304 60 200 60
3.600000 -1.700000 -0.047304 60 200 60
3.700000 -1.700000 -0.047315 60 200 60
3.800000 -1.700000 -0.047315 60 200 60
3.900000 -1.700000 -0.047315 60 200 60
4.000000 -1.700000 -0.047325 60 200 60
4.100000 -1.700000 -0.047317 60 200 60
4.200000 -1.700000 -0.047317 60 200 60
4.300000 -1.700000 -0.042154 60 200 60
4.400000 -1.700000 -0.040532 60 200 60
4.500000 -1.700000 -0.038835 60 200 60
4.600000 -1.700000 -0.038370 60 200 60
4.700000 -1.700000 -0.036779 60 200 60
4.800000 -1.700000 -0.036145 60 200 60
4.900000 -1.700000 -0.032514 60 200 60
5.000000 -1.700000 -0.029520 60 200 60
5.100000 -1.700000 -0.046590 220 40 40
-5.000000 -1.600000 -0.046790 220 40 40
-4.900000 -1.600000 -0.039527 60 200 60
-4.800000 -1.600000 -0.038126 60 200 60
-4.700000 -1.600000 -0.038890 60 200 60
-4.600000 -1.600000 -0.034733 60 200 60
-4.500000 -1.600000 -0.036246 60 200 60
-4.400000 -1.600000 -0.037459 60 200 60
-4.300000 -1.600000 -0.044641 60 200 60
-4.200000 -1.600000 -0.047366 60 200 60
-4.100000 -1.600000 -0.047493 60 200 60
-4.000000 -1.600000 -0.047527 60 200 60
-3.900000 -1.600000 -0.047531 60 200 60
-3.800000 -1.600000 -0.047541 60 200 60
-3.700000 -1.600000 -0.047552 60 200 60
-3.600000 -1.600000 -0.047556 60 200 60
-3.500000 -1.600000 -0.047631 60 200 60
-3.400000 -1.600000 -0.047575 60 200 60
-3.300000 -1.600000 -0.047576 60 200 60
-3.200000 -1.600000 -0.047581 60 200 60
-3.100000 -1.600000 -0.047547 60 200 60
-3.000000 -1.600000 -0.047533 60 200 60
-2.900000 -1.600000 -0.047531 60 200 60
-2.800000 -1.600000 -0.047532 60 200 60
-2.700000 -1.600000 -0.047630 60 200 60
-2.600000 -1.600000 -0.047630 60 200 60
-2.500000 -1.600000 -0.047630 60 200 60
-2.400000 -1.600000 -0.047630 60 200 60
-2.300000 -1.600000 -0.047630 60 200 60
-2.200000 -1.600000 -0.047630 60 200 60
-2.100000 -1.600000 -0.047630 60 200 60
-2.000000 -1.600000 -0.047630 60 200 60
-1.900000 -1.600000 -0.047630 60 200 60
-1.800000 -1.600000 -0.047899 60 200 60
-1.700000 -1.600000 -0.047900 60 200 60
-1.600000 -1.600000 -0.047448 60 200 60
-1.500000 -1.600000 -0.047549 60 200 60
-1.400000 -1.600000 -0.048017 60 200 60
-1.300000 -1.600000 -0.048028 60 200 60
-1.200000 -1.600000 -0.048031 60 200 60
-1.100000 -1.600000 -0.048089 60 200 60
-1.000000 -1.600000 -0.048078 60 200 60
-0.900000 -1.600000 -0.048092 60 200 60
-0.800000 -1.600000 -0.048112 60 200 60
-0.700000 -1.600000 -0.048146 60 200 60
-0.600000 -1.600000 -0.048189 60 200 60
-0.500000 -1.600000 -0.048191 60 200 60
-0.400000 -1.600000 -0.047733 60 200 60
-0.300000 -1.600000 -0.047757 60 200 60
-0.200000 -1.600000 -0.047771 60 200 60
-0.100000 -1.600000 -0.047287 220 40 40
0.000000 -1.600000 0.016014 220 40 40
0.100000 -1.600000 -0.046885 220 40 40
0.200000 -1.600000 -0.047440 60 200 60
0.300000 -1.600000 -0.047484 60 200 60
0.400000 -1.600000 -0.047464 60 200 60
0.500000 -1.600000 -0.047453 60 200 60
0.600000 -1.600000 -0.047420 60 200 60
0.700000 -1.600000 -0.047431 60 200 60
0.800000 -1.600000 -0.047412 60 200 60
0.900000 -1.600000 -0.047407 60 200 60
1.000000 -1.600000 -0.047368 60 200 60
1.100000 -1.600000 -0.047304 60 200 60
1.200000 -1.600000 -0.047217 60 200 60
1.300000 -1.600000 -0.047211 60 200 60
1.400000 -1.600000 -0.047169 60 200 60
1.500000 -1.600000 -0.047127 60 200 60
1.600000 -1.600000 -0.047078 60 200 60
1.700000 -1.600000 -0.047520 60 200 60
1.800000 -1.600000 -0.047565 60 200 60
1.900000 -1.600000 -0.047597 60 200 60
2.000000 -1.600000 -0.047595 60 200 60
2.100000 -1.600000 -0.047601 60 200 60
2.200000 -1.600000 -0.047585 60 200 60
2.300000 -1.600000 -0.047594 60 200 60
2.400000 -1.600000 -0.047583 60 200 60
2.500000 -1.600000 -0.047584 60 200 60
2.600000 -1.600000 -0.047569 60 200 60
2.700000 -1.600000 -0.047579 60 200 60
2.800000 -1.600000 -0.047575 60 200 60
2.900000 -1.600000 -0.047581 60 200 60
3.000000 -1.600000 -0.047581 60 200 60
3.100000 -1.600000 -0.047582 60 200 60
3.200000 -1.600000 -0.047583 60 200 60
3.300000 -1.600000 -0.047589 60 200 60
3.400000 -1.600000 -0.047589 60 200 60
3.500000 -1.600000 -0.047827 60 200 60
3.600000 -1.600000 -0.047827 60 200 60
3.700000 -1.600000 -0.047827 60 200 60
3.800000 -1.600000 -0.047827 60 200 60
3.900000 -1.600000 -0.047827 60 200 60
4.000000 -1.600000 -0.047827 60 200 60
4.100000 -1.600000 -0.047825 60 200 60
4.200000 -1.600000 -0.047306 60 200 60
4.300000 -1.600000 -0.039634 60 200 60
4.400000 -1.600000 -0.038732 60 200 60
4.500000 -1.600000 -0.038690 60 200 60
4.600000 -1.600000 -0.038223 60 200 60
4.700000 -1.600000 -0.035986 60 200 60
4.800000 -1.600000 -0.036035 60 200 60
4.900000 -1.600000 -0.032436 60 200 60
5.000000 -1.600000 -0.029514 60 200 60
5.100000 -1.600000 -0.046599 220 40 40
-5.000000 -1.500000 -0.046782 220 40 40
-4.900000 -1.500000 -0.039282 60 200 60
-4.800000 -1.500000 -0.037837 60 200 60
-4.700000 -1.500000 -0.038646 60 200 60
-4.600000 -1.500000 -0.034450 60 200 60
-4.500000 -1.500000 -0.036002 60 200 60
-4.400000 -1.500000 -0.037223 60 200 60
-4.300000 -1.500000 -0.044544 60 200 60
-4.200000 -1.500000 -0.047362 60 200 60
-4.100000 -1.500000 -0.047446 60 200 60
-4.000000 -1.500000 -0.047475 60 200 60
-3.900000 -1.500000 -0.047467 60 200 60
-3.800000 -1.500000 -0.047466 60 200 60
-3.700000 -1.500000 -0.047629 60 200 60
-3.600000 -1.500000 -0.047631 60 200 60
-3.500000 -1.500000 -0.047631 60 200 60
-3.400000 -1.500000 -0.047631 60 200 60
-3.300000 -1.500000 -0.047631 60 200 60
-3.200000 -1.500000 -0.047534 60 200 60
-3.100000 -1.500000 -0.047534 60 200 60
-3.000000 -1.500000 -0.047536 60 200 60
-2.900000 -1.500000 -0.047534 60 200 60
-2.800000 -1.500000 -0.047536 60 200 60
-2.700000 -1.500000 -0.047541 60 200 60
-2.600000 -1.500000 -0.047630 60 200 60
-2.500000 -1.500000 -0.047630 60 200 60
-2.400000 -1.500000 -0.047630 60 200 60
-2.300000 -1.500000 -0.047630 60 200 60
-2.200000 -1.500000 -0.047630 60 200 60
-2.100000 -1.500000 -0.047630 60 200 60
-2.000000 -1.500000 -0.047630 60 200 60
-1.900000 -1.500000 -0.047630 60 200 60
-1.800000 -1.500000 -0.047899 60 200 60
-1.700000 -1.500000 -0.047900 60 200 60
-1.600000 -1.500000 -0.047483 60 200 60
-1.500000 -1.500000 -0.047558 60 200 60
-1.400000 -1.500000 -0.048017 60 200 60
-1.300000 -1.500000 -0.047651 60 200 60
-1.200000 -1.500000 -0.048058 60 200 60
-1.100000 -1.500000 -0.048111 60 200 60
-1.000000 -1.500000 -0.048093 60 200 60
-0.900000 -1.500000 -0.048128 60 200 60
-0.800000 -1.500000 -0.048141 60 200 60
-0.700000 -1.500000 -0.048178 60 200 60
-0.600000 -1.500000 -0.048222 60 200 60
-0.500000 -1.500000 -0.048241 60 200 60
-0.400000 -1.500000 -0.048244 60 200 60
-0.300000 -1.500000 -0.047790 60 200 60
-0.200000 -1.500000 -0.047808 60 200 60
-0.100000 -1.500000 -0.044169 220 40 40
0.000000 -1.500000 0.073883 220 40 40
0.100000 -1.500000 -0.045943 220 40 40
0.200000 -1.500000 -0.047490 60 200 60
0.300000 -1.500000 -0.047473 60 200 60
0.400000 -1.500000 -0.047446 60 200 60
0.500000 -1.500000 -0.047451 60 200 60
0.600000 -1.500000 -0.047403 60 200 60
0.700000 -1.500000 -0.047423 60 200 60
0.800000 -1.500000 -0.047415 60 200 60
0.900000 -1.500000 -0.047398 60 200 60
1.000000 -1.500000 -0.047371 60 200 60
1.100000 -1.500000 -0.047305 60 200 60
1.200000 -1.500000 -0.047249 60 200 60
1.300000 -1.500000 -0.047227 60 200 60
1.400000 -1.500000 -0.047189 60 200 60
1.500000 -1.500000 -0.047143 60 200 60
1.600000 -1.500000 -0.047091 60 200 60
1.700000 -1.500000 -0.047516 60 200 60
1.800000 -1.500000 -0.047559 60 200 60
1.900000 -1.500000 -0.047587 60 200 60
2.000000 -1.500000 -0.047583 60 200 60
2.100000 -1.500000 -0.047591 60 200 60
2.200000 -1.500000 -0.047574 60 200 60
2.300000 -1.500000 -0.047575 60 200 60
2.400000 -1.500000 -0.047566 60 200 60
2.500000 -1.500000 -0.047550 60 200 60
2.600000 -1.500000 -0.047554 60 200 60
2.700000 -1.500000 -0.047554 60 200 60
2.800000 -1.500000 -0.047554 60 200 60
2.900000 -1.500000 -0.047559 60 200 60
3.000000 -1.500000 -0.047559 60 200 60
3.100000 -1.500000 -0.047564 60 200 60
3.200000 -1.500000 -0.047574 60 200 60
3.300000 -1.500000 -0.047574 60 200 60
3.400000 -1.500000 -0.047580 60 200 60
3.500000 -1.500000 -0.047827 60 200 60
3.600000 -1.500000 -0.047827 60 200 60
3.700000 -1.500000 -0.047827 60 200 60
3.800000 -1.500000 -0.047827 60 200 60
3.900000 -1.500000 -0.047827 60 200 60
4.000000 -1.500000 -0.047827 60 200 60
4.100000 -1.500000 -0.047825 60 200 60
4.200000 -1.500000 -0.047317 60 200 60
4.300000 -1.500000 -0.039037 60 200 60
4.400000 -1.500000 -0.038158 60 200 60
4.500000 -1.500000 -0.038547 60 200 60
4.600000 -1.500000 -0.038064 60 200 60
4.700000 -1.500000 -0.035823 60 200 60
4.800000 -1.500000 -0.035943 60 200 60
4.900000 -1.500000 -0.032368 60 200 60
5.000000 -1.500000 -0.029492 60 200 60
5.100000 -1.500000 -0.046607 220 40 40
-5.000000 -1.400000 -0.046775 220 40 40
-4.900000 -1.400000 -0.039057 60 200 60
-4.800000 -1.400000 -0.036447 60 200 60
-4.700000 -1.400000 -0.038397 60 200 60
-4.600000 -1.400000 -0.034132 60 200 60
-4.500000 -1.400000 -0.035741 60 200 60
-4.400000 -1.400000 -0.037002 60 200 60
-4.300000 -1.400000 -0.044500 60 200 60
-4.200000 -1.400000 -0.047392 60 200 60
-4.100000 -1.400000 -0.047449 60 200 60
-4.000000 -1.400000 -0.047476 60 200 60
-3.900000 -1.400000 -0.047474 60 200 60
-3.800000 -1.400000 -0.047475 60 200 60
-3.700000 -1.400000 -0.047630 60 200 60
-3.600000 -1.400000 -0.047631 60 200 60
-3.500000 -1.400000 -0.047631 60 200 60
-3.400000 -1.400000 -0.047631 60 200 60
-3.300000 -1.400000 -0.047532 60 200 60
-3.200000 -1.400000 -0.047537 60 200 60
-3.100000 -1.400000 -0.047537 60 200 60
-3.000000 -1.400000 -0.047539 60 200 60
-2.900000 -1.400000 -0.047537 60 200 60
-2.800000 -1.400000 -0.047539 60 200 60
-2.700000 -1.400000 -0.047546 60 200 60
-2.600000 -1.400000 -0.047630 60 200 60
-2.500000 -1.400000 -0.047630 60 200 60
-2.400000 -1.400000 -0.047630 60 200 60
-2.300000 -1.400000 -0.047630 60 200 60
-2.200000 -1.400000 -0.047630 60 200 60
-2.100000 -1.400000 -0.047630 60 200 60
-2.000000 -1.400000 -0.047630 60 200 60
-1.900000 -1.400000 -0.047897 60 200 60
-1.800000 -1.400000 -0.047898 60 200 60
-1.700000 -1.400000 -0.047900 60 200 60
-1.600000 -1.400000 -0.047495 60 200 60
-1.500000 -1.400000 -0.047582 60 200 60
-1.400000 -1.400000 -0.048017 60 200 60
-1.300000 -1.400000 -0.047659 60 200 60
-1.200000 -1.400000 -0.048059 60 200 60
-1.100000 -1.400000 -0.048079 60 200 60
-1.000000 -1.400000 -0.048094 60 200 60
-0.900000 -1.400000 -0.048130 60 200 60
-0.800000 -1.400000 -0.048154 60 200 60
-0.700000 -1.400000 -0.048193 60 200 60
-0.600000 -1.400000 -0.047776 60 200 60
-0.500000 -1.400000 -0.048244 60 200 60
-0.400000 -1.400000 -0.048247 60 200 60
-0.300000 -1.400000 -0.047797 60 200 60
-0.200000 -1.400000 -0.047820 60 200 60
-0.100000 -1.400000 -0.038624 220 40 40
0.000000 -1.400000 0.105250 220 40 40
0.100000 -1.400000 -0.024586 220 40 40
0.200000 -1.400000 -0.047551 230 200 40
0.300000 -1.400000 -0.047455 60 200 60
0.400000 -1.400000 -0.047438 60 200 60
0.500000 -1.400000 -0.047415 60 200 60
0.600000 -1.400000 -0.047436 60 200 60
0.700000 -1.400000 -0.047466 60 200 60
0.800000 -1.400000 -0.047433 60 200 60
0.900000 -1.400000 -0.047416 60 200 60
1.000000 -1.400000 -0.047368 60 200 60
1.100000 -1.400000 -0.047300 60 200 60
1.200000 -1.400000 -0.047259 60 200 60
1.300000 -1.400000 -0.047230 60 200 60
1.400000 -1.400000 -0.047193 60 200 60
1.500000 -1.400000 -0.047146 60 200 60
1.600000 -1.400000 -0.047094 60 200 60
1.700000 -1.400000 -0.047513 60 200 60
1.800000 -1.400000 -0.047558 60 200 60
1.900000 -1.400000 -0.047585 60 200 60
2.000000 -1.400000 -0.047581 60 200 60
2.100000 -1.400000 -0.047588 60 200 60
2.200000 -1.400000 -0.047572 60 200 60
2.300000 -1.400000 -0.047562 60 200 60
2.400000 -1.400000 -0.047563 60 200 60
2.500000 -1.400000 -0.047548 60 200 60
2.600000 -1.400000 -0.047549 60 200 60
2.700000 -1.400000 -0.047553 60 200 60
2.800000 -1.400000 -0.047553 60 200 60
2.900000 -1.400000 -0.047558 60 200 60
3.000000 -1.400000 -0.047558 60 200 60
3.100000 -1.400000 -0.047563 60 200 60
3.200000 -1.400000 -0.047573 60 200 60
3.300000 -1.400000 -0.047574 60 200 60
3.400000 -1.400000 -0.047579 60 200 60
3.500000 -1.400000 -0.047827 60 200 60
3.600000 -1.400000 -0.047827 60 200 60
3.700000 -1.400000 -0.047827 60 200 60
3.800000 -1.400000 -0.047827 60 200 60
3.900000 -1.400000 -0.047827 60 200 60
4.000000 -1.400000 -0.047825 60 200 60
4.100000 -1.400000 -0.047825 60 200 60
4.200000 -1.400000 -0.047332 60 200 60
4.300000 -1.400000 -0.038867 60 200 60
4.400000 -1.400000 -0.037988 60 200 60
4.500000 -1.400000 -0.038409 60 200 60
4.600000 -1.400000 -0.037190 60 200 60
4.700000 -1.400000 -0.034729 60 200 60
4.800000 -1.400000 -0.034327 60 200 60
4.900000 -1.400000 -0.032324 60 200 60
5.000000 -1.400000 -0.029491 60 200 60
5.100000 -1.400000 -0.046323 220 40 40
-5.000000 -1.300000 -0.046769 220 40 40
-4.900000 -1.300000 -0.038841 60 200 60
-4.800000 -1.300000 -0.034726 60 200 60
-4.700000 -1.300000 -0.038155 60 200 60
-4.600000 -1.300000 -0.033803 60 200 60
-4.500000 -1.300000 -0.035441 60 200 60
-4.400000 -1.300000 -0.036739 60 200 60
-4.300000 -1.300000 -0.044587 60 200 60
-4.200000 -1.300000 -0.047386 60 200 60
-4.100000 -1.300000 -0.047450 60 200 60
-4.000000 -1.300000 -0.047491 60 200 60
-3.900000 -1.300000 -0.047487 60 200 60
-3.800000 -1.300000 -0.047487 60 200 60
-3.700000 -1.300000 -0.047631 60 200 60
-3.600000 -1.300000 -0.047631 60 200 60
-3.500000 -1.300000 -0.047631 60 200 60
-3.400000 -1.300000 -0.047631 60 200 60
-3.300000 -1.300000 -0.047540 60 200 60
-3.200000 -1.300000 -0.047544 60 200 60
-3.100000 -1.300000 -0.047544 60 200 60
-3.000000 -1.300000 -0.047546 60 200 60
-2.900000 -1.300000 -0.047543 60 200 60
-2.800000 -1.300000 -0.047545 60 200 60
-2.700000 -1.300000 -0.047552 60 200 60
-2.600000 -1.300000 -0.047630 60 200 60
-2.500000 -1.300000 -0.047630 60 200 60
-2.400000 -1.300000 -0.047630 60 200 60
-2.300000 -1.300000 -0.047630 60 200 60
-2.200000 -1.300000 -0.047630 60 200 60
-2.100000 -1.300000 -0.047630 60 200 60
-2.000000 -1.300000 -0.047630 60 200 60
-1.900000 -1.300000 -0.047897 60 200 60
-1.800000 -1.300000 -0.047898 60 200 60
-1.700000 -1.300000 -0.047899 60 200 60
-1.600000 -1.300000 -0.047558 60 200 60
-1.500000 -1.300000 -0.047592 60 200 60
-1.400000 -1.300000 -0.047647 60 200 60
-1.300000 -1.300000 -0.047688 60 200 60
-1.200000 -1.300000 -0.048068 60 200 60
-1.100000 -1.300000 -0.048090 60 200 60
-1.000000 -1.300000 -0.048103 60 200 60
-0.900000 -1.300000 -0.048132 60 200 60
-0.800000 -1.300000 -0.048156 60 200 60
-0.700000 -1.300000 -0.048195 60 200 60
-0.600000 -1.300000 -0.048227 60 200 60
-0.500000 -1.300000 -0.048247 60 200 60
-0.400000 -1.300000 -0.047363 60 200 60
-0.300000 -1.300000 -0.047804 60 200 60
-0.200000 -1.300000 -0.047830 220 40 40
-0.100000 -1.300000 0.025758 220 40 40
0.000000 -1.300000 0.102472 220 40 40
0.100000 -1.300000 0.097103 220 40 40
0.200000 -1.300000 -0.047566 220 40 40
0.300000 -1.300000 -0.047451 60 200 60
0.400000 -1.300000 -0.047466 60 200 60
0.500000 -1.300000 -0.047451 60 200 60
0.600000 -1.300000 -0.047461 60 200 60
0.700000 -1.300000 -0.047461 60 200 60
0.800000 -1.300000 -0.047434 60 200 60
0.900000 -1.300000 -0.047414 60 200 60
1.000000 -1.300000 -0.047368 60 200 60
1.100000 -1.300000 -0.047304 60 200 60
1.200000 -1.300000 -0.047261 60 200 60
1.300000 -1.300000 -0.047233 60 200 60
1.400000 -1.300000 -0.047192 60 200 60
1.500000 -1.300000 -0.047159 60 200 60
1.600000 -1.300000 -0.047119 60 200 60
1.700000 -1.300000 -0.047507 60 200 60
1.800000 -1.300000 -0.047552 60 200 60
1.900000 -1.300000 -0.047881 60 200 60
2.000000 -1.300000 -0.047886 60 200 60
2.100000 -1.300000 -0.047887 60 200 60
2.200000 -1.300000 -0.047890 60 200 60
2.300000 -1.300000 -0.047890 60 200 60
2.400000 -1.300000 -0.047893 60 200 60
2.500000 -1.300000 -0.047893 60 200 60
2.600000 -1.300000 -0.047893 60 200 60
2.700000 -1.300000 -0.047893 60 200 60
2.800000 -1.300000 -0.047894 60 200 60
2.900000 -1.300000 -0.047894 60 200 60
3.000000 -1.300000 -0.047894 60 200 60
3.100000 -1.300000 -0.047895 60 200 60
3.200000 -1.300000 -0.047895 60 200 60
3.300000 -1.300000 -0.047895 60 200 60
3.400000 -1.300000 -0.047895 60 200 60
3.500000 -1.300000 -0.047895 60 200 60
3.600000 -1.300000 -0.047895 60 200 60
3.700000 -1.300000 -0.047895 60 200 60
3.800000 -1.300000 -0.047897 60 200 60
3.900000 -1.300000 -0.047897 60 200 60
4.000000 -1.300000 -0.047897 60 200 60
4.100000 -1.300000 -0.047897 60 200 60
4.200000 -1.300000 -0.047897 60 200 60
4.300000 -1.300000 -0.038238 60 200 60
4.400000 -1.300000 -0.037810 60 200 60
4.500000 -1.300000 -0.038264 60 200 60
4.600000 -1.300000 -0.036193 60 200 60
4.700000 -1.300000 -0.033373 60 200 60
4.800000 -1.300000 -0.034215 60 200 60
4.900000 -1.300000 -0.032275 60 200 60
5.000000 -1.300000 -0.036480 60 200 60
5.100000 -1.300000 -0.046332 220 40 40
-4.900000 -1.200000 -0.021136 220 40 40
-4.800000 -1.200000 -0.021450 60 200 60
-4.700000 -1.200000 -0.032484 60 200 60
-4.600000 -1.200000 -0.028383 60 200 60
-4.500000 -1.200000 -0.031330 60 200 60
-4.400000 -1.200000 -0.033506 60 200 60
-4.300000 -1.200000 -0.044308 60 200 60
-4.200000 -1.200000 -0.047403 60 200 60
-4.100000 -1.200000 -0.047457 60 200 60
-4.000000 -1.200000 -0.047496 60 200 60
-3.900000 -1.200000 -0.047493 60 200 60
-3.800000 -1.200000 -0.047493 60 200 60
-3.700000 -1.200000 -0.047631 60 200 60
-3.600000 -1.200000 -0.047631 60 200 60
-3.500000 -1.200000 -0.047631 60 200 60
-3.400000 -1.200000 -0.047631 60 200 60
-3.300000 -1.200000 -0.047549 60 200 60
-3.200000 -1.200000 -0.047553 60 200 60
-3.100000 -1.200000 -0.047551 60 200 60
-3.000000 -1.200000 -0.047553 60 200 60
-2.900000 -1.200000 -0.047550 60 200 60
-2.800000 -1.200000 -0.047552 60 200 60
-2.700000 -1.200000 -0.047559 60 200 60
-2.600000 -1.200000 -0.047630 60 200 60
-2.500000 -1.200000 -0.047630 60 200 60
-2.400000 -1.200000 -0.047630 60 200 60
-2.300000 -1.200000 -0.047630 60 200 60
-2.200000 -1.200000 -0.047630 60 200 60
-2.100000 -1.200000 -0.047630 60 200 60
-2.000000 -1.200000 -0.047630 60 200 60
-1.900000 -1.200000 -0.047896 60 200 60
-1.800000 -1.200000 -0.047898 60 200 60
-1.700000 -1.200000 -0.047899 60 200 60
-1.600000 -1.200000 -0.047570 60 200 60
-1.500000 -1.200000 -0.047604 60 200 60
-1.400000 -1.200000 -0.047668 60 200 60
-1.300000 -1.200000 -0.047697 60 200 60
-1.200000 -1.200000 -0.048079 60 200 60
-1.100000 -1.200000 -0.048091 60 200 60
-1.000000 -1.200000 -0.048105 60 200 60
-0.900000 -1.200000 -0.048134 60 200 60
-0.800000 -1.200000 -0.048172 60 200 60
-0.700000 -1.200000 -0.048221 60 200 60
-0.600000 -1.200000 -0.048244 60 200 60
-0.500000 -1.200000 -0.047679 60 200 60
-0.400000 -1.200000 -0.047797 60 200 60
-0.300000 -1.200000 -0.047828 60 200 60
-0.200000 -1.200000 -0.047859 60 200 60
-0.100000 -1.200000 -0.040326 220 40 40
0.000000 -1.200000 0.101654 220 40 40
0.100000 -1.200000 -0.044327 220 40 40
0.200000 -1.200000 -0.047637 230 200 40
0.300000 -1.200000 -0.047472 60 200 60
0.400000 -1.200000 -0.047456 60 200 60
0.500000 -1.200000 -0.047481 60 200 60
0.600000 -1.200000 -0.047457 60 200 60
0.700000 -1.200000 -0.047459 60 200 60
0.800000 -1.200000 -0.047421 60 200 60
0.900000 -1.200000 -0.047400 60 200 60
1.000000 -1.200000 -0.047354 60 200 60
1.100000 -1.200000 -0.047293 60 200 60
1.200000 -1.200000 -0.047257 60 200 60
1.300000 -1.200000 -0.047235 60 200 60
1.400000 -1.200000 -0.047187 60 200 60
1.500000 -1.200000 -0.047162 60 200 60
1.600000 -1.200000 -0.047141 60 200 60
1.700000 -1.200000 -0.047865 60 200 60
1.800000 -1.200000 -0.047873 60 200 60
1.900000 -1.200000 -0.047882 60 200 60
2.000000 -1.200000 -0.047887 60 200 60
2.100000 -1.200000 -0.047887 60 200 60
2.200000 -1.200000 -0.047890 60 200 60
2.300000 -1.200000 -0.047890 60 200 60
2.400000 -1.200000 -0.047890 60 200 60
2.500000 -1.200000 -0.047891 60 200 60
2.600000 -1.200000 -0.047891 60 200 60
2.700000 -1.200000 -0.047891 60 200 60
2.800000 -1.200000 -0.047891 60 200 60
2.900000 -1.200000 -0.047892 60 200 60
3.000000 -1.200000 -0.047892 60 200 60
3.100000 -1.200000 -0.047892 60 200 60
3.200000 -1.200000 -0.047893 60 200 60
3.300000 -1.200000 -0.047893 60 200 60
3.400000 -1.200000 -0.047893 60 200 60
3.500000 -1.200000 -0.047893 60 200 60
3.600000 -1.200000 -0.047896 60 200 60
3.700000 -1.200000 -0.047896 60 200 60
3.800000 -1.200000 -0.047896 60 200 60
3.900000 -1.200000 -0.047896 60 200 60
4.000000 -1.200000 -0.047897 60 200 60
4.100000 -1.200000 -0.047897 60 200 60
4.200000 -1.200000 -0.047896 60 200 60
4.300000 -1.200000 -0.038061 60 200 60
4.400000 -1.200000 -0.037651 60 200 60
4.500000 -1.200000 -0.037571 60 200 60
4.600000 -1.200000 -0.036048 60 200 60
4.700000 -1.200000 -0.031756 60 200 60
4.800000 -1.200000 -0.032189 60 200 60
4.900000 -1.200000 -0.032245 60 200 60
5.000000 -1.200000 -0.036521 60 200 60
-4.900000 -1.100000 0.004768 220 40 40
-4.800000 -1.100000 -0.012391 230 200 40
-4.700000 -1.100000 -0.020840 60 200 60
-4.600000 -1.100000 -0.020891 60 200 60
-4.500000 -1.100000 -0.026160 60 200 60
-4.400000 -1.100000 -0.029722 60 200 60
-4.300000 -1.100000 -0.044201 60 200 60
-4.200000 -1.100000 -0.047400 60 200 60
-4.100000 -1.100000 -0.047466 60 200 60
-4.000000 -1.100000 -0.047512 60 200 60
-3.900000 -1.100000 -0.047510 60 200 60
-3.800000 -1.100000 -0.047507 60 200 60
-3.700000 -1.100000 -0.047631 60 200 60
-3.600000 -1.100000 -0.047631 60 200 60
-3.500000 -1.100000 -0.047631 60 200 60
-3.400000 -1.100000 -0.047631 60 200 60
-3.300000 -1.100000 -0.047555 60 200 60
-3.200000 -1.100000 -0.047561 60 200 60
-3.100000 -1.100000 -0.047560 60 200 60
-3.000000 -1.100000 -0.047561 60 200 60
-2.900000 -1.100000 -0.047559 60 200 60
-2.800000 -1.100000 -0.047560 60 200 60
-2.700000 -1.100000 -0.047566 60 200 60
-2.600000 -1.100000 -0.047630 60 200 60
-2.500000 -1.100000 -0.047630 60 200 60
-2.400000 -1.100000 -0.047630 60 200 60
-2.300000 -1.100000 -0.047630 60 200 60
-2.200000 -1.100000 -0.047630 60 200 60
-2.100000 -1.100000 -0.047630 60 200 60
-2.000000 -1.100000 -0.047630 60 200 60
-1.900000 -1.100000 -0.047896 60 200 60
-1.800000 -1.100000 -0.047897 60 200 60
-1.700000 -1.100000 -0.047899 60 200 60
-1.600000 -1.100000 -0.047584 60 200 60
-1.500000 -1.100000 -0.047617 60 200 60
-1.400000 -1.100000 -0.047676 60 200 60
-1.300000 -1.100000 -0.047708 60 200 60
-1.200000 -1.100000 -0.047726 60 200 60
-1.100000 -1.100000 -0.048104 60 200 60
-1.000000 -1.100000 -0.048106 60 200 60
-0.900000 -1.100000 -0.048150 60 200 60
-0.800000 -1.100000 -0.048185 60 200 60
-0.700000 -1.100000 -0.048224 60 200 60
-0.600000 -1.100000 -0.048268 60 200 60
-0.500000 -1.100000 -0.047909 60 200 60
-0.400000 -1.100000 -0.047826 60 200 60
-0.300000 -1.100000 -0.047860 60 200 60
-0.200000 -1.100000 -0.047881 60 200 60
-0.100000 -1.100000 -0.044761 220 40 40
0.000000 -1.100000 0.112671 220 40 40
0.100000 -1.100000 -0.045487 220 40 40
0.200000 -1.100000 -0.047684 60 200 60
0.300000 -1.100000 -0.047414 60 200 60
0.400000 -1.100000 -0.047508 60 200 60
0.500000 -1.100000 -0.047508 60 200 60
0.600000 -1.100000 -0.047495 60 200 60
0.700000 -1.100000 -0.047483 60 200 60
0.800000 -1.100000 -0.047430 60 200 60
0.900000 -1.100000 -0.047410 60 200 60
1.000000 -1.100000 -0.047369 60 200 60
1.100000 -1.100000 -0.047313 60 200 60
1.200000 -1.100000 -0.047279 60 200 60
1.300000 -1.100000 -0.047234 60 200 60
1.400000 -1.100000 -0.047190 60 200 60
1.500000 -1.100000 -0.047129 60 200 60
1.600000 -1.100000 -0.047162 60 200 60
1.700000 -1.100000 -0.047867 60 200 60
1.800000 -1.100000 -0.047874 60 200 60
1.900000 -1.100000 -0.047882 60 200 60
2.000000 -1.100000 -0.047887 60 200 60
2.100000 -1.100000 -0.047887 60 200 60
2.200000 -1.100000 -0.047891 60 200 60
2.300000 -1.100000 -0.047891 60 200 60
2.400000 -1.100000 -0.047891 60 200 60
2.500000 -1.100000 -0.047891 60 200 60
2.600000 -1.100000 -0.047891 60 200 60
2.700000 -1.100000 -0.047891 60 200 60
2.800000 -1.100000 -0.047892 60 200 60
2.900000 -1.100000 -0.047892 60 200 60
3.000000 -1.100000 -0.047892 60 200 60
3.100000 -1.100000 -0.047893 60 200 60
3.200000 -1.100000 -0.047893 60 200 60
3.300000 -1.100000 -0.047893 60 200 60
3.400000 -1.100000 -0.047893 60 200 60
3.500000 -1.100000 -0.047893 60 200 60
3.600000 -1.100000 -0.047893 60 200 60
3.700000 -1.100000 -0.047893 60 200 60
3.800000 -1.100000 -0.047893 60 200 60
3.900000 -1.100000 -0.047893 60 200 60
4.000000 -1.100000 -0.047894 60 200 60
4.100000 -1.100000 -0.047894 60 200 60
4.200000 -1.100000 -0.047892 60 200 60
4.300000 -1.100000 -0.037884 60 200 60
4.400000 -1.100000 -0.039358 60 200 60
4.500000 -1.100000 -0.037416 60 200 60
4.600000 -1.100000 -0.035913 60 200 60
4.700000 -1.100000 -0.031587 60 200 60
4.800000 -1.100000 -0.032109 60 200 60
4.900000 -1.100000 -0.029645 60 200 60
5.000000 -1.100000 -0.036527 60 200 60
-4.900000 -1.000000 0.004769 220 40 40
-4.800000 -1.000000 0.004799 220 40 40
-4.700000 -1.000000 -0.012142 60 200 60
-4.600000 -1.000000 -0.017019 60 200 60
-4.500000 -1.000000 -0.023634 60 200 60
-4.400000 -1.000000 -0.029496 60 200 60
-4.300000 -1.000000 -0.047463 60 200 60
-4.200000 -1.000000 -0.047410 60 200 60
-4.100000 -1.000000 -0.047481 60 200 60
-4.000000 -1.000000 -0.047528 60 200 60
-3.900000 -1.000000 -0.047524 60 200 60
-3.800000 -1.000000 -0.047520 60 200 60
-3.700000 -1.000000 -0.047524 60 200 60
-3.600000 -1.000000 -0.047631 60 200 60
-3.500000 -1.000000 -0.047631 60 200 60
-3.400000 -1.000000 -0.047631 60 200 60
-3.300000 -1.000000 -0.047564 60 200 60
-3.200000 -1.000000 -0.047567 60 200 60
-3.100000 -1.000000 -0.047566 60 200 60
-3.000000 -1.000000 -0.047567 60 200 60
-2.900000 -1.000000 -0.047565 60 200 60
-2.800000 -1.000000 -0.047568 60 200 60
-2.700000 -1.000000 -0.047573 60 200 60
-2.600000 -1.000000 -0.047630 60 200 60
-2.500000 -1.000000 -0.047630 60 200 60
-2.400000 -1.000000 -0.047630 60 200 60
-2.300000 -1.000000 -0.047630 60 200 60
-2.200000 -1.000000 -0.047630 60 200 60
-2.100000 -1.000000 -0.047630 60 200 60
-2.000000 -1.000000 -0.047630 60 200 60
-1.900000 -1.000000 -0.047896 60 200 60
-1.800000 -1.000000 -0.047897 60 200 60
-1.700000 -1.000000 -0.047547 60 200 60
-1.600000 -1.000000 -0.047597 60 200 60
-1.500000 -1.000000 -0.047629 60 200 60
-1.400000 -1.000000 -0.047687 60 200 60
-1.300000 -1.000000 -0.047723 60 200 60
-1.200000 -1.000000 -0.047742 60 200 60
-1.100000 -1.000000 -0.048105 60 200 60
-1.000000 -1.000000 -0.048115 60 200 60
-0.900000 -1.000000 -0.046568 60 200 60
-0.800000 -1.000000 -0.047006 60 200 60
-0.700000 -1.000000 -0.047861 60 200 60
-0.600000 -1.000000 -0.047902 60 200 60
-0.500000 -1.000000 -0.047929 60 200 60
-0.400000 -1.000000 -0.047539 60 200 60
-0.300000 -1.000000 -0.047729 60 200 60
-0.200000 -1.000000 -0.048280 60 200 60
-0.100000 -1.000000 -0.027226 220 40 40
0.000000 -1.000000 0.109067 220 40 40
0.100000 -1.000000 -0.043989 220 40 40
0.200000 -1.000000 -0.047612 60 200 60
0.300000 -1.000000 -0.047523 60 200 60
0.400000 -1.000000 -0.047528 60 200 60
0.500000 -1.000000 -0.047556 60 200 60
0.600000 -1.000000 -0.047509 60 200 60
0.700000 -1.000000 -0.047491 60 200 60
0.800000 -1.000000 -0.047455 60 200 60
0.900000 -1.000000 -0.047414 60 200 60
1.000000 -1.000000 -0.047389 60 200 60
1.100000 -1.000000 -0.047328 60 200 60
1.200000 -1.000000 -0.047330 60 200 60
1.300000 -1.000000 -0.047865 60 200 60
1.400000 -1.000000 -0.047832 60 200 60
1.500000 -1.000000 -0.047778 60 200 60
1.600000 -1.000000 -0.047820 60 200 60
1.700000 -1.000000 -0.047945 60 200 60
1.800000 -1.000000 -0.047937 60 200 60
1.900000 -1.000000 -0.047936 60 200 60
2.000000 -1.000000 -0.047943 60 200 60
2.100000 -1.000000 -0.047940 60 200 60
2.200000 -1.000000 -0.047944 60 200 60
2.300000 -1.000000 -0.047943 60 200 60
2.400000 -1.000000 -0.047942 60 200 60
2.500000 -1.000000 -0.047942 60 200 60
2.600000 -1.000000 -0.047941 60 200 60
2.700000 -1.000000 -0.047939 60 200 60
2.800000 -1.000000 -0.047940 60 200 60
2.900000 -1.000000 -0.047939 60 200 60
3.000000 -1.000000 -0.047940 60 200 60
3.100000 -1.000000 -0.047939 60 200 60
3.200000 -1.000000 -0.047940 60 200 60
3.300000 -1.000000 -0.047939 60 200 60
3.400000 -1.000000 -0.047939 60 200 60
3.500000 -1.000000 -0.047938 60 200 60
3.600000 -1.000000 -0.047894 60 200 60
3.700000 -1.000000 -0.047894 60 200 60
3.800000 -1.000000 -0.047894 60 200 60
3.900000 -1.000000 -0.047894 60 200 60
4.000000 -1.000000 -0.047894 60 200 60
4.100000 -1.000000 -0.047894 60 200 60
4.200000 -1.000000 -0.047278 60 200 60
4.300000 -1.000000 -0.037287 60 200 60
4.400000 -1.000000 -0.037282 60 200 60
4.500000 -1.000000 -0.036641 60 200 60
4.600000 -1.000000 -0.035774 60 200 60
4.700000 -1.000000 -0.031435 60 200 60
4.800000 -1.000000 -0.032070 60 200 60
4.900000 -1.000000 -0.029637 60 200 60
5.000000 -1.000000 -0.029617 60 200 60
-4.900000 -0.900000 0.004770 220 40 40
-4.800000 -0.900000 0.004800 220 40 40
-4.700000 -0.900000 -0.012095 60 200 60
-4.600000 -0.900000 -0.016843 60 200 60
-4.500000 -0.900000 -0.023414 60 200 60
-4.400000 -0.900000 -0.031780 60 200 60
-4.300000 -0.900000 -0.047464 60 200 60
-4.200000 -0.900000 -0.047412 60 200 60
-4.100000 -0.900000 -0.047484 60 200 60
-4.000000 -0.900000 -0.047531 60 200 60
-3.900000 -0.900000 -0.047529 60 200 60
-3.800000 -0.900000 -0.047523 60 200 60
-3.700000 -0.900000 -0.047527 60 200 60
-3.600000 -0.900000 -0.047631 60 200 60
-3.500000 -0.900000 -0.047631 60 200 60
-3.400000 -0.900000 -0.047631 60 200 60
-3.300000 -0.900000 -0.047568 60 200 60
-3.200000 -0.900000 -0.047572 60 200 60
-3.100000 -0.900000 -0.047571 60 200 60
-3.000000 -0.900000 -0.047572 60 200 60
-2.900000 -0.900000 -0.047568 60 200 60
-2.800000 -0.900000 -0.047573 60 200 60
-2.700000 -0.900000 -0.047578 60 200 60
-2.600000 -0.900000 -0.047579 60 200 60
-2.500000 -0.900000 -0.047630 60 200 60
-2.400000 -0.900000 -0.047630 60 200 60
-2.300000 -0.900000 -0.047630 60 200 60
-2.200000 -0.900000 -0.047630 60 200 60
-2.100000 -0.900000 -0.047630 60 200 60
-2.000000 -0.900000 -0.047630 60 200 60
-1.900000 -0.900000 -0.047895 60 200 60
-1.800000 -0.900000 -0.047897 60 200 60
-1.700000 -0.900000 -0.047558 60 200 60
-1.600000 -0.900000 -0.047610 60 200 60
-1.500000 -0.900000 -0.047643 60 200 60
-1.400000 -0.900000 -0.047698 60 200 60
-1.300000 -0.900000 -0.047734 60 200 60
-1.200000 -0.900000 -0.047763 60 200 60
-1.100000 -0.900000 -0.048106 60 200 60
-1.000000 -0.900000 -0.047755 60 200 60
-0.900000 -0.900000 -0.047796 60 200 60
-0.800000 -0.900000 -0.046426 60 200 60
-0.700000 -0.900000 -0.047876 60 200 60
-0.600000 -0.900000 -0.047916 60 200 60
-0.500000 -0.900000 -0.047942 60 200 60
-0.400000 -0.900000 -0.047841 60 200 60
-0.300000 -0.900000 -0.047873 60 200 60
-0.200000 -0.900000 -0.047915 60 200 60
-0.100000 -0.900000 -0.046963 220 40 40
0.000000 -0.900000 0.122521 220 40 40
0.100000 -0.900000 -0.047452 220 40 40
0.200000 -0.900000 -0.047613 220 40 40
0.300000 -0.900000 -0.047554 60 200 60
0.400000 -0.900000 -0.047582 60 200 60
0.500000 -0.900000 -0.047577 60 200 60
0.600000 -0.900000 -0.047516 60 200 60
0.700000 -0.900000 -0.047498 60 200 60
0.800000 -0.900000 -0.047466 60 200 60
0.900000 -0.900000 -0.047425 60 200 60
1.000000 -0.900000 -0.047416 60 200 60
1.100000 -0.900000 -0.047378 60 200 60
1.200000 -0.900000 -0.048048 60 200 60
1.300000 -0.900000 -0.048049 60 200 60
1.400000 -0.900000 -0.048054 60 200 60
1.500000 -0.900000 -0.047962 60 200 60
1.600000 -0.900000 -0.047885 60 200 60
1.700000 -0.900000 -0.047990 60 200 60
1.800000 -0.900000 -0.047975 60 200 60
1.900000 -0.900000 -0.047970 60 200 60
2.000000 -0.900000 -0.047977 60 200 60
2.100000 -0.900000 -0.047975 60 200 60
2.200000 -0.900000 -0.047979 60 200 60
2.300000 -0.900000 -0.047978 60 200 60
2.400000 -0.900000 -0.047976 60 200 60
2.500000 -0.900000 -0.047946 60 200 60
2.600000 -0.900000 -0.047943 60 200 60
2.700000 -0.900000 -0.047942 60 200 60
2.800000 -0.900000 -0.047943 60 200 60
2.900000 -0.900000 -0.047942 60 200 60
3.000000 -0.900000 -0.047943 60 200 60
3.100000 -0.900000 -0.047942 60 200 60
3.200000 -0.900000 -0.047943 60 200 60
3.300000 -0.900000 -0.047942 60 200 60
3.400000 -0.900000 -0.047940 60 200 60
3.500000 -0.900000 -0.047940 60 200 60
3.600000 -0.900000 -0.047894 60 200 60
3.700000 -0.900000 -0.047894 60 200 60
3.800000 -0.900000 -0.047894 60 200 60
3.900000 -0.900000 -0.047894 60 200 60
4.000000 -0.900000 -0.047895 60 200 60
4.100000 -0.900000 -0.047895 60 200 60
4.200000 -0.900000 -0.047238 60 200 60
4.300000 -0.900000 -0.036641 60 200 60
4.400000 -0.900000 -0.036545 60 200 60
4.500000 -0.900000 -0.035803 60 200 60
4.600000 -0.900000 -0.033881 60 200 60
4.700000 -0.900000 -0.027593 60 200 60
4.800000 -0.900000 -0.029661 60 200 60
4.900000 -0.900000 -0.029653 60 200 60
5.000000 -0.900000 -0.046650 220 40 40
-4.900000 -0.800000 0.004770 220 40 40
-4.800000 -0.800000 0.004800 220 40 40
-4.700000 -0.800000 -0.012062 60 200 60
-4.600000 -0.800000 -0.012132 60 200 60
-4.500000 -0.800000 -0.020510 60 200 60
-4.400000 -0.800000 -0.034186 60 200 60
-4.300000 -0.800000 -0.047465 60 200 60
-4.200000 -0.800000 -0.047426 60 200 60
-4.100000 -0.800000 -0.047497 60 200 60
-4.000000 -0.800000 -0.047535 60 200 60
-3.900000 -0.800000 -0.047530 60 200 60
-3.800000 -0.800000 -0.047526 60 200 60
-3.700000 -0.800000 -0.047531 60 200 60
-3.600000 -0.800000 -0.047631 60 200 60
-3.500000 -0.800000 -0.047631 60 200 60
-3.400000 -0.800000 -0.047631 60 200 60
-3.300000 -0.800000 -0.047572 60 200 60
-3.200000 -0.800000 -0.047576 60 200 60
-3.100000 -0.800000 -0.047577 60 200 60
-3.000000 -0.800000 -0.047576 60 200 60
-2.900000 -0.800000 -0.047571 60 200 60
-2.800000 -0.800000 -0.047577 60 200 60
-2.700000 -0.800000 -0.047581 60 200 60
-2.600000 -0.800000 -0.047582 60 200 60
-2.500000 -0.800000 -0.047630 60 200 60
-2.400000 -0.800000 -0.047630 60 200 60
-2.300000 -0.800000 -0.047630 60 200 60
-2.200000 -0.800000 -0.047630 60 200 60
-2.100000 -0.800000 -0.047630 60 200 60
-2.000000 -0.800000 -0.047630 60 200 60
-1.900000 -0.800000 -0.047895 60 200 60
-1.800000 -0.800000 -0.047896 60 200 60
-1.700000 -0.800000 -0.047572 60 200 60
-1.600000 -0.800000 -0.047626 60 200 60
-1.500000 -0.800000 -0.047655 60 200 60
-1.400000 -0.800000 -0.047711 60 200 60
-1.300000 -0.800000 -0.047747 60 200 60
-1.200000 -0.800000 -0.048095 60 200 60
-1.100000 -0.800000 -0.047754 60 200 60
-1.000000 -0.800000 -0.047775 60 200 60
-0.900000 -0.800000 -0.047795 60 200 60
-0.800000 -0.800000 -0.048202 220 40 40
-0.700000 -0.800000 -0.048246 220 40 40
-0.600000 -0.800000 -0.048265 220 40 40
-0.500000 -0.800000 -0.048310 220 40 40
-0.400000 -0.800000 -0.048313 230 200 40
-0.300000 -0.800000 -0.048344 230 200 40
-0.200000 -0.800000 -0.048359 230 200 40
-0.100000 -0.800000 -0.045100 220 40 40
0.000000 -0.800000 0.142149 220 40 40
0.100000 -0.800000 0.132365 220 40 40
0.200000 -0.800000 -0.048147 220 40 40
0.300000 -0.800000 -0.048105 220 40 40
0.400000 -0.800000 -0.047492 220 40 40
0.500000 -0.800000 -0.047483 220 40 40
0.600000 -0.800000 -0.047514 220 40 40
0.700000 -0.800000 -0.047486 220 40 40
0.800000 -0.800000 -0.047505 220 40 40
0.900000 -0.800000 -0.047467 60 200 60
1.000000 -0.800000 -0.047459 60 200 60
1.100000 -0.800000 -0.047429 60 200 60
1.200000 -0.800000 -0.048125 60 200 60
1.300000 -0.800000 -0.048126 60 200 60
1.400000 -0.800000 -0.048140 60 200 60
1.500000 -0.800000 -0.048103 60 200 60
1.600000 -0.800000 -0.047971 60 200 60
1.700000 -0.800000 -0.048032 60 200 60
1.800000 -0.800000 -0.048025 60 200 60
1.900000 -0.800000 -0.047992 60 200 60
2.000000 -0.800000 -0.047999 60 200 60
2.100000 -0.800000 -0.047982 60 200 60
2.200000 -0.800000 -0.047986 60 200 60
2.300000 -0.800000 -0.047984 60 200 60
2.400000 -0.800000 -0.047979 60 200 60
2.500000 -0.800000 -0.047978 60 200 60
2.600000 -0.800000 -0.047976 60 200 60
2.700000 -0.800000 -0.047978 60 200 60
2.800000 -0.800000 -0.047892 60 200 60
2.900000 -0.800000 -0.047974 60 200 60
3.000000 -0.800000 -0.047975 60 200 60
3.100000 -0.800000 -0.047971 60 200 60
3.200000 -0.800000 -0.047972 60 200 60
3.300000 -0.800000 -0.047971 60 200 60
3.400000 -0.800000 -0.047944 60 200 60
3.500000 -0.800000 -0.047943 60 200 60
3.600000 -0.800000 -0.047895 60 200 60
3.700000 -0.800000 -0.047895 60 200 60
3.800000 -0.800000 -0.047895 60 200 60
3.900000 -0.800000 -0.047895 60 200 60
4.000000 -0.800000 -0.047895 60 200 60
4.100000 -0.800000 -0.047895 60 200 60
4.200000 -0.800000 -0.047209 60 200 60
4.300000 -0.800000 -0.035402 60 200 60
4.400000 -0.800000 -0.034956 60 200 60
4.500000 -0.800000 -0.034890 60 200 60
4.600000 -0.800000 -0.032699 60 200 60
4.700000 -0.800000 -0.027522 60 200 60
4.800000 -0.800000 -0.029673 60 200 60
4.900000 -0.800000 -0.029651 60 200 60
5.000000 -0.800000 -0.046655 220 40 40
-4.900000 -0.700000 0.004771 220 40 40
-4.800000 -0.700000 0.004801 220 40 40
-4.700000 -0.700000 -0.012024 60 200 60
-4.600000 -0.700000 -0.012096 60 200 60
-4.500000 -0.700000 -0.017062 60 200 60
-4.400000 -0.700000 -0.034127 60 200 60
-4.300000 -0.700000 -0.047469 60 200 60
-4.200000 -0.700000 -0.047432 60 200 60
-4.100000 -0.700000 -0.047499 60 200 60
-4.000000 -0.700000 -0.047554 60 200 60
-3.900000 -0.700000 -0.047549 60 200 60
-3.800000 -0.700000 -0.047543 60 200 60
-3.700000 -0.700000 -0.047547 60 200 60
-3.600000 -0.700000 -0.047631 60 200 60
-3.500000 -0.700000 -0.047631 60 200 60
-3.400000 -0.700000 -0.047631 60 200 60
-3.300000 -0.700000 -0.047673 60 200 60
-3.200000 -0.700000 -0.047674 60 200 60
-3.100000 -0.700000 -0.047672 60 200 60
-3.000000 -0.700000 -0.047670 60 200 60
-2.900000 -0.700000 -0.047575 60 200 60
-2.800000 -0.700000 -0.047580 60 200 60
-2.700000 -0.700000 -0.047584 60 200 60
-2.600000 -0.700000 -0.047587 60 200 60
-2.500000 -0.700000 -0.047631 60 200 60
-2.400000 -0.700000 -0.047630 60 200 60
-2.300000 -0.700000 -0.047630 60 200 60
-2.200000 -0.700000 -0.047630 60 200 60
-2.100000 -0.700000 -0.047630 60 200 60
-2.000000 -0.700000 -0.047630 60 200 60
-1.900000 -0.700000 -0.047894 60 200 60
-1.800000 -0.700000 -0.047896 60 200 60
-1.700000 -0.700000 -0.047580 60 200 60
-1.600000 -0.700000 -0.047638 60 200 60
-1.500000 -0.700000 -0.047668 60 200 60
-1.400000 -0.700000 -0.047723 60 200 60
-1.300000 -0.700000 -0.047759 60 200 60
-1.200000 -0.700000 -0.048096 60 200 60
-1.100000 -0.700000 -0.047778 60 200 60
-1.000000 -0.700000 -0.047642 60 200 60
-0.900000 -0.700000 -0.047867 60 200 60
-0.800000 -0.700000 -0.048189 220 40 40
-0.700000 -0.700000 0.137303 220 40 40
-0.600000 -0.700000 0.283930 220 40 40
-0.500000 -0.700000 0.093375 220 40 40
-0.400000 -0.700000 -0.046418 220 40 40
-0.300000 -0.700000 0.016646 220 40 40
-0.200000 -0.700000 -0.008491 220 40 40
-0.100000 -0.700000 -0.007461 220 40 40
0.000000 -0.700000 0.285303 220 40 40
0.100000 -0.700000 0.209960 220 40 40
0.200000 -0.700000 0.286298 220 40 40
0.300000 -0.700000 0.136908 220 40 40
0.400000 -0.700000 0.149942 220 40 40
0.500000 -0.700000 0.285712 220 40 40
0.600000 -0.700000 0.165888 220 40 40
0.700000 -0.700000 0.283707 220 40 40
0.800000 -0.700000 -0.047399 220 40 40
0.900000 -0.700000 -0.047454 60 200 60
1.000000 -0.700000 -0.047458 60 200 60
1.100000 -0.700000 -0.047426 60 200 60
1.200000 -0.700000 -0.048166 60 200 60
1.300000 -0.700000 -0.048166 60 200 60
1.400000 -0.700000 -0.048184 60 200 60
1.500000 -0.700000 -0.048148 60 200 60
1.600000 -0.700000 -0.048000 60 200 60
1.700000 -0.700000 -0.048076 60 200 60
1.800000 -0.700000 -0.048063 60 200 60
1.900000 -0.700000 -0.048020 60 200 60
2.000000 -0.700000 -0.048009 60 200 60
2.100000 -0.700000 -0.048005 60 200 60
2.200000 -0.700000 -0.048006 60 200 60
2.300000 -0.700000 -0.048004 60 200 60
2.400000 -0.700000 -0.048002 60 200 60
2.500000 -0.700000 -0.048000 60 200 60
2.600000 -0.700000 -0.047892 60 200 60
2.700000 -0.700000 -0.047894 60 200 60
2.800000 -0.700000 -0.047895 60 200 60
2.900000 -0.700000 -0.047894 60 200 60
3.000000 -0.700000 -0.047992 60 200 60
3.100000 -0.700000 -0.047977 60 200 60
3.200000 -0.700000 -0.047978 60 200 60
3.300000 -0.700000 -0.047977 60 200 60
3.400000 -0.700000 -0.047948 60 200 60
3.500000 -0.700000 -0.047947 60 200 60
3.600000 -0.700000 -0.047895 60 200 60
3.700000 -0.700000 -0.047895 60 200 60
3.800000 -0.700000 -0.047895 60 200 60
3.900000 -0.700000 -0.047895 60 200 60
4.000000 -0.700000 -0.047896 60 200 60
4.100000 -0.700000 -0.047896 60 200 60
4.200000 -0.700000 -0.047185 60 200 60
4.300000 -0.700000 -0.034574 60 200 60
4.400000 -0.700000 -0.033920 60 200 60
4.500000 -0.700000 -0.031313 60 200 60
4.600000 -0.700000 -0.031372 60 200 60
4.700000 -0.700000 -0.024948 60 200 60
4.800000 -0.700000 -0.029682 60 200 60
4.900000 -0.700000 -0.029662 60 200 60
5.000000 -0.700000 -0.046660 220 40 40
-4.900000 -0.600000 0.004772 220 40 40
-4.800000 -0.600000 0.004801 220 40 40
-4.700000 -0.600000 -0.020805 60 200 60
-4.600000 -0.600000 -0.012069 60 200 60
-4.500000 -0.600000 -0.017021 60 200 60
-4.400000 -0.600000 -0.029051 60 200 60
-4.300000 -0.600000 -0.047495 60 200 60
-4.200000 -0.600000 -0.047449 60 200 60
-4.100000 -0.600000 -0.047519 60 200 60
-4.000000 -0.600000 -0.047580 60 200 60
-3.900000 -0.600000 -0.047571 60 200 60
-3.800000 -0.600000 -0.047560 60 200 60
-3.700000 -0.600000 -0.047564 60 200 60
-3.600000 -0.600000 -0.047568 60 200 60
-3.500000 -0.600000 -0.047631 60 200 60
-3.400000 -0.600000 -0.047631 60 200 60
-3.300000 -0.600000 -0.047631 60 200 60
-3.200000 -0.600000 -0.047690 60 200 60
-3.100000 -0.600000 -0.047687 60 200 60
-3.000000 -0.600000 -0.047682 60 200 60
-2.900000 -0.600000 -0.047675 60 200 60
-2.800000 -0.600000 -0.047675 60 200 60
-2.700000 -0.600000 -0.047676 60 200 60
-2.600000 -0.600000 -0.047631 60 200 60
-2.500000 -0.600000 -0.047631 60 200 60
-2.400000 -0.600000 -0.047630 60 200 60
-2.300000 -0.600000 -0.047630 60 200 60
-2.200000 -0.600000 -0.047630 60 200 60
-2.100000 -0.600000 -0.047630 60 200 60
-2.000000 -0.600000 -0.047630 60 200 60
-1.900000 -0.600000 -0.047894 60 200 60
-1.800000 -0.600000 -0.047895 60 200 60
-1.700000 -0.600000 -0.047897 60 200 60
-1.600000 -0.600000 -0.047653 60 200 60
-1.500000 -0.600000 -0.047682 60 200 60
-1.400000 -0.600000 -0.047736 60 200 60
-1.300000 -0.600000 -0.047770 60 200 60
-1.200000 -0.600000 -0.048115 60 200 60
-1.100000 -0.600000 -0.047833 60 200 60
-1.000000 -0.600000 -0.047861 60 200 60
-0.900000 -0.600000 -0.047892 60 200 60
-0.800000 -0.600000 -0.048158 220 40 40
-0.700000 -0.600000 0.267891 220 40 40
-0.600000 -0.600000 0.320240 220 40 40
-0.500000 -0.600000 0.363064 220 40 40
-0.400000 -0.600000 0.357199 220 40 40
-0.300000 -0.600000 0.366064 220 40 40
-0.200000 -0.600000 0.372484 220 40 40
-0.100000 -0.600000 0.353317 220 40 40
0.000000 -0.600000 0.370102 220 40 40
0.100000 -0.600000 0.379654 220 40 40
0.200000 -0.600000 0.396148 220 40 40
0.300000 -0.600000 0.344688 220 40 40
0.400000 -0.600000 0.352448 220 40 40
0.500000 -0.600000 0.361865 220 40 40
0.600000 -0.600000 0.363940 220 40 40
0.700000 -0.600000 0.363276 220 40 40
0.800000 -0.600000 -0.047584 220 40 40
0.900000 -0.600000 -0.047473 60 200 60
1.000000 -0.600000 -0.047479 60 200 60
1.100000 -0.600000 -0.047454 60 200 60
1.200000 -0.600000 -0.048242 60 200 60
1.300000 -0.600000 -0.048242 60 200 60
1.400000 -0.600000 -0.048267 60 200 60
1.500000 -0.600000 -0.048258 60 200 60
1.600000 -0.600000 -0.048232 60 200 60
1.700000 -0.600000 -0.048155 60 200 60
1.800000 -0.600000 -0.048106 60 200 60
1.900000 -0.600000 -0.048063 60 200 60
2.000000 -0.600000 -0.048050 60 200 60
2.100000 -0.600000 -0.048026 60 200 60
2.200000 -0.600000 -0.048023 60 200 60
2.300000 -0.600000 -0.048018 60 200 60
2.400000 -0.600000 -0.047884 60 200 60
2.500000 -0.600000 -0.047879 60 200 60
2.600000 -0.600000 -0.047896 60 200 60
2.700000 -0.600000 -0.047896 60 200 60
2.800000 -0.600000 -0.047896 60 200 60
2.900000 -0.600000 -0.047895 60 200 60
3.000000 -0.600000 -0.047896 60 200 60
3.100000 -0.600000 -0.047897 60 200 60
3.200000 -0.600000 -0.047897 60 200 60
3.300000 -0.600000 -0.047953 60 200 60
3.400000 -0.600000 -0.047950 60 200 60
3.500000 -0.600000 -0.047949 60 200 60
3.600000 -0.600000 -0.047896 60 200 60
3.700000 -0.600000 -0.047896 60 200 60
3.800000 -0.600000 -0.047896 60 200 60
3.900000 -0.600000 -0.047896 60 200 60
4.000000 -0.600000 -0.047897 60 200 60
4.100000 -0.600000 -0.047896 60 200 60
4.200000 -0.600000 -0.047127 60 200 60
4.300000 -0.600000 -0.032984 60 200 60
4.400000 -0.600000 -0.032843 60 200 60
4.500000 -0.600000 -0.029804 60 200 60
4.600000 -0.600000 -0.029837 60 200 60
4.700000 -0.600000 -0.024936 60 200 60
4.800000 -0.600000 -0.029678 60 200 60
4.900000 -0.600000 -0.029652 60 200 60
-4.900000 -0.500000 0.004773 220 40 40
-4.800000 -0.500000 0.004801 220 40 40
-4.700000 -0.500000 -0.020739 60 200 60
-4.600000 -0.500000 -0.012062 60 200 60
-4.500000 -0.500000 -0.020824 60 200 60
-4.400000 -0.500000 -0.025756 60 200 60
-4.300000 -0.500000 -0.047300 60 200 60
-4.200000 -0.500000 -0.047468 60 200 60
-4.100000 -0.500000 -0.047539 60 200 60
-4.000000 -0.500000 -0.047609 60 200 60
-3.900000 -0.500000 -0.047600 60 200 60
-3.800000 -0.500000 -0.047587 60 200 60
-3.700000 -0.500000 -0.047587 60 200 60
-3.600000 -0.500000 -0.047590 60 200 60
-3.500000 -0.500000 -0.047576 60 200 60
-3.400000 -0.500000 -0.047631 60 200 60
-3.300000 -0.500000 -0.047631 60 200 60
-3.200000 -0.500000 -0.047631 60 200 60
-3.100000 -0.500000 -0.047631 60 200 60
-3.000000 -0.500000 -0.047631 60 200 60
-2.900000 -0.500000 -0.047704 60 200 60
-2.800000 -0.500000 -0.047703 60 200 60
-2.700000 -0.500000 -0.047701 60 200 60
-2.600000 -0.500000 -0.047696 60 200 60
-2.500000 -0.500000 -0.047698 60 200 60
-2.400000 -0.500000 -0.047631 60 200 60
-2.300000 -0.500000 -0.047630 60 200 60
-2.200000 -0.500000 -0.047630 60 200 60
-2.100000 -0.500000 -0.047630 60 200 60
-2.000000 -0.500000 -0.047630 60 200 60
-1.900000 -0.500000 -0.047893 60 200 60
-1.800000 -0.500000 -0.047895 60 200 60
-1.700000 -0.500000 -0.047602 60 200 60
-1.600000 -0.500000 -0.047669 60 200 60
-1.500000 -0.500000 -0.047725 60 200 60
-1.400000 -0.500000 -0.047747 60 200 60
-1.300000 -0.500000 -0.047782 60 200 60
-1.200000 -0.500000 -0.048116 60 200 60
-1.100000 -0.500000 -0.047856 60 200 60
-1.000000 -0.500000 -0.047887 60 200 60
-0.900000 -0.500000 -0.047917 60 200 60
-0.800000 -0.500000 -0.048117 220 40 40
-0.700000 -0.500000 -0.047244 220 40 40
-0.600000 -0.500000 -0.046789 220 40 40
-0.500000 -0.500000 0.488499 220 40 40
-0.400000 -0.500000 0.500075 220 40 40
-0.300000 -0.500000 0.487014 220 40 40
-0.200000 -0.500000 0.497218 220 40 40
-0.100000 -0.500000 0.481352 220 40 40
0.000000 -0.500000 0.488719 220 40 40
0.100000 -0.500000 0.507594 220 40 40
0.200000 -0.500000 0.493495 220 40 40
0.300000 -0.500000 0.485687 220 40 40
0.400000 -0.500000 0.491902 220 40 40
0.500000 -0.500000 0.517938 220 40 40
0.600000 -0.500000 0.445554 220 40 40
0.700000 -0.500000 0.489098 220 40 40
0.800000 -0.500000 -0.047665 220 40 40
0.900000 -0.500000 -0.047584 60 200 60
1.000000 -0.500000 -0.047530 60 200 60
1.100000 -0.500000 -0.047484 60 200 60
1.200000 -0.500000 -0.048306 60 200 60
1.300000 -0.500000 -0.048296 60 200 60
1.400000 -0.500000 -0.048336 60 200 60
1.500000 -0.500000 -0.048331 60 200 60
1.600000 -0.500000 -0.048339 60 200 60
1.700000 -0.500000 -0.048236 60 200 60
1.800000 -0.500000 -0.048180 60 200 60
1.900000 -0.500000 -0.048137 60 200 60
2.000000 -0.500000 -0.048132 60 200 60
2.100000 -0.500000 -0.048138 60 200 60
2.200000 -0.500000 -0.047856 60 200 60
2.300000 -0.500000 -0.047896 60 200 60
2.400000 -0.500000 -0.047894 60 200 60
2.500000 -0.500000 -0.047894 60 200 60
2.600000 -0.500000 -0.047895 60 200 60
2.700000 -0.500000 -0.047895 60 200 60
2.800000 -0.500000 -0.047895 60 200 60
2.900000 -0.500000 -0.047894 60 200 60
3.000000 -0.500000 -0.047894 60 200 60
3.100000 -0.500000 -0.047893 60 200 60
3.200000 -0.500000 -0.047894 60 200 60
3.300000 -0.500000 -0.047889 60 200 60
3.400000 -0.500000 -0.047957 60 200 60
3.500000 -0.500000 -0.047955 60 200 60
3.600000 -0.500000 -0.047893 60 200 60
3.700000 -0.500000 -0.047892 60 200 60
3.800000 -0.500000 -0.047898 60 200 60
3.900000 -0.500000 -0.047899 60 200 60
4.000000 -0.500000 -0.047898 60 200 60
4.100000 -0.500000 -0.047898 60 200 60
4.200000 -0.500000 -0.047072 60 200 60
4.300000 -0.500000 -0.031961 60 200 60
4.400000 -0.500000 -0.031552 60 200 60
4.500000 -0.500000 -0.029792 60 200 60
4.600000 -0.500000 -0.029844 60 200 60
4.700000 -0.500000 -0.024920 60 200 60
4.800000 -0.500000 -0.029684 60 200 60
4.900000 -0.500000 -0.029668 60 200 60
-4.900000 -0.400000 0.004773 220 40 40
-4.800000 -0.400000 0.004802 220 40 40
-4.700000 -0.400000 -0.020683 60 200 60
-4.600000 -0.400000 -0.012015 60 200 60
-4.500000 -0.400000 -0.020781 60 200 60
-4.400000 -0.400000 -0.023653 60 200 60
-4.300000 -0.400000 -0.047285 60 200 60
-4.200000 -0.400000 -0.047486 60 200 60
-4.100000 -0.400000 -0.047579 60 200 60
-4.000000 -0.400000 -0.047662 60 200 60
-3.900000 -0.400000 -0.047653 60 200 60
-3.800000 -0.400000 -0.047641 60 200 60
-3.700000 -0.400000 -0.047787 60 200 60
-3.600000 -0.400000 -0.047783 60 200 60
-3.500000 -0.400000 -0.047768 60 200 60
-3.400000 -0.400000 -0.047772 60 200 60
-3.300000 -0.400000 -0.047631 60 200 60
-3.200000 -0.400000 -0.047631 60 200 60
-3.100000 -0.400000 -0.047631 60 200 60
-3.000000 -0.400000 -0.047631 60 200 60
-2.900000 -0.400000 -0.047631 60 200 60
-2.800000 -0.400000 -0.047724 60 200 60
-2.700000 -0.400000 -0.047720 60 200 60
-2.600000 -0.400000 -0.047719 60 200 60
-2.500000 -0.400000 -0.047717 60 200 60
-2.400000 -0.400000 -0.047719 60 200 60
-2.300000 -0.400000 -0.047719 60 200 60
-2.200000 -0.400000 -0.047630 60 200 60
-2.100000 -0.400000 -0.047630 60 200 60
-2.000000 -0.400000 -0.047630 60 200 60
-1.900000 -0.400000 -0.047893 60 200 60
-1.800000 -0.400000 -0.047894 60 200 60
-1.700000 -0.400000 -0.047631 60 200 60
-1.600000 -0.400000 -0.047683 60 200 60
-1.500000 -0.400000 -0.047736 60 200 60
-1.400000 -0.400000 -0.047758 60 200 60
-1.300000 -0.400000 -0.047796 60 200 60
-1.200000 -0.400000 -0.047834 60 200 60
-1.100000 -0.400000 -0.048102 60 200 60
-1.000000 -0.400000 -0.047916 60 200 60
-0.900000 -0.400000 -0.047941 60 200 60
-0.800000 -0.400000 -0.048105 220 40 40
-0.700000 -0.400000 0.564296 220 40 40
-0.600000 -0.400000 -0.045676 220 40 40
-0.500000 -0.400000 -0.021150 220 40 40
-0.400000 -0.400000 0.564991 220 40 40
-0.300000 -0.400000 0.577206 220 40 40
-0.200000 -0.400000 0.579380 220 40 40
-0.100000 -0.400000 0.562997 220 40 40
0.000000 -0.400000 0.564591 220 40 40
0.100000 -0.400000 0.565415 220 40 40
0.200000 -0.400000 0.565848 220 40 40
0.300000 -0.400000 0.564899 220 40 40
0.400000 -0.400000 0.565346 220 40 40
0.500000 -0.400000 0.564417 220 40 40
0.600000 -0.400000 0.565112 220 40 40
0.700000 -0.400000 0.564210 220 40 40
0.800000 -0.400000 -0.047666 220 40 40
0.900000 -0.400000 -0.047570 60 200 60
1.000000 -0.400000 -0.047540 60 200 60
1.100000 -0.400000 -0.047528 60 200 60
1.200000 -0.400000 -0.048346 60 200 60
1.300000 -0.400000 -0.048338 60 200 60
1.400000 -0.400000 -0.048377 60 200 60
1.500000 -0.400000 -0.048375 60 200 60
1.600000 -0.400000 -0.048418 60 200 60
1.700000 -0.400000 -0.048310 60 200 60
1.800000 -0.400000 -0.048231 60 200 60
1.900000 -0.400000 -0.048161 60 200 60
2.000000 -0.400000 -0.048170 60 200 60
2.100000 -0.400000 -0.048177 60 200 60
2.200000 -0.400000 -0.047839 60 200 60
2.300000 -0.400000 -0.047837 60 200 60
2.400000 -0.400000 -0.047890 60 200 60
2.500000 -0.400000 -0.047889 60 200 60
2.600000 -0.400000 -0.047882 60 200 60
2.700000 -0.400000 -0.047884 60 200 60
2.800000 -0.400000 -0.047881 60 200 60
2.900000 -0.400000 -0.048029 60 200 60
3.000000 -0.400000 -0.048040 230 200 40
3.100000 -0.400000 -0.042325 230 200 40
3.200000 -0.400000 -0.046493 60 200 60
3.300000 -0.400000 -0.047898 60 200 60
3.400000 -0.400000 -0.047973 60 200 60
3.500000 -0.400000 -0.047969 60 200 60
3.600000 -0.400000 -0.047896 60 200 60
3.700000 -0.400000 -0.047897 60 200 60
3.800000 -0.400000 -0.047896 60 200 60
3.900000 -0.400000 -0.047895 60 200 60
4.000000 -0.400000 -0.047895 60 200 60
4.100000 -0.400000 -0.047895 60 200 60
4.200000 -0.400000 -0.047079 60 200 60
4.300000 -0.400000 -0.028470 60 200 60
4.400000 -0.400000 -0.031547 60 200 60
4.500000 -0.400000 -0.029796 60 200 60
4.600000 -0.400000 -0.024973 60 200 60
4.700000 -0.400000 -0.024912 60 200 60
4.800000 -0.400000 -0.029685 60 200 60
4.900000 -0.400000 -0.029676 60 200 60
-4.900000 -0.300000 0.004774 220 40 40
-4.800000 -0.300000 0.004802 220 40 40
-4.700000 -0.300000 -0.020642 60 200 60
-4.600000 -0.300000 -0.011979 60 200 60
-4.500000 -0.300000 -0.020753 230 200 40
-4.400000 -0.300000 -0.047608 220 40 40
-4.300000 -0.300000 -0.047402 60 200 60
-4.200000 -0.300000 -0.047495 60 200 60
-4.100000 -0.300000 -0.047603 60 200 60
-4.000000 -0.300000 -0.047688 60 200 60
-3.900000 -0.300000 -0.047677 60 200 60
-3.800000 -0.300000 -0.047655 60 200 60
-3.700000 -0.300000 -0.047657 60 200 60
-3.600000 -0.300000 -0.047808 60 200 60
-3.500000 -0.300000 -0.047790 60 200 60
-3.400000 -0.300000 -0.047794 60 200 60
-3.300000 -0.300000 -0.047785 60 200 60
-3.200000 -0.300000 -0.040615 60 200 60
-3.100000 -0.300000 -0.028007 60 200 60
-3.000000 -0.300000 -0.027801 60 200 60
-2.900000 -0.300000 -0.028140 60 200 60
-2.800000 -0.300000 -0.040471 60 200 60
-2.700000 -0.300000 -0.047751 60 200 60
-2.600000 -0.300000 -0.047750 60 200 60
-2.500000 -0.300000 -0.047748 60 200 60
-2.400000 -0.300000 -0.047747 60 200 60
-2.300000 -0.300000 -0.047744 60 200 60
-2.200000 -0.300000 -0.047739 60 200 60
-2.100000 -0.300000 -0.047739 60 200 60
-2.000000 -0.300000 -0.047630 60 200 60
-1.900000 -0.300000 -0.047893 60 200 60
-1.800000 -0.300000 -0.047894 60 200 60
-1.700000 -0.300000 -0.047903 60 200 60
-1.600000 -0.300000 -0.047705 60 200 60
-1.500000 -0.300000 -0.047748 60 200 60
-1.400000 -0.300000 -0.047771 60 200 60
-1.300000 -0.300000 -0.047809 60 200 60
-1.200000 -0.300000 -0.047825 60 200 60
-1.100000 -0.300000 -0.047836 60 200 60
-1.000000 -0.300000 -0.047771 60 200 60
-0.900000 -0.300000 -0.047779 60 200 60
-0.800000 -0.300000 -0.048115 220 40 40
-0.700000 -0.300000 -0.045292 220 40 40
-0.600000 -0.300000 -0.046543 220 40 40
-0.500000 -0.300000 -0.045068 220 40 40
-0.400000 -0.300000 0.611453 220 40 40
-0.300000 -0.300000 0.609702 220 40 40
-0.200000 -0.300000 0.610010 220 40 40
-0.100000 -0.300000 0.614840 220 40 40
0.000000 -0.300000 0.614189 220 40 40
0.100000 -0.300000 0.613397 220 40 40
0.200000 -0.300000 0.614605 220 40 40
0.300000 -0.300000 0.606300 220 40 40
0.400000 -0.300000 0.614931 220 40 40
0.500000 -0.300000 0.606944 220 40 40
0.600000 -0.300000 0.610833 220 40 40
0.700000 -0.300000 0.612314 220 40 40
0.800000 -0.300000 -0.047662 220 40 40
0.900000 -0.300000 -0.047578 60 200 60
1.000000 -0.300000 -0.047544 60 200 60
1.100000 -0.300000 -0.047537 60 200 60
1.200000 -0.300000 -0.048419 60 200 60
1.300000 -0.300000 -0.048416 60 200 60
1.400000 -0.300000 -0.048455 60 200 60
1.500000 -0.300000 -0.048431 60 200 60
1.600000 -0.300000 -0.048558 60 200 60
1.700000 -0.300000 -0.048401 60 200 60
1.800000 -0.300000 -0.048279 60 200 60
1.900000 -0.300000 -0.048190 60 200 60
2.000000 -0.300000 -0.048185 60 200 60
2.100000 -0.300000 -0.048191 60 200 60
2.200000 -0.300000 -0.048203 60 200 60
2.300000 -0.300000 -0.048147 60 200 60
2.400000 -0.300000 -0.048125 60 200 60
2.500000 -0.300000 -0.047521 60 200 60
2.600000 -0.300000 -0.048079 60 200 60
2.700000 -0.300000 -0.047902 60 200 60
2.800000 -0.300000 -0.043895 60 200 60
2.900000 -0.300000 -0.029188 230 200 40
3.000000 -0.300000 -0.002842 220 40 40
3.100000 -0.300000 -0.005894 220 40 40
3.200000 -0.300000 -0.043460 220 40 40
3.300000 -0.300000 -0.047241 220 40 40
3.400000 -0.300000 -0.047896 230 200 40
3.500000 -0.300000 -0.047973 230 200 40
3.600000 -0.300000 -0.047890 60 200 60
3.700000 -0.300000 -0.047889 60 200 60
3.800000 -0.300000 -0.047889 60 200 60
3.900000 -0.300000 -0.047890 60 200 60
4.000000 -0.300000 -0.047888 60 200 60
4.100000 -0.300000 -0.047888 60 200 60
4.200000 -0.300000 -0.047136 60 200 60
4.300000 -0.300000 -0.028449 60 200 60
4.400000 -0.300000 -0.031544 60 200 60
4.500000 -0.300000 -0.029780 60 200 60
4.600000 -0.300000 -0.024973 60 200 60
4.700000 -0.300000 -0.029699 60 200 60
4.800000 -0.300000 -0.029692 60 200 60
4.900000 -0.300000 -0.026250 60 200 60
-4.900000 -0.200000 0.004774 220 40 40
-4.800000 -0.200000 -0.011983 60 200 60
-4.700000 -0.200000 -0.020627 60 200 60
-4.600000 -0.200000 -0.016896 60 200 60
-4.500000 -0.200000 -0.020716 60 200 60
-4.400000 -0.200000 -0.047615 220 40 40
-4.300000 -0.200000 -0.047420 60 200 60
-4.200000 -0.200000 -0.047518 60 200 60
-4.100000 -0.200000 -0.047616 60 200 60
-4.000000 -0.200000 -0.047705 60 200 60
-3.900000 -0.200000 -0.047687 60 200 60
-3.800000 -0.200000 -0.047668 60 200 60
-3.700000 -0.200000 -0.047673 60 200 60
-3.600000 -0.200000 -0.047832 60 200 60
-3.500000 -0.200000 -0.047821 60 200 60
-3.400000 -0.200000 -0.047823 60 200 60
-3.300000 -0.200000 -0.039937 60 200 60
-3.200000 -0.200000 -0.027808 60 200 60
-3.100000 -0.200000 -0.027796 60 200 60
-3.000000 -0.200000 -0.027793 60 200 60
-2.900000 -0.200000 -0.027782 60 200 60
-2.800000 -0.200000 -0.027708 60 200 60
-2.700000 -0.200000 -0.040523 60 200 60
-2.600000 -0.200000 -0.047769 60 200 60
-2.500000 -0.200000 -0.047763 60 200 60
-2.400000 -0.200000 -0.047762 60 200 60
-2.300000 -0.200000 -0.047758 60 200 60
-2.200000 -0.200000 -0.047751 60 200 60
-2.100000 -0.200000 -0.047751 60 200 60
-2.000000 -0.200000 -0.047761 60 200 60
-1.900000 -0.200000 -0.047892 60 200 60
-1.800000 -0.200000 -0.047894 60 200 60
-1.700000 -0.200000 -0.047902 60 200 60
-1.600000 -0.200000 -0.047717 60 200 60
-1.500000 -0.200000 -0.047761 60 200 60
-1.400000 -0.200000 -0.047784 60 200 60
-1.300000 -0.200000 -0.047824 60 200 60
-1.200000 -0.200000 -0.047839 60 200 60
-1.100000 -0.200000 -0.047849 60 200 60
-1.000000 -0.200000 -0.047962 60 200 60
-0.900000 -0.200000 -0.047978 60 200 60
-0.800000 -0.200000 -0.048114 60 200 60
-0.700000 -0.200000 -0.045356 220 40 40
-0.600000 -0.200000 -0.046874 60 200 60
-0.500000 -0.200000 -0.043373 220 40 40
-0.400000 -0.200000 0.657799 220 40 40
-0.300000 -0.200000 0.660376 230 200 40
-0.200000 -0.200000 0.663463 230 200 40
-0.100000 -0.200000 0.662644 230 200 40
0.000000 -0.200000 0.661763 230 200 40
0.100000 -0.200000 0.662071 230 200 40
0.200000 -0.200000 0.656281 230 200 40
0.300000 -0.200000 0.657325 220 40 40
0.400000 -0.200000 0.657917 220 40 40
0.500000 -0.200000 0.659456 220 40 40
0.600000 -0.200000 0.657855 220 40 40
0.700000 -0.200000 0.659562 220 40 40
0.800000 -0.200000 -0.047697 220 40 40
0.900000 -0.200000 -0.047622 60 200 60
1.000000 -0.200000 -0.047598 60 200 60
1.100000 -0.200000 -0.048470 60 200 60
1.200000 -0.200000 -0.048470 60 200 60
1.300000 -0.200000 -0.048470 60 200 60
1.400000 -0.200000 -0.048493 60 200 60
1.500000 -0.200000 -0.048498 60 200 60
1.600000 -0.200000 -0.048555 60 200 60
1.700000 -0.200000 -0.048393 60 200 60
1.800000 -0.200000 -0.048282 60 200 60
1.900000 -0.200000 -0.048232 60 200 60
2.000000 -0.200000 -0.048225 60 200 60
2.100000 -0.200000 -0.048232 60 200 60
2.200000 -0.200000 -0.047875 60 200 60
2.300000 -0.200000 -0.043889 60 200 60
2.400000 -0.200000 -0.047634 60 200 60
2.500000 -0.200000 -0.047897 60 200 60
2.600000 -0.200000 -0.047864 60 200 60
2.700000 -0.200000 -0.044434 60 200 60
2.800000 -0.200000 -0.027551 60 200 60
2.900000 -0.200000 -0.028023 220 40 40
3.000000 -0.200000 -0.011119 220 40 40
3.100000 -0.200000 0.152723 220 40 40
3.200000 -0.200000 0.160055 220 40 40
3.300000 -0.200000 -0.042999 220 40 40
3.400000 -0.200000 0.000002 230 200 40
3.500000 -0.200000 0.000002 230 200 40
3.600000 -0.200000 -0.047905 230 200 40
3.700000 -0.200000 -0.047897 60 200 60
3.800000 -0.200000 -0.047897 60 200 60
3.900000 -0.200000 -0.047897 60 200 60
4.000000 -0.200000 -0.047898 60 200 60
4.100000 -0.200000 -0.047897 60 200 60
4.200000 -0.200000 -0.047084 60 200 60
4.300000 -0.200000 -0.028439 60 200 60
4.400000 -0.200000 -0.031543 60 200 60
4.500000 -0.200000 -0.029802 60 200 60
4.600000 -0.200000 -0.024975 60 200 60
4.700000 -0.200000 -0.029699 60 200 60
4.800000 -0.200000 -0.029698 60 200 60
4.900000 -0.200000 -0.026254 60 200 60
-4.900000 -0.100000 0.004774 220 40 40
-4.800000 -0.100000 -0.011941 60 200 60
-4.700000 -0.100000 -0.020579 60 200 60
-4.600000 -0.100000 -0.016857 60 200 60
-4.500000 -0.100000 -0.020671 60 200 60
-4.400000 -0.100000 -0.047539 60 200 60
-4.300000 -0.100000 -0.047423 60 200 60
-4.200000 -0.100000 -0.047502 60 200 60
-4.100000 -0.100000 -0.047658 60 200 60
-4.000000 -0.100000 -0.047776 60 200 60
-3.900000 -0.100000 -0.047747 60 200 60
-3.800000 -0.100000 -0.047909 60 200 60
-3.700000 -0.100000 -0.047916 60 200 60
-3.600000 -0.100000 -0.047891 60 200 60
-3.500000 -0.100000 -0.047882 60 200 60
-3.400000 -0.100000 -0.047880 60 200 60
-3.300000 -0.100000 -0.028173 60 200 60
-3.200000 -0.100000 -0.027818 60 200 60
-3.100000 -0.100000 -0.027809 60 200 60
-3.000000 -0.100000 -0.027809 60 200 60
-2.900000 -0.100000 -0.027797 60 200 60
-2.800000 -0.100000 -0.027794 60 200 60
-2.700000 -0.100000 -0.029386 60 200 60
-2.600000 -0.100000 -0.047784 60 200 60
-2.500000 -0.100000 -0.047781 60 200 60
-2.400000 -0.100000 -0.047782 60 200 60
-2.300000 -0.100000 -0.047774 60 200 60
-2.200000 -0.100000 -0.047768 60 200 60
-2.100000 -0.100000 -0.047768 60 200 60
-2.000000 -0.100000 -0.047778 60 200 60
-1.900000 -0.100000 -0.047892 60 200 60
-1.800000 -0.100000 -0.047893 60 200 60
-1.700000 -0.100000 -0.047902 60 200 60
-1.600000 -0.100000 -0.047737 60 200 60
-1.500000 -0.100000 -0.047788 60 200 60
-1.400000 -0.100000 -0.047804 60 200 60
-1.300000 -0.100000 -0.047858 60 200 60
-1.200000 -0.100000 -0.047885 60 200 60
-1.100000 -0.100000 -0.047908 60 200 60
-1.000000 -0.100000 -0.048010 60 200 60
-0.900000 -0.100000 -0.048017 60 200 60
-0.800000 -0.100000 -0.048114 60 200 60
-0.700000 -0.100000 -0.045196 220 40 40
-0.600000 -0.100000 -0.046281 60 200 60
-0.500000 -0.100000 -0.026893 220 40 40
-0.400000 -0.100000 0.676878 220 40 40
-0.300000 -0.100000 0.676460 60 200 60
-0.200000 -0.100000 0.676455 60 200 60
-0.100000 -0.100000 0.676450 60 200 60
0.000000 -0.100000 0.677021 60 200 60
0.100000 -0.100000 0.677017 60 200 60
0.200000 -0.100000 0.677058 60 200 60
0.300000 -0.100000 0.676557 60 200 60
0.400000 -0.100000 0.677303 220 40 40
0.500000 -0.100000 0.021185 220 40 40
0.600000 -0.100000 -0.047782 220 40 40
0.700000 -0.100000 -0.047873 220 40 40
0.800000 -0.100000 -0.047223 220 40 40
0.900000 -0.100000 -0.047597 60 200 60
1.000000 -0.100000 -0.048468 60 200 60
1.100000 -0.100000 -0.048569 60 200 60
1.200000 -0.100000 -0.048502 60 200 60
1.300000 -0.100000 -0.048538 60 200 60
1.400000 -0.100000 -0.048545 60 200 60
1.500000 -0.100000 -0.048420 60 200 60
1.600000 -0.100000 -0.048074 60 200 60
1.700000 -0.100000 -0.047806 60 200 60
1.800000 -0.100000 -0.047816 60 200 60
1.900000 -0.100000 -0.047891 60 200 60
2.000000 -0.100000 -0.048220 60 200 60
2.100000 -0.100000 -0.048215 60 200 60
2.200000 -0.100000 -0.048150 60 200 60
2.300000 -0.100000 -0.047934 60 200 60
2.400000 -0.100000 -0.047893 60 200 60
2.500000 -0.100000 -0.047883 60 200 60
2.600000 -0.100000 -0.047806 60 200 60
2.700000 -0.100000 -0.029286 60 200 60
2.800000 -0.100000 -0.028048 60 200 60
2.900000 -0.100000 -0.027619 220 40 40
3.000000 -0.100000 0.150013 220 40 40
3.100000 -0.100000 0.152320 220 40 40
3.200000 -0.100000 0.170939 220 40 40
3.300000 -0.100000 -0.027951 220 40 40
3.400000 -0.100000 0.000002 60 200 60
3.500000 -0.100000 0.000002 230 200 40
3.600000 -0.100000 -0.047900 230 200 40
3.700000 -0.100000 -0.047900 60 200 60
3.800000 -0.100000 -0.047900 60 200 60
3.900000 -0.100000 -0.047900 60 200 60
4.000000 -0.100000 -0.047900 60 200 60
4.100000 -0.100000 -0.047899 60 200 60
4.200000 -0.100000 -0.047168 60 200 60
4.300000 -0.100000 -0.028429 60 200 60
4.400000 -0.100000 -0.031543 60 200 60
4.500000 -0.100000 -0.029813 60 200 60
4.600000 -0.100000 -0.024965 60 200 60
4.700000 -0.100000 -0.029711 60 200 60
4.800000 -0.100000 -0.029707 60 200 60
4.900000 -0.100000 -0.021145 60 200 60
-4.900000 0.000000 0.004774 220 40 40
-4.800000 0.000000 -0.011904 60 200 60
-4.700000 0.000000 -0.020539 60 200 60
-4.600000 0.000000 -0.016813 60 200 60
-4.500000 0.000000 -0.020625 60 200 60
-4.400000 0.000000 -0.047546 60 200 60
-4.300000 0.000000 -0.047432 60 200 60
-4.200000 0.000000 -0.047535 60 200 60
-4.100000 0.000000 -0.047670 60 200 60
-4.000000 0.000000 -0.047794 60 200 60
-3.900000 0.000000 -0.047759 60 200 60
-3.800000 0.000000 -0.047729 60 200 60
-3.700000 0.000000 -0.047731 60 200 60
-3.600000 0.000000 -0.047858 60 200 60
-3.500000 0.000000 -0.047903 60 200 60
-3.400000 0.000000 -0.047894 60 200 60
-3.300000 0.000000 -0.027729 60 200 60
-3.200000 0.000000 -0.027873 60 200 60
-3.100000 0.000000 -0.027861 60 200 60
-3.000000 0.000000 -0.027861 60 200 60
-2.900000 0.000000 -0.027846 60 200 60
-2.800000 0.000000 -0.027841 60 200 60
-2.700000 0.000000 -0.028204 60 200 60
-2.600000 0.000000 -0.047826 60 200 60
-2.500000 0.000000 -0.047825 60 200 60
-2.400000 0.000000 -0.047825 60 200 60
-2.300000 0.000000 -0.047819 60 200 60
-2.200000 0.000000 -0.047811 60 200 60
-2.100000 0.000000 -0.047807 60 200 60
-2.000000 0.000000 -0.047890 60 200 60
-1.900000 0.000000 -0.047891 60 200 60
-1.800000 0.000000 -0.047893 60 200 60
-1.700000 0.000000 -0.047901 60 200 60
-1.600000 0.000000 -0.047757 60 200 60
-1.500000 0.000000 -0.047808 60 200 60
-1.400000 0.000000 -0.047837 60 200 60
-1.300000 0.000000 -0.047896 60 200 60
-1.200000 0.000000 -0.047926 60 200 60
-1.100000 0.000000 -0.047938 60 200 60
-1.000000 0.000000 -0.048059 60 200 60
-0.900000 0.000000 -0.048048 60 200 60
-0.800000 0.000000 -0.048115 60 200 60
-0.700000 0.000000 -0.046236 60 200 60
-0.600000 0.000000 -0.046803 60 200 60
-0.500000 0.000000 -0.037112 220 40 40
-0.400000 0.000000 0.676863 220 40 40
-0.300000 0.000000 0.676456 60 200 60
-0.200000 0.000000 0.676452 60 200 60
-0.100000 0.000000 0.676446 60 200 60
0.000000 0.000000 0.676996 60 200 60
0.100000 0.000000 0.677013 60 200 60
0.200000 0.000000 0.677034 60 200 60
0.300000 0.000000 0.676490 60 200 60
0.400000 0.000000 0.676353 220 40 40
0.500000 0.000000 0.676330 220 40 40
0.600000 0.000000 -0.047437 220 40 40
0.700000 0.000000 -0.047553 60 200 60
0.800000 0.000000 -0.048504 60 200 60
0.900000 0.000000 -0.048476 60 200 60
1.000000 0.000000 -0.048485 60 200 60
1.100000 0.000000 -0.048484 60 200 60
1.200000 0.000000 -0.048516 60 200 60
1.300000 0.000000 -0.048553 60 200 60
1.400000 0.000000 -0.048560 60 200 60
1.500000 0.000000 -0.048302 60 200 60
1.600000 0.000000 -0.048269 60 200 60
1.700000 0.000000 -0.048165 60 200 60
1.800000 0.000000 -0.048117 60 200 60
1.900000 0.000000 -0.048277 60 200 60
2.000000 0.000000 -0.048261 60 200 60
2.100000 0.000000 -0.048266 60 200 60
2.200000 0.000000 -0.048237 60 200 60
2.300000 0.000000 -0.047960 60 200 60
2.400000 0.000000 -0.047924 60 200 60
2.500000 0.000000 -0.047922 60 200 60
2.600000 0.000000 -0.047876 60 200 60
2.700000 0.000000 -0.028618 60 200 60
2.800000 0.000000 -0.028092 60 200 60
2.900000 0.000000 -0.028087 220 40 40
3.000000 0.000000 0.037512 220 40 40
3.100000 0.000000 0.134937 220 40 40
3.200000 0.000000 -0.027242 220 40 40
3.300000 0.000000 -0.027982 220 40 40
3.400000 0.000000 0.000002 230 200 40
3.500000 0.000000 0.000002 230 200 40
3.600000 0.000000 -0.047849 230 200 40
3.700000 0.000000 -0.047849 60 200 60
3.800000 0.000000 -0.047849 60 200 60
3.900000 0.000000 -0.047849 60 200 60
4.000000 0.000000 -0.047849 60 200 60
4.100000 0.000000 -0.047845 60 200 60
4.200000 0.000000 -0.047623 60 200 60
4.300000 0.000000 -0.028412 60 200 60
4.400000 0.000000 -0.031542 60 200 60
4.500000 0.000000 -0.029818 60 200 60
4.600000 0.000000 -0.024952 60 200 60
4.700000 0.000000 -0.029712 60 200 60
4.800000 0.000000 -0.029736 60 200 60
4.900000 0.000000 -0.021120 220 40 40
-4.900000 0.100000 0.004774 220 40 40
-4.800000 0.100000 -0.011864 60 200 60
-4.700000 0.100000 -0.020496 60 200 60
-4.600000 0.100000 -0.016776 60 200 60
-4.500000 0.100000 -0.020597 60 200 60
-4.400000 0.100000 -0.047521 60 200 60
-4.300000 0.100000 -0.047457 60 200 60
-4.200000 0.100000 -0.047567 60 200 60
-4.100000 0.100000 -0.047716 60 200 60
-4.000000 0.100000 -0.047799 60 200 60
-3.900000 0.100000 -0.047766 60 200 60
-3.800000 0.100000 -0.047739 60 200 60
-3.700000 0.100000 -0.047743 60 200 60
-3.600000 0.100000 -0.047882 60 200 60
-3.500000 0.100000 -0.047880 60 200 60
-3.400000 0.100000 -0.047867 60 200 60
-3.300000 0.100000 -0.028246 60 200 60
-3.200000 0.100000 -0.027851 60 200 60
-3.100000 0.100000 -0.027846 60 200 60
-3.000000 0.100000 -0.027841 60 200 60
-2.900000 0.100000 -0.027870 60 200 60
-2.800000 0.100000 -0.027863 60 200 60
-2.700000 0.100000 -0.029402 60 200 60
-2.600000 0.100000 -0.047840 60 200 60
-2.500000 0.100000 -0.047837 60 200 60
-2.400000 0.100000 -0.047837 60 200 60
-2.300000 0.100000 -0.047830 60 200 60
-2.200000 0.100000 -0.047822 60 200 60
-2.100000 0.100000 -0.047820 60 200 60
-2.000000 0.100000 -0.047889 60 200 60
-1.900000 0.100000 -0.047891 60 200 60
-1.800000 0.100000 -0.047892 60 200 60
-1.700000 0.100000 -0.047963 60 200 60
-1.600000 0.100000 -0.047971 60 200 60
-1.500000 0.100000 -0.048018 60 200 60
-1.400000 0.100000 -0.048040 60 200 60
-1.300000 0.100000 -0.047823 60 200 60
-1.200000 0.100000 -0.047822 60 200 60
-1.100000 0.100000 -0.047828 60 200 60
-1.000000 0.100000 -0.047859 60 200 60
-0.900000 0.100000 -0.048149 60 200 60
-0.800000 0.100000 -0.048142 60 200 60
-0.700000 0.100000 -0.046771 60 200 60
-0.600000 0.100000 -0.046326 60 200 60
-0.500000 0.100000 -0.042407 220 40 40
-0.400000 0.100000 0.674610 220 40 40
-0.300000 0.100000 0.676356 60 200 60
-0.200000 0.100000 0.674840 60 200 60
-0.100000 0.100000 0.676992 60 200 60
0.000000 0.100000 0.676383 60 200 60
0.100000 0.100000 0.676339 60 200 60
0.200000 0.100000 0.676352 60 200 60
0.300000 0.100000 0.676459 60 200 60
0.400000 0.100000 0.676359 220 40 40
0.500000 0.100000 0.676312 220 40 40
0.600000 0.100000 -0.047054 220 40 40
0.700000 0.100000 -0.047488 60 200 60
0.800000 0.100000 -0.044069 60 200 60
0.900000 0.100000 -0.048509 60 200 60
1.000000 0.100000 -0.048517 60 200 60
1.100000 0.100000 -0.048540 60 200 60
1.200000 0.100000 -0.048553 60 200 60
1.300000 0.100000 -0.048560 60 200 60
1.400000 0.100000 -0.048567 60 200 60
1.500000 0.100000 -0.047396 60 200 60
1.600000 0.100000 -0.048299 60 200 60
1.700000 0.100000 -0.048188 60 200 60
1.800000 0.100000 -0.048137 60 200 60
1.900000 0.100000 -0.048302 60 200 60
2.000000 0.100000 -0.048293 60 200 60
2.100000 0.100000 -0.048291 60 200 60
2.200000 0.100000 -0.048274 60 200 60
2.300000 0.100000 -0.048143 60 200 60
2.400000 0.100000 -0.047992 60 200 60
2.500000 0.100000 -0.045088 60 200 60
2.600000 0.100000 -0.044498 60 200 60
2.700000 0.100000 -0.029562 60 200 60
2.800000 0.100000 -0.028132 60 200 60
2.900000 0.100000 -0.028127 60 200 60
3.000000 0.100000 -0.028057 220 40 40
3.100000 0.100000 -0.028035 220 40 40
3.200000 0.100000 -0.028032 220 40 40
3.300000 0.100000 -0.029158 60 200 60
3.400000 0.100000 -0.047855 230 200 40
3.500000 0.100000 0.000002 230 200 40
3.600000 0.100000 -0.047846 230 200 40
3.700000 0.100000 -0.047845 60 200 60
3.800000 0.100000 -0.047846 60 200 60
3.900000 0.100000 -0.047846 60 200 60
4.000000 0.100000 -0.047846 60 200 60
4.100000 0.100000 -0.047241 60 200 60
4.200000 0.100000 -0.047616 60 200 60
4.300000 0.100000 -0.028392 60 200 60
4.400000 0.100000 -0.031547 60 200 60
4.500000 0.100000 -0.029819 60 200 60
4.600000 0.100000 -0.024958 60 200 60
4.700000 0.100000 -0.029724 60 200 60
4.800000 0.100000 -0.029748 60 200 60
4.900000 0.100000 -0.021121 220 40 40
-4.900000 0.200000 0.004774 220 40 40
-4.800000 0.200000 -0.011851 60 200 60
-4.700000 0.200000 -0.020493 60 200 60
-4.600000 0.200000 -0.016758 60 200 60
-4.500000 0.200000 -0.020567 60 200 60
-4.400000 0.200000 -0.047526 60 200 60
-4.300000 0.200000 -0.047521 60 200 60
-4.200000 0.200000 -0.047624 60 200 60
-4.100000 0.200000 -0.047744 60 200 60
-4.000000 0.200000 -0.047824 60 200 60
-3.900000 0.200000 -0.047787 60 200 60
-3.800000 0.200000 -0.047758 60 200 60
-3.700000 0.200000 -0.047762 60 200 60
-3.600000 0.200000 -0.047738 60 200 60
-3.500000 0.200000 -0.047893 60 200 60
-3.400000 0.200000 -0.047878 60 200 60
-3.300000 0.200000 -0.046790 60 200 60
-3.200000 0.200000 -0.027861 60 200 60
-3.100000 0.200000 -0.027856 60 200 60
-3.000000 0.200000 -0.027855 60 200 60
-2.900000 0.200000 -0.027846 60 200 60
-2.800000 0.200000 -0.027845 60 200 60
-2.700000 0.200000 -0.040723 60 200 60
-2.600000 0.200000 -0.047821 60 200 60
-2.500000 0.200000 -0.047821 60 200 60
-2.400000 0.200000 -0.047825 60 200 60
-2.300000 0.200000 -0.047825 60 200 60
-2.200000 0.200000 -0.047817 60 200 60
-2.100000 0.200000 -0.047812 60 200 60
-2.000000 0.200000 -0.047889 60 200 60
-1.900000 0.200000 -0.047890 60 200 60
-1.800000 0.200000 -0.047892 60 200 60
-1.700000 0.200000 -0.047962 60 200 60
-1.600000 0.200000 -0.047971 60 200 60
-1.500000 0.200000 -0.048017 60 200 60
-1.400000 0.200000 -0.047877 60 200 60
-1.300000 0.200000 -0.047904 60 200 60
-1.200000 0.200000 -0.047927 60 200 60
-1.100000 0.200000 -0.047938 60 200 60
-1.000000 0.200000 -0.047976 60 200 60
-0.900000 0.200000 -0.047980 60 200 60
-0.800000 0.200000 -0.048142 60 200 60
-0.700000 0.200000 -0.046326 60 200 60
-0.600000 0.200000 -0.046855 60 200 60
-0.500000 0.200000 -0.040794 220 40 40
-0.400000 0.200000 0.661119 220 40 40
-0.300000 0.200000 0.662190 220 40 40
-0.200000 0.200000 0.663272 220 40 40
-0.100000 0.200000 0.659068 220 40 40
0.000000 0.200000 0.659248 230 200 40
0.100000 0.200000 0.660027 230 200 40
0.200000 0.200000 0.664014 220 40 40
0.300000 0.200000 0.658377 220 40 40
0.400000 0.200000 0.656421 220 40 40
0.500000 0.200000 0.015389 220 40 40
0.600000 0.200000 -0.047364 220 40 40
0.700000 0.200000 -0.046957 60 200 60
0.800000 0.200000 -0.044429 60 200 60
0.900000 0.200000 -0.048589 60 200 60
1.000000 0.200000 -0.048558 60 200 60
1.100000 0.200000 -0.048580 60 200 60
1.200000 0.200000 -0.048592 60 200 60
1.300000 0.200000 -0.048629 60 200 60
1.400000 0.200000 -0.048637 60 200 60
1.500000 0.200000 -0.047970 60 200 60
1.600000 0.200000 -0.048214 60 200 60
1.700000 0.200000 -0.047081 60 200 60
1.800000 0.200000 -0.047964 60 200 60
1.900000 0.200000 -0.047973 60 200 60
2.000000 0.200000 -0.048348 60 200 60
2.100000 0.200000 -0.048254 60 200 60
2.200000 0.200000 -0.047410 60 200 60
2.300000 0.200000 -0.048269 60 200 60
2.400000 0.200000 -0.048239 60 200 60
2.500000 0.200000 -0.048220 60 200 60
2.600000 0.200000 -0.048186 60 200 60
2.700000 0.200000 -0.044683 60 200 60
2.800000 0.200000 -0.028188 60 200 60
2.900000 0.200000 -0.028138 60 200 60
3.000000 0.200000 -0.028085 60 200 60
3.100000 0.200000 -0.028063 60 200 60
3.200000 0.200000 -0.028066 60 200 60
3.300000 0.200000 -0.043550 60 200 60
3.400000 0.200000 -0.047953 60 200 60
3.500000 0.200000 -0.047842 230 200 40
3.600000 0.200000 -0.047842 60 200 60
3.700000 0.200000 -0.047842 60 200 60
3.800000 0.200000 -0.047842 60 200 60
3.900000 0.200000 -0.047842 60 200 60
4.000000 0.200000 -0.047842 60 200 60
4.100000 0.200000 -0.047226 60 200 60
4.200000 0.200000 -0.047589 60 200 60
4.300000 0.200000 -0.028373 60 200 60
4.400000 0.200000 -0.031530 60 200 60
4.500000 0.200000 -0.029825 60 200 60
4.600000 0.200000 -0.024936 60 200 60
4.700000 0.200000 -0.029727 60 200 60
4.800000 0.200000 -0.029775 60 200 60
-4.900000 0.300000 0.004774 220 40 40
-4.800000 0.300000 -0.011820 60 200 60
-4.700000 0.300000 -0.020459 60 200 60
-4.600000 0.300000 -0.016730 60 200 60
-4.500000 0.300000 -0.020533 60 200 60
-4.400000 0.300000 -0.047530 60 200 60
-4.300000 0.300000 -0.047512 60 200 60
-4.200000 0.300000 -0.047603 60 200 60
-4.100000 0.300000 -0.047756 60 200 60
-4.000000 0.300000 -0.047832 60 200 60
-3.900000 0.300000 -0.047788 60 200 60
-3.800000 0.300000 -0.047772 60 200 60
-3.700000 0.300000 -0.047768 60 200 60
-3.600000 0.300000 -0.047748 60 200 60
-3.500000 0.300000 -0.047913 60 200 60
-3.400000 0.300000 -0.047898 60 200 60
-3.300000 0.300000 -0.047891 60 200 60
-3.200000 0.300000 -0.040400 60 200 60
-3.100000 0.300000 -0.028258 60 200 60
-3.000000 0.300000 -0.027952 60 200 60
-2.900000 0.300000 -0.028112 60 200 60
-2.800000 0.300000 -0.047032 60 200 60
-2.700000 0.300000 -0.047849 60 200 60
-2.600000 0.300000 -0.047845 60 200 60
-2.500000 0.300000 -0.047848 60 200 60
-2.400000 0.300000 -0.047850 60 200 60
-2.300000 0.300000 -0.047849 60 200 60
-2.200000 0.300000 -0.047832 60 200 60
-2.100000 0.300000 -0.047831 60 200 60
-2.000000 0.300000 -0.047888 60 200 60
-1.900000 0.300000 -0.047890 60 200 60
-1.800000 0.300000 -0.047891 60 200 60
-1.700000 0.300000 -0.047961 60 200 60
-1.600000 0.300000 -0.047970 60 200 60
-1.500000 0.300000 -0.048017 60 200 60
-1.400000 0.300000 -0.047901 60 200 60
-1.300000 0.300000 -0.047934 60 200 60
-1.200000 0.300000 -0.047956 60 200 60
-1.100000 0.300000 -0.047966 60 200 60
-1.000000 0.300000 -0.048003 60 200 60
-0.900000 0.300000 -0.048003 60 200 60
-0.800000 0.300000 -0.048143 60 200 60
-0.700000 0.300000 -0.046841 60 200 60
-0.600000 0.300000 -0.046348 60 200 60
-0.500000 0.300000 -0.043873 220 40 40
-0.400000 0.300000 0.598110 220 40 40
-0.300000 0.300000 0.597796 220 40 40
-0.200000 0.300000 0.594252 220 40 40
-0.100000 0.300000 0.611283 220 40 40
0.000000 0.300000 0.608732 220 40 40
0.100000 0.300000 0.611645 220 40 40
0.200000 0.300000 0.614641 220 40 40
0.300000 0.300000 0.610840 220 40 40
0.400000 0.300000 0.612677 220 40 40
0.500000 0.300000 0.610663 220 40 40
0.600000 0.300000 -0.046376 220 40 40
0.700000 0.300000 -0.047836 60 200 60
0.800000 0.300000 -0.047561 60 200 60
0.900000 0.300000 -0.047605 60 200 60
1.000000 0.300000 -0.047587 60 200 60
1.100000 0.300000 -0.048663 60 200 60
1.200000 0.300000 -0.048663 60 200 60
1.300000 0.300000 -0.048670 60 200 60
1.400000 0.300000 -0.048681 60 200 60
1.500000 0.300000 -0.048688 60 200 60
1.600000 0.300000 -0.048789 60 200 60
1.700000 0.300000 -0.048623 60 200 60
1.800000 0.300000 -0.048484 60 200 60
1.900000 0.300000 -0.048385 60 200 60
2.000000 0.300000 -0.048378 60 200 60
2.100000 0.300000 -0.048370 60 200 60
2.200000 0.300000 -0.048348 60 200 60
2.300000 0.300000 -0.048322 60 200 60
2.400000 0.300000 -0.048293 60 200 60
2.500000 0.300000 -0.048287 60 200 60
2.600000 0.300000 -0.048246 60 200 60
2.700000 0.300000 -0.048214 60 200 60
2.800000 0.300000 -0.044967 60 200 60
2.900000 0.300000 -0.030534 60 200 60
3.000000 0.300000 -0.028606 60 200 60
3.100000 0.300000 -0.030492 60 200 60
3.200000 0.300000 -0.044625 60 200 60
3.300000 0.300000 -0.047981 60 200 60
3.400000 0.300000 -0.047979 60 200 60
3.500000 0.300000 -0.047869 60 200 60
3.600000 0.300000 -0.047838 60 200 60
3.700000 0.300000 -0.047838 60 200 60
3.800000 0.300000 -0.047838 60 200 60
3.900000 0.300000 -0.047839 60 200 60
4.000000 0.300000 -0.047839 60 200 60
4.100000 0.300000 -0.047240 60 200 60
4.200000 0.300000 -0.047598 60 200 60
4.300000 0.300000 -0.028365 60 200 60
4.400000 0.300000 -0.031556 60 200 60
4.500000 0.300000 -0.029839 60 200 60
4.600000 0.300000 -0.024939 60 200 60
4.700000 0.300000 -0.029746 60 200 60
4.800000 0.300000 -0.029773 60 200 60
-4.900000 0.400000 0.004774 220 40 40
-4.800000 0.400000 -0.011801 60 200 60
-4.700000 0.400000 -0.020425 60 200 60
-4.600000 0.400000 -0.016702 60 200 60
-4.500000 0.400000 -0.020509 60 200 60
-4.400000 0.400000 -0.047619 220 40 40
-4.300000 0.400000 -0.047549 60 200 60
-4.200000 0.400000 -0.047677 60 200 60
-4.100000 0.400000 -0.047769 60 200 60
-4.000000 0.400000 -0.047864 60 200 60
-3.900000 0.400000 -0.047806 60 200 60
-3.800000 0.400000 -0.047786 60 200 60
-3.700000 0.400000 -0.047783 60 200 60
-3.600000 0.400000 -0.047757 60 200 60
-3.500000 0.400000 -0.047918 60 200 60
-3.400000 0.400000 -0.047897 60 200 60
-3.300000 0.400000 -0.047891 60 200 60
-3.200000 0.400000 -0.047880 60 200 60
-3.100000 0.400000 -0.047876 60 200 60
-3.000000 0.400000 -0.047920 60 200 60
-2.900000 0.400000 -0.047860 60 200 60
-2.800000 0.400000 -0.047853 60 200 60
-2.700000 0.400000 -0.047850 60 200 60
-2.600000 0.400000 -0.047843 60 200 60
-2.500000 0.400000 -0.047847 60 200 60
-2.400000 0.400000 -0.047848 60 200 60
-2.300000 0.400000 -0.047847 60 200 60
-2.200000 0.400000 -0.047839 60 200 60
-2.100000 0.400000 -0.047836 60 200 60
-2.000000 0.400000 -0.047888 60 200 60
-1.900000 0.400000 -0.047889 60 200 60
-1.800000 0.400000 -0.047891 60 200 60
-1.700000 0.400000 -0.047961 60 200 60
-1.600000 0.400000 -0.047970 60 200 60
-1.500000 0.400000 -0.047898 60 200 60
-1.400000 0.400000 -0.047923 60 200 60
-1.300000 0.400000 -0.047957 60 200 60
-1.200000 0.400000 -0.047979 60 200 60
-1.100000 0.400000 -0.047992 60 200 60
-1.000000 0.400000 -0.048028 60 200 60
-0.900000 0.400000 -0.048043 60 200 60
-0.800000 0.400000 -0.048142 60 200 60
-0.700000 0.400000 -0.047344 60 200 60
-0.600000 0.400000 -0.047424 60 200 60
-0.500000 0.400000 -0.041458 220 40 40
-0.400000 0.400000 0.565957 220 40 40
-0.300000 0.400000 0.561856 220 40 40
-0.200000 0.400000 0.563603 220 40 40
-0.100000 0.400000 0.562112 220 40 40
0.000000 0.400000 0.564397 220 40 40
0.100000 0.400000 0.566882 220 40 40
0.200000 0.400000 0.561467 220 40 40
0.300000 0.400000 0.564464 220 40 40
0.400000 0.400000 0.566373 220 40 40
0.500000 0.400000 0.562029 220 40 40
0.600000 0.400000 -0.046092 220 40 40
0.700000 0.400000 -0.047532 60 200 60
0.800000 0.400000 -0.047607 60 200 60
0.900000 0.400000 -0.047577 60 200 60
1.000000 0.400000 -0.047571 60 200 60
1.100000 0.400000 -0.048665 60 200 60
1.200000 0.400000 -0.048665 60 200 60
1.300000 0.400000 -0.048705 60 200 60
1.400000 0.400000 -0.048690 60 200 60
1.500000 0.400000 -0.048697 60 200 60
1.600000 0.400000 -0.048754 60 200 60
1.700000 0.400000 -0.048625 60 200 60
1.800000 0.400000 -0.048477 60 200 60
1.900000 0.400000 -0.048403 60 200 60
2.000000 0.400000 -0.048396 60 200 60
2.100000 0.400000 -0.048390 60 200 60
2.200000 0.400000 -0.048357 60 200 60
2.300000 0.400000 -0.048321 60 200 60
2.400000 0.400000 -0.048292 60 200 60
2.500000 0.400000 -0.048286 60 200 60
2.600000 0.400000 -0.048242 60 200 60
2.700000 0.400000 -0.048226 60 200 60
2.800000 0.400000 -0.048220 60 200 60
2.900000 0.400000 -0.048205 60 200 60
3.000000 0.400000 -0.048172 60 200 60
3.100000 0.400000 -0.048153 60 200 60
3.200000 0.400000 -0.048134 60 200 60
3.300000 0.400000 -0.048062 60 200 60
3.400000 0.400000 -0.048053 60 200 60
3.500000 0.400000 -0.047980 60 200 60
3.600000 0.400000 -0.047928 60 200 60
3.700000 0.400000 -0.047866 60 200 60
3.800000 0.400000 -0.047832 60 200 60
3.900000 0.400000 -0.047832 60 200 60
4.000000 0.400000 -0.047834 60 200 60
4.100000 0.400000 -0.047260 60 200 60
4.200000 0.400000 -0.047519 60 200 60
4.300000 0.400000 -0.028330 60 200 60
4.400000 0.400000 -0.031534 60 200 60
4.500000 0.400000 -0.029841 60 200 60
4.600000 0.400000 -0.024927 60 200 60
4.700000 0.400000 -0.029751 60 200 60
4.800000 0.400000 -0.026355 60 200 60
-4.900000 0.500000 0.004773 220 40 40
-4.800000 0.500000 -0.011781 60 200 60
-4.700000 0.500000 -0.020387 60 200 60
-4.600000 0.500000 -0.016667 60 200 60
-4.500000 0.500000 -0.020477 60 200 60
-4.400000 0.500000 -0.047612 220 40 40
-4.300000 0.500000 -0.047535 60 200 60
-4.200000 0.500000 -0.047516 60 200 60
-4.100000 0.500000 -0.047845 60 200 60
-4.000000 0.500000 -0.047849 60 200 60
-3.900000 0.500000 -0.047801 60 200 60
-3.800000 0.500000 -0.047789 60 200 60
-3.700000 0.500000 -0.047785 60 200 60
-3.600000 0.500000 -0.047759 60 200 60
-3.500000 0.500000 -0.047918 60 200 60
-3.400000 0.500000 -0.047903 60 200 60
-3.300000 0.500000 -0.047892 60 200 60
-3.200000 0.500000 -0.047885 60 200 60
-3.100000 0.500000 -0.047882 60 200 60
-3.000000 0.500000 -0.047881 60 200 60
-2.900000 0.500000 -0.047872 60 200 60
-2.800000 0.500000 -0.047866 60 200 60
-2.700000 0.500000 -0.047865 60 200 60
-2.600000 0.500000 -0.047865 60 200 60
-2.500000 0.500000 -0.047870 60 200 60
-2.400000 0.500000 -0.047869 60 200 60
-2.300000 0.500000 -0.047868 60 200 60
-2.200000 0.500000 -0.047858 60 200 60
-2.100000 0.500000 -0.047863 60 200 60
-2.000000 0.500000 -0.047888 60 200 60
-1.900000 0.500000 -0.047889 60 200 60
-1.800000 0.500000 -0.047890 60 200 60
-1.700000 0.500000 -0.047960 60 200 60
-1.600000 0.500000 -0.047963 60 200 60
-1.500000 0.500000 -0.047924 60 200 60
-1.400000 0.500000 -0.047946 60 200 60
-1.300000 0.500000 -0.047984 60 200 60
-1.200000 0.500000 -0.048003 60 200 60
-1.100000 0.500000 -0.048016 60 200 60
-1.000000 0.500000 -0.048053 60 200 60
-0.900000 0.500000 -0.048077 60 200 60
-0.800000 0.500000 -0.048165 60 200 60
-0.700000 0.500000 -0.042340 60 200 60
-0.600000 0.500000 -0.047338 60 200 60
-0.500000 0.500000 -0.043036 220 40 40
-0.400000 0.500000 0.428911 220 40 40
-0.300000 0.500000 0.500575 220 40 40
-0.200000 0.500000 0.484516 220 40 40
-0.100000 0.500000 0.496937 220 40 40
0.000000 0.500000 0.484332 220 40 40
0.100000 0.500000 0.482492 220 40 40
0.200000 0.500000 0.492332 220 40 40
0.300000 0.500000 0.498061 220 40 40
0.400000 0.500000 0.488473 220 40 40
0.500000 0.500000 0.487545 220 40 40
0.600000 0.500000 -0.036604 220 40 40
0.700000 0.500000 -0.047494 220 40 40
0.800000 0.500000 -0.047574 60 200 60
0.900000 0.500000 -0.047609 60 200 60
1.000000 0.500000 -0.047565 60 200 60
1.100000 0.500000 -0.048701 60 200 60
1.200000 0.500000 -0.048697 60 200 60
1.300000 0.500000 -0.048705 60 200 60
1.400000 0.500000 -0.048690 60 200 60
1.500000 0.500000 -0.048657 60 200 60
1.600000 0.500000 -0.048668 60 200 60
1.700000 0.500000 -0.048574 60 200 60
1.800000 0.500000 -0.048425 60 200 60
1.900000 0.500000 -0.048377 60 200 60
2.000000 0.500000 -0.048370 60 200 60
2.100000 0.500000 -0.048376 60 200 60
2.200000 0.500000 -0.048343 60 200 60
2.300000 0.500000 -0.048326 60 200 60
2.400000 0.500000 -0.048311 60 200 60
2.500000 0.500000 -0.048304 60 200 60
2.600000 0.500000 -0.048264 60 200 60
2.700000 0.500000 -0.048249 60 200 60
2.800000 0.500000 -0.048252 60 200 60
2.900000 0.500000 -0.048229 60 200 60
3.000000 0.500000 -0.048199 60 200 60
3.100000 0.500000 -0.048185 60 200 60
3.200000 0.500000 -0.048167 60 200 60
3.300000 0.500000 -0.048099 60 200 60
3.400000 0.500000 -0.048089 60 200 60
3.500000 0.500000 -0.047961 60 200 60
3.600000 0.500000 -0.047934 60 200 60
3.700000 0.500000 -0.047874 60 200 60
3.800000 0.500000 -0.047805 60 200 60
3.900000 0.500000 -0.047805 60 200 60
4.000000 0.500000 -0.047804 60 200 60
4.100000 0.500000 -0.047251 60 200 60
4.200000 0.500000 -0.047370 220 40 40
4.300000 0.500000 -0.028326 60 200 60
4.400000 0.500000 -0.031528 60 200 60
4.500000 0.500000 -0.029833 60 200 60
4.600000 0.500000 -0.024916 60 200 60
4.700000 0.500000 -0.029750 60 200 60
4.800000 0.500000 -0.026355 60 200 60
-4.900000 0.600000 0.004773 220 40 40
-4.800000 0.600000 -0.011747 60 200 60
-4.700000 0.600000 -0.020368 60 200 60
-4.600000 0.600000 -0.016633 60 200 60
-4.500000 0.600000 -0.020448 60 200 60
-4.400000 0.600000 -0.023308 230 200 40
-4.300000 0.600000 -0.047528 60 200 60
-4.200000 0.600000 -0.047587 60 200 60
-4.100000 0.600000 -0.047847 60 200 60
-4.000000 0.600000 -0.047836 60 200 60
-3.900000 0.600000 -0.047799 60 200 60
-3.800000 0.600000 -0.047764 60 200 60
-3.700000 0.600000 -0.047716 60 200 60
-3.600000 0.600000 -0.047911 60 200 60
-3.500000 0.600000 -0.047913 60 200 60
-3.400000 0.600000 -0.047902 60 200 60
-3.300000 0.600000 -0.047890 60 200 60
-3.200000 0.600000 -0.047885 60 200 60
-3.100000 0.600000 -0.047879 60 200 60
-3.000000 0.600000 -0.047880 60 200 60
-2.900000 0.600000 -0.047870 60 200 60
-2.800000 0.600000 -0.047865 60 200 60
-2.700000 0.600000 -0.047862 60 200 60
-2.600000 0.600000 -0.047861 60 200 60
-2.500000 0.600000 -0.047867 60 200 60
-2.400000 0.600000 -0.047866 60 200 60
-2.300000 0.600000 -0.047894 60 200 60
-2.200000 0.600000 -0.047892 60 200 60
-2.100000 0.600000 -0.047896 60 200 60
-2.000000 0.600000 -0.047887 60 200 60
-1.900000 0.600000 -0.047889 60 200 60
-1.800000 0.600000 -0.047890 60 200 60
-1.700000 0.600000 -0.047955 60 200 60
-1.600000 0.600000 -0.047907 60 200 60
-1.500000 0.600000 -0.047934 60 200 60
-1.400000 0.600000 -0.047957 60 200 60
-1.300000 0.600000 -0.047994 60 200 60
-1.200000 0.600000 -0.048014 60 200 60
-1.100000 0.600000 -0.048029 60 200 60
-1.000000 0.600000 -0.048061 60 200 60
-0.900000 0.600000 -0.048091 60 200 60
-0.800000 0.600000 -0.039120 60 200 60
-0.700000 0.600000 -0.016348 60 200 60
-0.600000 0.600000 -0.047390 230 200 40
-0.500000 0.600000 -0.017202 220 40 40
-0.400000 0.600000 0.326468 220 40 40
-0.300000 0.600000 0.422358 220 40 40
-0.200000 0.600000 0.358999 220 40 40
-0.100000 0.600000 0.365728 220 40 40
0.000000 0.600000 0.367005 220 40 40
0.100000 0.600000 0.366742 220 40 40
0.200000 0.600000 0.362965 220 40 40
0.300000 0.600000 0.366955 220 40 40
0.400000 0.600000 0.327373 220 40 40
0.500000 0.600000 0.364377 220 40 40
0.600000 0.600000 0.372013 220 40 40
0.700000 0.600000 0.002674 220 40 40
0.800000 0.600000 -0.047605 220 40 40
0.900000 0.600000 -0.047598 60 200 60
1.000000 0.600000 -0.048677 60 200 60
1.100000 0.600000 -0.048700 60 200 60
1.200000 0.600000 -0.048697 60 200 60
1.300000 0.600000 -0.048705 60 200 60
1.400000 0.600000 -0.048690 60 200 60
1.500000 0.600000 -0.048656 60 200 60
1.600000 0.600000 -0.048642 60 200 60
1.700000 0.600000 -0.048440 60 200 60
1.800000 0.600000 -0.048324 60 200 60
1.900000 0.600000 -0.048291 60 200 60
2.000000 0.600000 -0.048298 60 200 60
2.100000 0.600000 -0.048297 60 200 60
2.200000 0.600000 -0.048278 60 200 60
2.300000 0.600000 -0.048274 60 200 60
2.400000 0.600000 -0.048248 60 200 60
2.500000 0.600000 -0.048257 60 200 60
2.600000 0.600000 -0.048217 60 200 60
2.700000 0.600000 -0.048215 60 200 60
2.800000 0.600000 -0.048210 60 200 60
2.900000 0.600000 -0.048197 60 200 60
3.000000 0.600000 -0.048180 60 200 60
3.100000 0.600000 -0.048163 60 200 60
3.200000 0.600000 -0.048146 60 200 60
3.300000 0.600000 -0.048093 60 200 60
3.400000 0.600000 -0.048091 60 200 60
3.500000 0.600000 -0.048001 60 200 60
3.600000 0.600000 -0.047953 60 200 60
3.700000 0.600000 -0.047930 60 200 60
3.800000 0.600000 -0.047868 60 200 60
3.900000 0.600000 -0.047869 60 200 60
4.000000 0.600000 -0.047792 60 200 60
4.100000 0.600000 -0.047244 60 200 60
4.200000 0.600000 -0.032832 60 200 60
4.300000 0.600000 -0.028314 60 200 60
4.400000 0.600000 -0.031543 60 200 60
4.500000 0.600000 -0.029862 60 200 60
4.600000 0.600000 -0.024905 60 200 60
4.700000 0.600000 -0.029772 60 200 60
4.800000 0.600000 -0.026365 60 200 60
-4.900000 0.700000 0.004772 220 40 40
-4.800000 0.700000 -0.011686 60 200 60
-4.700000 0.700000 -0.020320 60 200 60
-4.600000 0.700000 -0.016599 60 200 60
-4.500000 0.700000 -0.020418 60 200 60
-4.400000 0.700000 -0.023297 60 200 60
-4.300000 0.700000 -0.047685 60 200 60
-4.200000 0.700000 -0.047613 60 200 60
-4.100000 0.700000 -0.047784 60 200 60
-4.000000 0.700000 -0.047799 60 200 60
-3.900000 0.700000 -0.047743 60 200 60
-3.800000 0.700000 -0.047945 60 200 60
-3.700000 0.700000 -0.047932 60 200 60
-3.600000 0.700000 -0.047911 60 200 60
-3.500000 0.700000 -0.047912 60 200 60
-3.400000 0.700000 -0.047898 60 200 60
-3.300000 0.700000 -0.047894 60 200 60
-3.200000 0.700000 -0.047888 60 200 60
-3.100000 0.700000 -0.047885 60 200 60
-3.000000 0.700000 -0.047881 60 200 60
-2.900000 0.700000 -0.047877 60 200 60
-2.800000 0.700000 -0.047871 60 200 60
-2.700000 0.700000 -0.047893 60 200 60
-2.600000 0.700000 -0.047892 60 200 60
-2.500000 0.700000 -0.047897 60 200 60
-2.400000 0.700000 -0.047896 60 200 60
-2.300000 0.700000 -0.047893 60 200 60
-2.200000 0.700000 -0.047887 60 200 60
-2.100000 0.700000 -0.047891 60 200 60
-2.000000 0.700000 -0.047881 60 200 60
-1.900000 0.700000 -0.047882 60 200 60
-1.800000 0.700000 -0.047883 60 200 60
-1.700000 0.700000 -0.047950 60 200 60
-1.600000 0.700000 -0.047886 60 200 60
-1.500000 0.700000 -0.047932 60 200 60
-1.400000 0.700000 -0.047965 60 200 60
-1.300000 0.700000 -0.047991 60 200 60
-1.200000 0.700000 -0.048017 60 200 60
-1.100000 0.700000 -0.048032 60 200 60
-1.000000 0.700000 -0.048082 60 200 60
-0.900000 0.700000 -0.048111 60 200 60
-0.800000 0.700000 -0.048069 60 200 60
-0.700000 0.700000 -0.035445 230 200 40
-0.600000 0.700000 -0.015279 220 40 40
-0.500000 0.700000 0.057080 220 40 40
-0.400000 0.700000 0.292706 220 40 40
-0.300000 0.700000 0.291298 220 40 40
-0.200000 0.700000 0.284295 220 40 40
-0.100000 0.700000 0.331816 220 40 40
0.000000 0.700000 0.274886 220 40 40
0.100000 0.700000 0.501365 220 40 40
0.200000 0.700000 0.211658 220 40 40
0.300000 0.700000 0.203212 220 40 40
0.400000 0.700000 0.146549 220 40 40
0.500000 0.700000 -0.029397 220 40 40
0.600000 0.700000 0.159815 220 40 40
0.700000 0.700000 0.145759 220 40 40
0.800000 0.700000 -0.047606 220 40 40
0.900000 0.700000 -0.047580 60 200 60
1.000000 0.700000 -0.048678 60 200 60
1.100000 0.700000 -0.048700 60 200 60
1.200000 0.700000 -0.048697 60 200 60
1.300000 0.700000 -0.048705 60 200 60
1.400000 0.700000 -0.048689 60 200 60
1.500000 0.700000 -0.048634 60 200 60
1.600000 0.700000 -0.048639 60 200 60
1.700000 0.700000 -0.048379 60 200 60
1.800000 0.700000 -0.048261 60 200 60
1.900000 0.700000 -0.048215 60 200 60
2.000000 0.700000 -0.048208 60 200 60
2.100000 0.700000 -0.048200 60 200 60
2.200000 0.700000 -0.048165 60 200 60
2.300000 0.700000 -0.048158 60 200 60
2.400000 0.700000 -0.048132 60 200 60
2.500000 0.700000 -0.048126 60 200 60
2.600000 0.700000 -0.048084 60 200 60
2.700000 0.700000 -0.048068 60 200 60
2.800000 0.700000 -0.048062 60 200 60
2.900000 0.700000 -0.048073 60 200 60
3.000000 0.700000 -0.048054 60 200 60
3.100000 0.700000 -0.048065 60 200 60
3.200000 0.700000 -0.048007 60 200 60
3.300000 0.700000 -0.048013 60 200 60
3.400000 0.700000 -0.048025 60 200 60
3.500000 0.700000 -0.047960 60 200 60
3.600000 0.700000 -0.047914 60 200 60
3.700000 0.700000 -0.047873 60 200 60
3.800000 0.700000 -0.047844 60 200 60
3.900000 0.700000 -0.047844 60 200 60
4.000000 0.700000 -0.047789 60 200 60
4.100000 0.700000 -0.047205 60 200 60
4.200000 0.700000 -0.031543 60 200 60
4.300000 0.700000 -0.028276 60 200 60
4.400000 0.700000 -0.029798 60 200 60
4.500000 0.700000 -0.027666 60 200 60
4.600000 0.700000 -0.024905 60 200 60
4.700000 0.700000 -0.029785 60 200 60
4.800000 0.700000 -0.021203 60 200 60
-4.900000 0.800000 0.004772 220 40 40
-4.800000 0.800000 -0.011669 60 200 60
-4.700000 0.800000 -0.020308 60 200 60
-4.600000 0.800000 -0.016607 60 200 60
-4.500000 0.800000 -0.020396 60 200 60
-4.400000 0.800000 -0.023275 60 200 60
-4.300000 0.800000 -0.027460 60 200 60
-4.200000 0.800000 -0.047540 60 200 60
-4.100000 0.800000 -0.047731 60 200 60
-4.000000 0.800000 -0.047757 60 200 60
-3.900000 0.800000 -0.047955 60 200 60
-3.800000 0.800000 -0.047952 60 200 60
-3.700000 0.800000 -0.047938 60 200 60
-3.600000 0.800000 -0.047969 60 200 60
-3.500000 0.800000 -0.047965 60 200 60
-3.400000 0.800000 -0.047949 60 200 60
-3.300000 0.800000 -0.047941 60 200 60
-3.200000 0.800000 -0.047934 60 200 60
-3.100000 0.800000 -0.047930 60 200 60
-3.000000 0.800000 -0.047899 60 200 60
-2.900000 0.800000 -0.047896 60 200 60
-2.800000 0.800000 -0.047890 60 200 60
-2.700000 0.800000 -0.047889 60 200 60
-2.600000 0.800000 -0.047887 60 200 60
-2.500000 0.800000 -0.047892 60 200 60
-2.400000 0.800000 -0.047889 60 200 60
-2.300000 0.800000 -0.047888 60 200 60
-2.200000 0.800000 -0.047887 60 200 60
-2.100000 0.800000 -0.047890 60 200 60
-2.000000 0.800000 -0.047880 60 200 60
-1.900000 0.800000 -0.047882 60 200 60
-1.800000 0.800000 -0.047883 60 200 60
-1.700000 0.800000 -0.047949 60 200 60
-1.600000 0.800000 -0.047885 60 200 60
-1.500000 0.800000 -0.047932 60 200 60
-1.400000 0.800000 -0.047956 60 200 60
-1.300000 0.800000 -0.047986 60 200 60
-1.200000 0.800000 -0.048027 60 200 60
-1.100000 0.800000 -0.048048 60 200 60
-1.000000 0.800000 -0.048100 60 200 60
-0.900000 0.800000 -0.048297 60 200 60
-0.800000 0.800000 -0.048368 60 200 60
-0.700000 0.800000 -0.048418 60 200 60
-0.600000 0.800000 -0.048532 230 200 40
-0.500000 0.800000 -0.048624 220 40 40
-0.400000 0.800000 -0.048744 220 40 40
-0.300000 0.800000 -0.048754 220 40 40
-0.200000 0.800000 -0.048192 220 40 40
-0.100000 0.800000 -0.045518 220 40 40
0.000000 0.800000 0.354737 220 40 40
0.100000 0.800000 -0.048181 220 40 40
0.200000 0.800000 -0.048643 220 40 40
0.300000 0.800000 -0.048637 220 40 40
0.400000 0.800000 -0.048637 220 40 40
0.500000 0.800000 -0.047626 220 40 40
0.600000 0.800000 -0.047613 220 40 40
0.700000 0.800000 -0.047591 220 40 40
0.800000 0.800000 -0.047581 220 40 40
0.900000 0.800000 -0.048679 60 200 60
1.000000 0.800000 -0.048678 60 200 60
1.100000 0.800000 -0.048700 60 200 60
1.200000 0.800000 -0.048705 60 200 60
1.300000 0.800000 -0.048705 60 200 60
1.400000 0.800000 -0.048670 60 200 60
1.500000 0.800000 -0.048632 60 200 60
1.600000 0.800000 -0.048551 60 200 60
1.700000 0.800000 -0.048352 60 200 60
1.800000 0.800000 -0.048265 60 200 60
1.900000 0.800000 -0.048205 60 200 60
2.000000 0.800000 -0.048197 60 200 60
2.100000 0.800000 -0.048190 60 200 60
2.200000 0.800000 -0.048154 60 200 60
2.300000 0.800000 -0.048131 60 200 60
2.400000 0.800000 -0.048105 60 200 60
2.500000 0.800000 -0.048099 60 200 60
2.600000 0.800000 -0.048058 60 200 60
2.700000 0.800000 -0.048041 60 200 60
2.800000 0.800000 -0.048036 60 200 60
2.900000 0.800000 -0.048021 60 200 60
3.000000 0.800000 -0.047988 60 200 60
3.100000 0.800000 -0.047984 60 200 60
3.200000 0.800000 -0.047930 60 200 60
3.300000 0.800000 -0.047909 60 200 60
3.400000 0.800000 -0.047907 60 200 60
3.500000 0.800000 -0.047839 60 200 60
3.600000 0.800000 -0.047806 60 200 60
3.700000 0.800000 -0.047758 60 200 60
3.800000 0.800000 -0.047733 60 200 60
3.900000 0.800000 -0.047733 60 200 60
4.000000 0.800000 -0.047675 60 200 60
4.100000 0.800000 -0.047088 60 200 60
4.200000 0.800000 -0.047416 60 200 60
4.300000 0.800000 -0.028280 60 200 60
4.400000 0.800000 -0.029798 60 200 60
4.500000 0.800000 -0.027678 60 200 60
4.600000 0.800000 -0.024895 60 200 60
4.700000 0.800000 -0.029797 60 200 60
4.800000 0.800000 -0.012625 60 200 60
-4.900000 0.900000 0.004771 220 40 40
-4.800000 0.900000 -0.011680 60 200 60
-4.700000 0.900000 -0.020315 60 200 60
-4.600000 0.900000 -0.016576 60 200 60
-4.500000 0.900000 -0.023267 60 200 60
-4.400000 0.900000 -0.023249 60 200 60
-4.300000 0.900000 -0.027430 60 200 60
-4.200000 0.900000 -0.047348 60 200 60
-4.100000 0.900000 -0.047699 60 200 60
-4.000000 0.900000 -0.047754 60 200 60
-3.900000 0.900000 -0.047958 60 200 60
-3.800000 0.900000 -0.048014 60 200 60
-3.700000 0.900000 -0.047995 60 200 60
-3.600000 0.900000 -0.047970 60 200 60
-3.500000 0.900000 -0.047967 60 200 60
-3.400000 0.900000 -0.047950 60 200 60
-3.300000 0.900000 -0.047944 60 200 60
-3.200000 0.900000 -0.047938 60 200 60
-3.100000 0.900000 -0.047895 60 200 60
-3.000000 0.900000 -0.047892 60 200 60
-2.900000 0.900000 -0.047888 60 200 60
-2.800000 0.900000 -0.047882 60 200 60
-2.700000 0.900000 -0.047883 60 200 60
-2.600000 0.900000 -0.047883 60 200 60
-2.500000 0.900000 -0.047884 60 200 60
-2.400000 0.900000 -0.047884 60 200 60
-2.300000 0.900000 -0.047887 60 200 60
-2.200000 0.900000 -0.047885 60 200 60
-2.100000 0.900000 -0.047888 60 200 60
-2.000000 0.900000 -0.047914 60 200 60
-1.900000 0.900000 -0.047925 60 200 60
-1.800000 0.900000 -0.047941 60 200 60
-1.700000 0.900000 -0.047878 60 200 60
-1.600000 0.900000 -0.047926 60 200 60
-1.500000 0.900000 -0.047932 60 200 60
-1.400000 0.900000 -0.047970 60 200 60
-1.300000 0.900000 -0.048004 60 200 60
-1.200000 0.900000 -0.048033 60 200 60
-1.100000 0.900000 -0.048053 60 200 60
-1.000000 0.900000 -0.048215 60 200 60
-0.900000 0.900000 -0.048296 60 200 60
-0.800000 0.900000 -0.048368 60 200 60
-0.700000 0.900000 -0.048419 60 200 60
-0.600000 0.900000 -0.048423 60 200 60
-0.500000 0.900000 -0.048460 60 200 60
-0.400000 0.900000 -0.048533 60 200 60
-0.300000 0.900000 -0.048584 60 200 60
-0.200000 0.900000 -0.048659 60 200 60
-0.100000 0.900000 -0.045385 220 40 40
0.000000 0.900000 0.338662 220 40 40
0.100000 0.900000 -0.047633 220 40 40
0.200000 0.900000 -0.047624 60 200 60
0.300000 0.900000 -0.048638 60 200 60
0.400000 0.900000 -0.048629 60 200 60
0.500000 0.900000 -0.047628 60 200 60
0.600000 0.900000 -0.047617 60 200 60
0.700000 0.900000 -0.047605 60 200 60
0.800000 0.900000 -0.047583 60 200 60
0.900000 0.900000 -0.047578 60 200 60
1.000000 0.900000 -0.048679 60 200 60
1.100000 0.900000 -0.048699 60 200 60
1.200000 0.900000 -0.048705 60 200 60
1.300000 0.900000 -0.048703 60 200 60
1.400000 0.900000 -0.048669 60 200 60
1.500000 0.900000 -0.048630 60 200 60
1.600000 0.900000 -0.048548 60 200 60
1.700000 0.900000 -0.048365 60 200 60
1.800000 0.900000 -0.048243 60 200 60
1.900000 0.900000 -0.048207 60 200 60
2.000000 0.900000 -0.048200 60 200 60
2.100000 0.900000 -0.048192 60 200 60
2.200000 0.900000 -0.048156 60 200 60
2.300000 0.900000 -0.048137 60 200 60
2.400000 0.900000 -0.048110 60 200 60
2.500000 0.900000 -0.048104 60 200 60
2.600000 0.900000 -0.048063 60 200 60
2.700000 0.900000 -0.048042 60 200 60
2.800000 0.900000 -0.048037 60 200 60
2.900000 0.900000 -0.048022 60 200 60
3.000000 0.900000 -0.047975 60 200 60
3.100000 0.900000 -0.047971 60 200 60
3.200000 0.900000 -0.047916 60 200 60
3.300000 0.900000 -0.047895 60 200 60
3.400000 0.900000 -0.047893 60 200 60
3.500000 0.900000 -0.047807 60 200 60
3.600000 0.900000 -0.047785 60 200 60
3.700000 0.900000 -0.047738 60 200 60
3.800000 0.900000 -0.047713 60 200 60
3.900000 0.900000 -0.047687 60 200 60
4.000000 0.900000 -0.047656 60 200 60
4.100000 0.900000 -0.047099 60 200 60
4.200000 0.900000 -0.047402 60 200 60
4.300000 0.900000 -0.032949 60 200 60
4.400000 0.900000 -0.029821 60 200 60
4.500000 0.900000 -0.024926 60 200 60
4.600000 0.900000 -0.024881 60 200 60
4.700000 0.900000 -0.029822 60 200 60
4.800000 0.900000 -0.012646 60 200 60
-4.900000 1.000000 0.004770 220 40 40
-4.800000 1.000000 -0.011689 60 200 60
-4.700000 1.000000 -0.020290 60 200 60
-4.600000 1.000000 -0.016570 60 200 60
-4.500000 1.000000 -0.023260 60 200 60
-4.400000 1.000000 -0.023239 60 200 60
-4.300000 1.000000 -0.027435 60 200 60
-4.200000 1.000000 -0.047554 60 200 60
-4.100000 1.000000 -0.047699 60 200 60
-4.000000 1.000000 -0.047706 60 200 60
-3.900000 1.000000 -0.048020 60 200 60
-3.800000 1.000000 -0.048015 60 200 60
-3.700000 1.000000 -0.047996 60 200 60
-3.600000 1.000000 -0.047969 60 200 60
-3.500000 1.000000 -0.047967 60 200 60
-3.400000 1.000000 -0.047950 60 200 60
-3.300000 1.000000 -0.047945 60 200 60
-3.200000 1.000000 -0.047938 60 200 60
-3.100000 1.000000 -0.047934 60 200 60
-3.000000 1.000000 -0.047881 60 200 60
-2.900000 1.000000 -0.047880 60 200 60
-2.800000 1.000000 -0.047880 60 200 60
-2.700000 1.000000 -0.047882 60 200 60
-2.600000 1.000000 -0.047880 60 200 60
-2.500000 1.000000 -0.047881 60 200 60
-2.400000 1.000000 -0.047880 60 200 60
-2.300000 1.000000 -0.047882 60 200 60
-2.200000 1.000000 -0.047881 60 200 60
-2.100000 1.000000 -0.047893 60 200 60
-2.000000 1.000000 -0.047910 60 200 60
-1.900000 1.000000 -0.047921 60 200 60
-1.800000 1.000000 -0.047944 60 200 60
-1.700000 1.000000 -0.047871 60 200 60
-1.600000 1.000000 -0.047922 60 200 60
-1.500000 1.000000 -0.047925 60 200 60
-1.400000 1.000000 -0.047981 60 200 60
-1.300000 1.000000 -0.048024 60 200 60
-1.200000 1.000000 -0.048048 60 200 60
-1.100000 1.000000 -0.048068 60 200 60
-1.000000 1.000000 -0.048116 60 200 60
-0.900000 1.000000 -0.048151 60 200 60
-0.800000 1.000000 -0.048158 60 200 60
-0.700000 1.000000 -0.048184 60 200 60
-0.600000 1.000000 -0.048222 60 200 60
-0.500000 1.000000 -0.048226 60 200 60
-0.400000 1.000000 -0.048253 60 200 60
-0.300000 1.000000 -0.048275 60 200 60
-0.200000 1.000000 -0.048296 60 200 60
-0.100000 1.000000 -0.046341 220 40 40
0.000000 1.000000 0.342433 220 40 40
0.100000 1.000000 -0.047630 220 40 40
0.200000 1.000000 -0.047626 60 200 60
0.300000 1.000000 -0.047671 60 200 60
0.400000 1.000000 -0.048628 60 200 60
0.500000 1.000000 -0.047630 60 200 60
0.600000 1.000000 -0.047615 60 200 60
0.700000 1.000000 -0.047607 60 200 60
0.800000 1.000000 -0.047580 60 200 60
0.900000 1.000000 -0.048680 60 200 60
1.000000 1.000000 -0.048678 60 200 60
1.100000 1.000000 -0.048699 60 200 60
1.200000 1.000000 -0.048705 60 200 60
1.300000 1.000000 -0.048703 60 200 60
1.400000 1.000000 -0.048667 60 200 60
1.500000 1.000000 -0.048628 60 200 60
1.600000 1.000000 -0.048545 60 200 60
1.700000 1.000000 -0.048322 60 200 60
1.800000 1.000000 -0.048233 60 200 60
1.900000 1.000000 -0.048183 60 200 60
2.000000 1.000000 -0.048176 60 200 60
2.100000 1.000000 -0.048168 60 200 60
2.200000 1.000000 -0.048132 60 200 60
2.300000 1.000000 -0.048112 60 200 60
2.400000 1.000000 -0.048086 60 200 60
2.500000 1.000000 -0.048079 60 200 60
2.600000 1.000000 -0.048049 60 200 60
2.700000 1.000000 -0.048032 60 200 60
2.800000 1.000000 -0.048026 60 200 60
2.900000 1.000000 -0.048024 60 200 60
3.000000 1.000000 -0.047974 60 200 60
3.100000 1.000000 -0.047970 60 200 60
3.200000 1.000000 -0.047914 60 200 60
3.300000 1.000000 -0.047893 60 200 60
3.400000 1.000000 -0.047891 60 200 60
3.500000 1.000000 -0.047801 60 200 60
3.600000 1.000000 -0.047777 60 200 60
3.700000 1.000000 -0.047727 60 200 60
3.800000 1.000000 -0.047700 60 200 60
3.900000 1.000000 -0.047678 60 200 60
4.000000 1.000000 -0.047636 60 200 60
4.100000 1.000000 -0.047087 60 200 60
4.200000 1.000000 -0.040034 60 200 60
4.300000 1.000000 -0.032107 60 200 60
4.400000 1.000000 -0.029804 60 200 60
4.500000 1.000000 -0.024932 60 200 60
4.600000 1.000000 -0.024888 60 200 60
4.700000 1.000000 -0.029856 60 200 60
4.800000 1.000000 0.004504 220 40 40
-4.900000 1.100000 0.004769 220 40 40
-4.800000 1.100000 -0.011667 60 200 60
-4.700000 1.100000 -0.020263 60 200 60
-4.600000 1.100000 -0.020338 60 200 60
-4.500000 1.100000 -0.023248 60 200 60
-4.400000 1.100000 -0.023235 60 200 60
-4.300000 1.100000 -0.027420 60 200 60
-4.200000 1.100000 -0.047534 60 200 60
-4.100000 1.100000 -0.047709 60 200 60
-4.000000 1.100000 -0.048063 60 200 60
-3.900000 1.100000 -0.048006 60 200 60
-3.800000 1.100000 -0.048007 60 200 60
-3.700000 1.100000 -0.047984 60 200 60
-3.600000 1.100000 -0.047964 60 200 60
-3.500000 1.100000 -0.047958 60 200 60
-3.400000 1.100000 -0.047946 60 200 60
-3.300000 1.100000 -0.047941 60 200 60
-3.200000 1.100000 -0.047935 60 200 60
-3.100000 1.100000 -0.047870 60 200 60
-3.000000 1.100000 -0.047870 60 200 60
-2.900000 1.100000 -0.047871 60 200 60
-2.800000 1.100000 -0.047871 60 200 60
-2.700000 1.100000 -0.047872 60 200 60
-2.600000 1.100000 -0.047875 60 200 60
-2.500000 1.100000 -0.047875 60 200 60
-2.400000 1.100000 -0.047873 60 200 60
-2.300000 1.100000 -0.047877 60 200 60
-2.200000 1.100000 -0.047881 60 200 60
-2.100000 1.100000 -0.047893 60 200 60
-2.000000 1.100000 -0.047930 60 200 60
-1.900000 1.100000 -0.047926 60 200 60
-1.800000 1.100000 -0.047927 60 200 60
-1.700000 1.100000 -0.047839 60 200 60
-1.600000 1.100000 -0.047912 60 200 60
-1.500000 1.100000 -0.047935 60 200 60
-1.400000 1.100000 -0.047981 60 200 60
-1.300000 1.100000 -0.048029 60 200 60
-1.200000 1.100000 -0.048068 60 200 60
-1.100000 1.100000 -0.048095 60 200 60
-1.000000 1.100000 -0.048144 60 200 60
-0.900000 1.100000 -0.048173 60 200 60
-0.800000 1.100000 -0.048184 60 200 60
-0.700000 1.100000 -0.048211 60 200 60
-0.600000 1.100000 -0.048262 60 200 60
-0.500000 1.100000 -0.048225 60 200 60
-0.400000 1.100000 -0.048260 60 200 60
-0.300000 1.100000 -0.048329 60 200 60
-0.200000 1.100000 -0.048365 60 200 60
-0.100000 1.100000 -0.045889 220 40 40
0.000000 1.100000 0.443624 220 40 40
0.100000 1.100000 -0.047508 220 40 40
0.200000 1.100000 -0.047651 60 200 60
0.300000 1.100000 -0.047682 60 200 60
0.400000 1.100000 -0.048628 60 200 60
0.500000 1.100000 -0.047632 60 200 60
0.600000 1.100000 -0.047617 60 200 60
0.700000 1.100000 -0.047607 60 200 60
0.800000 1.100000 -0.047598 60 200 60
0.900000 1.100000 -0.048681 60 200 60
1.000000 1.100000 -0.048678 60 200 60
1.100000 1.100000 -0.048699 60 200 60
1.200000 1.100000 -0.048704 60 200 60
1.300000 1.100000 -0.048692 60 200 60
1.400000 1.100000 -0.048666 60 200 60
1.500000 1.100000 -0.048626 60 200 60
1.600000 1.100000 -0.048518 60 200 60
1.700000 1.100000 -0.048318 60 200 60
1.800000 1.100000 -0.048230 60 200 60
1.900000 1.100000 -0.048180 60 200 60
2.000000 1.100000 -0.048172 60 200 60
2.100000 1.100000 -0.048153 60 200 60
2.200000 1.100000 -0.048115 60 200 60
2.300000 1.100000 -0.048109 60 200 60
2.400000 1.100000 -0.048082 60 200 60
2.500000 1.100000 -0.048076 60 200 60
2.600000 1.100000 -0.048035 60 200 60
2.700000 1.100000 -0.048017 60 200 60
2.800000 1.100000 -0.048011 60 200 60
2.900000 1.100000 -0.047996 60 200 60
3.000000 1.100000 -0.047947 60 200 60
3.100000 1.100000 -0.047943 60 200 60
3.200000 1.100000 -0.047869 60 200 60
3.300000 1.100000 -0.047866 60 200 60
3.400000 1.100000 -0.047865 60 200 60
3.500000 1.100000 -0.047777 60 200 60
3.600000 1.100000 -0.047753 60 200 60
3.700000 1.100000 -0.047676 60 200 60
3.800000 1.100000 -0.047675 60 200 60
3.900000 1.100000 -0.047647 60 200 60
4.000000 1.100000 -0.047606 60 200 60
4.100000 1.100000 -0.047071 60 200 60
4.200000 1.100000 -0.039981 60 200 60
4.300000 1.100000 -0.031085 60 200 60
4.400000 1.100000 -0.029808 60 200 60
4.500000 1.100000 -0.024903 60 200 60
4.600000 1.100000 -0.024867 60 200 60
4.700000 1.100000 -0.026412 60 200 60
4.800000 1.100000 0.004504 220 40 40
-4.900000 1.200000 0.004768 220 40 40
-4.800000 1.200000 -0.011595 60 200 60
-4.700000 1.200000 -0.020212 60 200 60
-4.600000 1.200000 -0.020328 60 200 60
-4.500000 1.200000 -0.023230 60 200 60
-4.400000 1.200000 -0.023223 60 200 60
-4.300000 1.200000 -0.027391 60 200 60
-4.200000 1.200000 -0.047590 60 200 60
-4.100000 1.200000 -0.047677 60 200 60
-4.000000 1.200000 -0.048058 60 200 60
-3.900000 1.200000 -0.048005 60 200 60
-3.800000 1.200000 -0.048004 60 200 60
-3.700000 1.200000 -0.047983 60 200 60
-3.600000 1.200000 -0.047964 60 200 60
-3.500000 1.200000 -0.047958 60 200 60
-3.400000 1.200000 -0.047948 60 200 60
-3.300000 1.200000 -0.047942 60 200 60
-3.200000 1.200000 -0.047941 60 200 60
-3.100000 1.200000 -0.047866 60 200 60
-3.000000 1.200000 -0.047865 60 200 60
-2.900000 1.200000 -0.047866 60 200 60
-2.800000 1.200000 -0.047866 60 200 60
-2.700000 1.200000 -0.047868 60 200 60
-2.600000 1.200000 -0.047871 60 200 60
-2.500000 1.200000 -0.047874 60 200 60
-2.400000 1.200000 -0.047873 60 200 60
-2.300000 1.200000 -0.047877 60 200 60
-2.200000 1.200000 -0.047873 60 200 60
-2.100000 1.200000 -0.047885 60 200 60
-2.000000 1.200000 -0.047939 60 200 60
-1.900000 1.200000 -0.047933 60 200 60
-1.800000 1.200000 -0.047934 60 200 60
-1.700000 1.200000 -0.047849 60 200 60
-1.600000 1.200000 -0.047915 60 200 60
-1.500000 1.200000 -0.047938 60 200 60
-1.400000 1.200000 -0.047990 60 200 60
-1.300000 1.200000 -0.048058 60 200 60
-1.200000 1.200000 -0.048075 60 200 60
-1.100000 1.200000 -0.048105 60 200 60
-1.000000 1.200000 -0.048150 60 200 60
-0.900000 1.200000 -0.048190 60 200 60
-0.800000 1.200000 -0.048204 60 200 60
-0.700000 1.200000 -0.048224 60 200 60
-0.600000 1.200000 -0.048237 60 200 60
-0.500000 1.200000 -0.048284 60 200 60
-0.400000 1.200000 -0.048304 60 200 60
-0.300000 1.200000 -0.048322 60 200 60
-0.200000 1.200000 -0.048339 60 200 60
-0.100000 1.200000 -0.046934 220 40 40
0.000000 1.200000 0.360353 220 40 40
0.100000 1.200000 -0.047564 220 40 40
0.200000 1.200000 -0.047695 60 200 60
0.300000 1.200000 -0.047619 60 200 60
0.400000 1.200000 -0.047665 60 200 60
0.500000 1.200000 -0.047632 60 200 60
0.600000 1.200000 -0.047618 60 200 60
0.700000 1.200000 -0.047608 60 200 60
0.800000 1.200000 -0.047593 60 200 60
0.900000 1.200000 -0.048681 60 200 60
1.000000 1.200000 -0.047576 60 200 60
1.100000 1.200000 -0.048699 60 200 60
1.200000 1.200000 -0.048704 60 200 60
1.300000 1.200000 -0.048692 60 200 60
1.400000 1.200000 -0.048665 60 200 60
1.500000 1.200000 -0.048601 60 200 60
1.600000 1.200000 -0.048515 60 200 60
1.700000 1.200000 -0.048321 60 200 60
1.800000 1.200000 -0.048200 60 200 60
1.900000 1.200000 -0.048168 60 200 60
2.000000 1.200000 -0.048160 60 200 60
2.100000 1.200000 -0.048153 60 200 60
2.200000 1.200000 -0.048115 60 200 60
2.300000 1.200000 -0.048108 60 200 60
2.400000 1.200000 -0.048081 60 200 60
2.500000 1.200000 -0.048075 60 200 60
2.600000 1.200000 -0.048031 60 200 60
2.700000 1.200000 -0.048013 60 200 60
2.800000 1.200000 -0.048008 60 200 60
2.900000 1.200000 -0.047980 60 200 60
3.000000 1.200000 -0.047944 60 200 60
3.100000 1.200000 -0.047940 60 200 60
3.200000 1.200000 -0.047867 60 200 60
3.300000 1.200000 -0.047864 60 200 60
3.400000 1.200000 -0.047862 60 200 60
3.500000 1.200000 -0.047776 60 200 60
3.600000 1.200000 -0.047752 60 200 60
3.700000 1.200000 -0.047674 60 200 60
3.800000 1.200000 -0.047673 60 200 60
3.900000 1.200000 -0.047624 60 200 60
4.000000 1.200000 -0.047140 60 200 60
4.100000 1.200000 -0.047067 60 200 60
4.200000 1.200000 -0.040636 60 200 60
4.300000 1.200000 -0.029812 60 200 60
4.400000 1.200000 -0.029816 60 200 60
4.500000 1.200000 -0.024926 60 200 60
4.600000 1.200000 -0.024871 60 200 60
4.700000 1.200000 -0.026430 60 200 60
4.800000 1.200000 0.004472 220 40 40
-4.900000 1.300000 0.004767 220 40 40
-4.800000 1.300000 -0.011550 60 200 60
-4.700000 1.300000 -0.020238 60 200 60
-4.600000 1.300000 -0.020341 60 200 60
-4.500000 1.300000 -0.023230 60 200 60
-4.400000 1.300000 -0.023205 60 200 60
-4.300000 1.300000 -0.027390 60 200 60
-4.200000 1.300000 -0.047590 60 200 60
-4.100000 1.300000 -0.048175 60 200 60
-4.000000 1.300000 -0.048058 60 200 60
-3.900000 1.300000 -0.048010 60 200 60
-3.800000 1.300000 -0.048008 60 200 60
-3.700000 1.300000 -0.047986 60 200 60
-3.600000 1.300000 -0.047968 60 200 60
-3.500000 1.300000 -0.047972 60 200 60
-3.400000 1.300000 -0.047967 60 200 60
-3.300000 1.300000 -0.047966 60 200 60
-3.200000 1.300000 -0.047965 60 200 60
-3.100000 1.300000 -0.047866 60 200 60
-3.000000 1.300000 -0.047869 60 200 60
-2.900000 1.300000 -0.047870 60 200 60
-2.800000 1.300000 -0.047871 60 200 60
-2.700000 1.300000 -0.047870 60 200 60
-2.600000 1.300000 -0.047872 60 200 60
-2.500000 1.300000 -0.047875 60 200 60
-2.400000 1.300000 -0.047878 60 200 60
-2.300000 1.300000 -0.047876 60 200 60
-2.200000 1.300000 -0.047876 60 200 60
-2.100000 1.300000 -0.047889 60 200 60
-2.000000 1.300000 -0.047953 60 200 60
-1.900000 1.300000 -0.047947 60 200 60
-1.800000 1.300000 -0.047948 60 200 60
-1.700000 1.300000 -0.047859 60 200 60
-1.600000 1.300000 -0.047923 60 200 60
-1.500000 1.300000 -0.047948 60 200 60
-1.400000 1.300000 -0.048008 60 200 60
-1.300000 1.300000 -0.048061 60 200 60
-1.200000 1.300000 -0.048082 60 200 60
-1.100000 1.300000 -0.048115 60 200 60
-1.000000 1.300000 -0.048155 60 200 60
-0.900000 1.300000 -0.048202 60 200 60
-0.800000 1.300000 -0.048232 60 200 60
-0.700000 1.300000 -0.048256 60 200 60
-0.600000 1.300000 -0.048264 60 200 60
-0.500000 1.300000 -0.048289 60 200 60
-0.400000 1.300000 -0.048295 60 200 60
-0.300000 1.300000 -0.048326 60 200 60
-0.200000 1.300000 -0.048332 60 200 60
-0.100000 1.300000 -0.045610 220 40 40
0.000000 1.300000 0.268412 220 40 40
0.100000 1.300000 -0.047463 220 40 40
0.200000 1.300000 -0.047721 60 200 60
0.300000 1.300000 -0.047691 60 200 60
0.400000 1.300000 -0.047653 60 200 60
0.500000 1.300000 -0.047648 60 200 60
0.600000 1.300000 -0.047616 60 200 60
0.700000 1.300000 -0.047603 60 200 60
0.800000 1.300000 -0.047593 60 200 60
0.900000 1.300000 -0.047567 60 200 60
1.000000 1.300000 -0.047580 60 200 60
1.100000 1.300000 -0.048697 60 200 60
1.200000 1.300000 -0.048704 60 200 60
1.300000 1.300000 -0.048700 60 200 60
1.400000 1.300000 -0.048663 60 200 60
1.500000 1.300000 -0.048588 60 200 60
1.600000 1.300000 -0.048487 60 200 60
1.700000 1.300000 -0.048267 60 200 60
1.800000 1.300000 -0.048183 60 200 60
1.900000 1.300000 -0.048151 60 200 60
2.000000 1.300000 -0.048143 60 200 60
2.100000 1.300000 -0.048124 60 200 60
2.200000 1.300000 -0.048086 60 200 60
2.300000 1.300000 -0.048079 60 200 60
2.400000 1.300000 -0.048053 60 200 60
2.500000 1.300000 -0.048026 60 200 60
2.600000 1.300000 -0.048005 60 200 60
2.700000 1.300000 -0.047987 60 200 60
2.800000 1.300000 -0.047982 60 200 60
2.900000 1.300000 -0.047953 60 200 60
3.000000 1.300000 -0.047917 60 200 60
3.100000 1.300000 -0.047914 60 200 60
3.200000 1.300000 -0.047841 60 200 60
3.300000 1.300000 -0.047849 60 200 60
3.400000 1.300000 -0.047847 60 200 60
3.500000 1.300000 -0.047771 60 200 60
3.600000 1.300000 -0.047746 60 200 60
3.700000 1.300000 -0.047665 60 200 60
3.800000 1.300000 -0.047672 60 200 60
3.900000 1.300000 -0.047622 60 200 60
4.000000 1.300000 -0.047155 60 200 60
4.100000 1.300000 -0.047102 60 200 60
4.200000 1.300000 -0.040791 60 200 60
4.300000 1.300000 -0.028162 60 200 60
4.400000 1.300000 -0.029788 60 200 60
4.500000 1.300000 -0.024878 60 200 60
4.600000 1.300000 -0.024834 60 200 60
4.700000 1.300000 -0.026444 230 200 40
4.800000 1.300000 0.004471 220 40 40
-4.900000 1.400000 0.004766 220 40 40
-4.800000 1.400000 -0.011600 60 200 60
-4.700000 1.400000 -0.025555 60 200 60
-4.600000 1.400000 -0.020321 60 200 60
-4.500000 1.400000 -0.023203 60 200 60
-4.400000 1.400000 -0.023192 60 200 60
-4.300000 1.400000 -0.027417 60 200 60
-4.200000 1.400000 -0.047521 60 200 60
-4.100000 1.400000 -0.048173 60 200 60
-4.000000 1.400000 -0.048048 60 200 60
-3.900000 1.400000 -0.048006 60 200 60
-3.800000 1.400000 -0.047999 60 200 60
-3.700000 1.400000 -0.047990 60 200 60
-3.600000 1.400000 -0.047985 60 200 60
-3.500000 1.400000 -0.047984 60 200 60
-3.400000 1.400000 -0.047983 60 200 60
-3.300000 1.400000 -0.047982 60 200 60
-3.200000 1.400000 -0.047979 60 200 60
-3.100000 1.400000 -0.047860 60 200 60
-3.000000 1.400000 -0.047869 60 200 60
-2.900000 1.400000 -0.047868 60 200 60
-2.800000 1.400000 -0.047867 60 200 60
-2.700000 1.400000 -0.047869 60 200 60
-2.600000 1.400000 -0.047872 60 200 60
-2.500000 1.400000 -0.047872 60 200 60
-2.400000 1.400000 -0.047878 60 200 60
-2.300000 1.400000 -0.047877 60 200 60
-2.200000 1.400000 -0.047876 60 200 60
-2.100000 1.400000 -0.047891 60 200 60
-2.000000 1.400000 -0.047970 60 200 60
-1.900000 1.400000 -0.047966 60 200 60
-1.800000 1.400000 -0.047967 60 200 60
-1.700000 1.400000 -0.047875 60 200 60
-1.600000 1.400000 -0.047936 60 200 60
-1.500000 1.400000 -0.047968 60 200 60
-1.400000 1.400000 -0.048022 60 200 60
-1.300000 1.400000 -0.048085 60 200 60
-1.200000 1.400000 -0.048110 60 200 60
-1.100000 1.400000 -0.048151 60 200 60
-1.000000 1.400000 -0.048185 60 200 60
-0.900000 1.400000 -0.048238 60 200 60
-0.800000 1.400000 -0.048251 60 200 60
-0.700000 1.400000 -0.048267 60 200 60
-0.600000 1.400000 -0.048286 60 200 60
-0.500000 1.400000 -0.048286 60 200 60
-0.400000 1.400000 -0.048307 60 200 60
-0.300000 1.400000 -0.048327 60 200 60
-0.200000 1.400000 -0.048009 60 200 60
-0.100000 1.400000 -0.045418 220 40 40
0.000000 1.400000 0.171990 220 40 40
0.100000 1.400000 -0.047444 220 40 40
0.200000 1.400000 -0.047723 60 200 60
0.300000 1.400000 -0.047697 60 200 60
0.400000 1.400000 -0.047657 60 200 60
0.500000 1.400000 -0.047647 60 200 60
0.600000 1.400000 -0.047627 60 200 60
0.700000 1.400000 -0.047611 60 200 60
0.800000 1.400000 -0.047594 60 200 60
0.900000 1.400000 -0.047576 60 200 60
1.000000 1.400000 -0.048697 60 200 60
1.100000 1.400000 -0.048697 60 200 60
1.200000 1.400000 -0.048703 60 200 60
1.300000 1.400000 -0.048699 60 200 60
1.400000 1.400000 -0.048640 60 200 60
1.500000 1.400000 -0.048585 60 200 60
1.600000 1.400000 -0.048459 60 200 60
1.700000 1.400000 -0.048257 60 200 60
1.800000 1.400000 -0.048165 60 200 60
1.900000 1.400000 -0.048146 60 200 60
2.000000 1.400000 -0.048138 60 200 60
2.100000 1.400000 -0.048119 60 200 60
2.200000 1.400000 -0.048081 60 200 60
2.300000 1.400000 -0.048055 60 200 60
2.400000 1.400000 -0.048049 60 200 60
2.500000 1.400000 -0.048022 60 200 60
2.600000 1.400000 -0.047989 60 200 60
2.700000 1.400000 -0.047984 60 200 60
2.800000 1.400000 -0.047979 60 200 60
2.900000 1.400000 -0.047949 60 200 60
3.000000 1.400000 -0.047914 60 200 60
3.100000 1.400000 -0.047910 60 200 60
3.200000 1.400000 -0.047838 60 200 60
3.300000 1.400000 -0.047836 60 200 60
3.400000 1.400000 -0.047775 60 200 60
3.500000 1.400000 -0.047751 60 200 60
3.600000 1.400000 -0.047727 60 200 60
3.700000 1.400000 -0.047648 60 200 60
3.800000 1.400000 -0.047648 60 200 60
3.900000 1.400000 -0.047598 60 200 60
4.000000 1.400000 -0.047150 60 200 60
4.100000 1.400000 -0.047124 60 200 60
4.200000 1.400000 -0.043838 60 200 60
4.300000 1.400000 -0.033889 60 200 60
4.400000 1.400000 -0.038308 60 200 60
4.500000 1.400000 -0.033984 60 200 60
4.600000 1.400000 -0.046771 60 200 60
4.700000 1.400000 -0.046572 220 40 40
-4.900000 1.500000 0.004764 220 40 40
-4.800000 1.500000 -0.011597 60 200 60
-4.700000 1.500000 -0.025511 60 200 60
-4.600000 1.500000 -0.020304 60 200 60
-4.500000 1.500000 -0.023189 60 200 60
-4.400000 1.500000 -0.023193 60 200 60
-4.300000 1.500000 -0.027400 60 200 60
-4.200000 1.500000 -0.047477 60 200 60
-4.100000 1.500000 -0.048162 60 200 60
-4.000000 1.500000 -0.048080 60 200 60
-3.900000 1.500000 -0.048072 60 200 60
-3.800000 1.500000 -0.048063 60 200 60
-3.700000 1.500000 -0.048040 60 200 60
-3.600000 1.500000 -0.048025 60 200 60
-3.500000 1.500000 -0.048019 60 200 60
-3.400000 1.500000 -0.048009 60 200 60
-3.300000 1.500000 -0.048003 60 200 60
-3.200000 1.500000 -0.047994 60 200 60
-3.100000 1.500000 -0.047847 60 200 60
-3.000000 1.500000 -0.047844 60 200 60
-2.900000 1.500000 -0.047845 60 200 60
-2.800000 1.500000 -0.047855 60 200 60
-2.700000 1.500000 -0.047877 60 200 60
-2.600000 1.500000 -0.047880 60 200 60
-2.500000 1.500000 -0.047884 60 200 60
-2.400000 1.500000 -0.047890 60 200 60
-2.300000 1.500000 -0.047891 60 200 60
-2.200000 1.500000 -0.047894 60 200 60
-2.100000 1.500000 -0.047990 60 200 60
-2.000000 1.500000 -0.047987 60 200 60
-1.900000 1.500000 -0.047979 60 200 60
-1.800000 1.500000 -0.047979 60 200 60
-1.700000 1.500000 -0.047941 60 200 60
-1.600000 1.500000 -0.047950 60 200 60
-1.500000 1.500000 -0.047985 60 200 60
-1.400000 1.500000 -0.048054 60 200 60
-1.300000 1.500000 -0.048117 60 200 60
-1.200000 1.500000 -0.048150 60 200 60
-1.100000 1.500000 -0.048196 60 200 60
-1.000000 1.500000 -0.048225 60 200 60
-0.900000 1.500000 -0.048244 60 200 60
-0.800000 1.500000 -0.048258 60 200 60
-0.700000 1.500000 -0.048290 60 200 60
-0.600000 1.500000 -0.048292 60 200 60
-0.500000 1.500000 -0.048306 60 200 60
-0.400000 1.500000 -0.048327 60 200 60
-0.300000 1.500000 -0.048333 60 200 60
-0.200000 1.500000 -0.048013 60 200 60
-0.100000 1.500000 -0.046243 220 40 40
0.000000 1.500000 0.070092 220 40 40
0.100000 1.500000 -0.044568 220 40 40
0.200000 1.500000 -0.047725 60 200 60
0.300000 1.500000 -0.047713 60 200 60
0.400000 1.500000 -0.047651 60 200 60
0.500000 1.500000 -0.047636 60 200 60
0.600000 1.500000 -0.047617 60 200 60
0.700000 1.500000 -0.047605 60 200 60
0.800000 1.500000 -0.047595 60 200 60
0.900000 1.500000 -0.047576 60 200 60
1.000000 1.500000 -0.048700 60 200 60
1.100000 1.500000 -0.048696 60 200 60
1.200000 1.500000 -0.048703 60 200 60
1.300000 1.500000 -0.048699 60 200 60
1.400000 1.500000 -0.048638 60 200 60
1.500000 1.500000 -0.048582 60 200 60
1.600000 1.500000 -0.048431 60 200 60
1.700000 1.500000 -0.048226 60 200 60
1.800000 1.500000 -0.048121 60 200 60
1.900000 1.500000 -0.048144 60 200 60
2.000000 1.500000 -0.048136 60 200 60
2.100000 1.500000 -0.048117 60 200 60
2.200000 1.500000 -0.048079 60 200 60
2.300000 1.500000 -0.048053 60 200 60
2.400000 1.500000 -0.048046 60 200 60
2.500000 1.500000 -0.048020 60 200 60
2.600000 1.500000 -0.047987 60 200 60
2.700000 1.500000 -0.047981 60 200 60
2.800000 1.500000 -0.047976 60 200 60
2.900000 1.500000 -0.047946 60 200 60
3.000000 1.500000 -0.047911 60 200 60
3.100000 1.500000 -0.047907 60 200 60
3.200000 1.500000 -0.047836 60 200 60
3.300000 1.500000 -0.047833 60 200 60
3.400000 1.500000 -0.047774 60 200 60
3.500000 1.500000 -0.047750 60 200 60
3.600000 1.500000 -0.047701 60 200 60
3.700000 1.500000 -0.047647 60 200 60
3.800000 1.500000 -0.047646 60 200 60
3.900000 1.500000 -0.047596 60 200 60
4.000000 1.500000 -0.047191 60 200 60
4.100000 1.500000 -0.047130 60 200 60
4.200000 1.500000 -0.043552 60 200 60
4.300000 1.500000 -0.036505 60 200 60
4.400000 1.500000 -0.034031 60 200 60
4.500000 1.500000 -0.021098 220 40 40
4.600000 1.500000 -0.046400 220 40 40
-4.900000 1.600000 0.004763 220 40 40
-4.800000 1.600000 -0.011579 60 200 60
-4.700000 1.600000 -0.025474 60 200 60
-4.600000 1.600000 -0.020292 60 200 60
-4.500000 1.600000 -0.023193 60 200 60
-4.400000 1.600000 -0.023208 60 200 60
-4.300000 1.600000 -0.027373 60 200 60
-4.200000 1.600000 -0.047232 60 200 60
-4.100000 1.600000 -0.048279 60 200 60
-4.000000 1.600000 -0.048138 60 200 60
-3.900000 1.600000 -0.048117 60 200 60
-3.800000 1.600000 -0.048097 60 200 60
-3.700000 1.600000 -0.048067 60 200 60
-3.600000 1.600000 -0.048055 60 200 60
-3.500000 1.600000 -0.048046 60 200 60
-3.400000 1.600000 -0.048044 60 200 60
-3.300000 1.600000 -0.048037 60 200 60
-3.200000 1.600000 -0.047880 60 200 60
-3.100000 1.600000 -0.047878 60 200 60
-3.000000 1.600000 -0.047879 60 200 60
-2.900000 1.600000 -0.047879 60 200 60
-2.800000 1.600000 -0.047882 60 200 60
-2.700000 1.600000 -0.047884 60 200 60
-2.600000 1.600000 -0.047886 60 200 60
-2.500000 1.600000 -0.047891 60 200 60
-2.400000 1.600000 -0.047897 60 200 60
-2.300000 1.600000 -0.047895 60 200 60
-2.200000 1.600000 -0.047892 60 200 60
-2.100000 1.600000 -0.048006 60 200 60
-2.000000 1.600000 -0.048001 60 200 60
-1.900000 1.600000 -0.047984 60 200 60
-1.800000 1.600000 -0.047981 60 200 60
-1.700000 1.600000 -0.047940 60 200 60
-1.600000 1.600000 -0.047960 60 200 60
-1.500000 1.600000 -0.047998 60 200 60
-1.400000 1.600000 -0.048080 60 200 60
-1.300000 1.600000 -0.048141 60 200 60
-1.200000 1.600000 -0.048172 60 200 60
-1.100000 1.600000 -0.048209 60 200 60
-1.000000 1.600000 -0.048231 60 200 60
-0.900000 1.600000 -0.048250 60 200 60
-0.800000 1.600000 -0.048273 60 200 60
-0.700000 1.600000 -0.048295 60 200 60
-0.600000 1.600000 -0.048300 60 200 60
-0.500000 1.600000 -0.048320 60 200 60
-0.400000 1.600000 -0.048336 60 200 60
-0.300000 1.600000 -0.048347 60 200 60
-0.200000 1.600000 -0.048017 60 200 60
-0.100000 1.600000 -0.045113 220 40 40
0.000000 1.600000 -0.000323 220 40 40
0.100000 1.600000 -0.046186 220 40 40
0.200000 1.600000 -0.047725 60 200 60
0.300000 1.600000 -0.047728 60 200 60
0.400000 1.600000 -0.047676 60 200 60
0.500000 1.600000 -0.047644 60 200 60
0.600000 1.600000 -0.047623 60 200 60
0.700000 1.600000 -0.047607 60 200 60
0.800000 1.600000 -0.047593 60 200 60
0.900000 1.600000 -0.047578 60 200 60
1.000000 1.600000 -0.048700 60 200 60
1.100000 1.600000 -0.048696 60 200 60
1.200000 1.600000 -0.048702 60 200 60
1.300000 1.600000 -0.048680 60 200 60
1.400000 1.600000 -0.048640 60 200 60
1.500000 1.600000 -0.048554 60 200 60
1.600000 1.600000 -0.048426 60 200 60
1.700000 1.600000 -0.048228 60 200 60
1.800000 1.600000 -0.048104 60 200 60
1.900000 1.600000 -0.048097 60 200 60
2.000000 1.600000 -0.048134 60 200 60
2.100000 1.600000 -0.048097 60 200 60
2.200000 1.600000 -0.048077 60 200 60
2.300000 1.600000 -0.048050 60 200 60
2.400000 1.600000 -0.048044 60 200 60
2.500000 1.600000 -0.048017 60 200 60
2.600000 1.600000 -0.047983 60 200 60
2.700000 1.600000 -0.047978 60 200 60
2.800000 1.600000 -0.047973 60 200 60
2.900000 1.600000 -0.047926 60 200 60
3.000000 1.600000 -0.047906 60 200 60
3.100000 1.600000 -0.047903 60 200 60
3.200000 1.600000 -0.047831 60 200 60
3.300000 1.600000 -0.047828 60 200 60
3.400000 1.600000 -0.047769 60 200 60
3.500000 1.600000 -0.047744 60 200 60
3.600000 1.600000 -0.047694 60 200 60
3.700000 1.600000 -0.047637 60 200 60
3.800000 1.600000 -0.047637 60 200 60
3.900000 1.600000 -0.047584 60 200 60
4.000000 1.600000 -0.047195 60 200 60
4.100000 1.600000 -0.047154 60 200 60
4.200000 1.600000 -0.043246 60 200 60
4.300000 1.600000 -0.033891 60 200 60
4.400000 1.600000 -0.029690 230 200 40
4.500000 1.600000 0.004471 220 40 40
-4.900000 1.700000 0.004762 220 40 40
-4.800000 1.700000 -0.011567 60 200 60
-4.700000 1.700000 -0.025491 60 200 60
-4.600000 1.700000 -0.016536 60 200 60
-4.500000 1.700000 -0.020279 60 200 60
-4.400000 1.700000 -0.020273 60 200 60
-4.300000 1.700000 -0.023105 230 200 40
-4.200000 1.700000 -0.047632 60 200 60
-4.100000 1.700000 -0.048324 60 200 60
-4.000000 1.700000 -0.048178 60 200 60
-3.900000 1.700000 -0.048160 60 200 60
-3.800000 1.700000 -0.048133 60 200 60
-3.700000 1.700000 -0.048117 60 200 60
-3.600000 1.700000 -0.048104 60 200 60
-3.500000 1.700000 -0.048103 60 200 60
-3.400000 1.700000 -0.048099 60 200 60
-3.300000 1.700000 -0.048090 60 200 60
-3.200000 1.700000 -0.047875 60 200 60
-3.100000 1.700000 -0.047875 60 200 60
-3.000000 1.700000 -0.047880 60 200 60
-2.900000 1.700000 -0.047892 60 200 60
-2.800000 1.700000 -0.047901 60 200 60
-2.700000 1.700000 -0.047905 60 200 60
-2.600000 1.700000 -0.047912 60 200 60
-2.500000 1.700000 -0.047919 60 200 60
-2.400000 1.700000 -0.047926 60 200 60
-2.300000 1.700000 -0.047925 60 200 60
-2.200000 1.700000 -0.047927 60 200 60
-2.100000 1.700000 -0.048094 60 200 60
-2.000000 1.700000 -0.048088 60 200 60
-1.900000 1.700000 -0.048084 60 200 60
-1.800000 1.700000 -0.048093 60 200 60
-1.700000 1.700000 -0.047988 60 200 60
-1.600000 1.700000 -0.048034 60 200 60
-1.500000 1.700000 -0.047894 60 200 60
-1.400000 1.700000 -0.047968 60 200 60
-1.300000 1.700000 -0.048302 60 200 60
-1.200000 1.700000 -0.048375 60 200 60
-1.100000 1.700000 -0.048409 60 200 60
-1.000000 1.700000 -0.048332 60 200 60
-0.900000 1.700000 -0.048293 60 200 60
-0.800000 1.700000 -0.048286 60 200 60
-0.700000 1.700000 -0.048305 60 200 60
-0.600000 1.700000 -0.048312 60 200 60
-0.500000 1.700000 -0.048322 60 200 60
-0.400000 1.700000 -0.048339 60 200 60
-0.300000 1.700000 -0.048355 60 200 60
-0.200000 1.700000 -0.048019 60 200 60
-0.100000 1.700000 -0.046122 220 40 40
0.000000 1.700000 0.273269 220 40 40
0.100000 1.700000 -0.047630 220 40 40
0.200000 1.700000 -0.047914 60 200 60
0.300000 1.700000 -0.047918 60 200 60
0.400000 1.700000 -0.047845 60 200 60
0.500000 1.700000 -0.047779 60 200 60
0.600000 1.700000 -0.047753 60 200 60
0.700000 1.700000 -0.047718 60 200 60
0.800000 1.700000 -0.047696 60 200 60
0.900000 1.700000 -0.047696 60 200 60
1.000000 1.700000 -0.047728 60 200 60
1.100000 1.700000 -0.047770 60 200 60
1.200000 1.700000 -0.047735 60 200 60
1.300000 1.700000 -0.047718 60 200 60
1.400000 1.700000 -0.048638 60 200 60
1.500000 1.700000 -0.048551 60 200 60
1.600000 1.700000 -0.047672 60 200 60
1.700000 1.700000 -0.047601 60 200 60
1.800000 1.700000 -0.048102 60 200 60
1.900000 1.700000 -0.048095 60 200 60
2.000000 1.700000 -0.048087 60 200 60
2.100000 1.700000 -0.048094 60 200 60
2.200000 1.700000 -0.048074 60 200 60
2.300000 1.700000 -0.048048 60 200 60
2.400000 1.700000 -0.048041 60 200 60
2.500000 1.700000 -0.047999 60 200 60
2.600000 1.700000 -0.047980 60 200 60
2.700000 1.700000 -0.047975 60 200 60
2.800000 1.700000 -0.047958 60 200 60
2.900000 1.700000 -0.047923 60 200 60
3.000000 1.700000 -0.047903 60 200 60
3.100000 1.700000 -0.047882 60 200 60
3.200000 1.700000 -0.047826 60 200 60
3.300000 1.700000 -0.047823 60 200 60
3.400000 1.700000 -0.047764 60 200 60
3.500000 1.700000 -0.047739 60 200 60
3.600000 1.700000 -0.047686 60 200 60
3.700000 1.700000 -0.047627 60 200 60
3.800000 1.700000 -0.047627 60 200 60
3.900000 1.700000 -0.047572 60 200 60
4.000000 1.700000 -0.047165 60 200 60
4.100000 1.700000 -0.047103 60 200 60
4.200000 1.700000 -0.044889 60 200 60
4.300000 1.700000 -0.046238 220 40 40
4.400000 1.700000 -0.021091 220 40 40
4.500000 1.700000 0.004471 220 40 40
-4.900000 1.800000 0.004760 220 40 40
-4.800000 1.800000 -0.011668 60 200 60
-4.700000 1.800000 -0.011728 60 200 60
-4.600000 1.800000 0.004813 60 200 60
-4.500000 1.800000 0.004814 60 200 60
-4.400000 1.800000 0.004814 60 200 60
-4.300000 1.800000 0.004814 230 200 40
-4.200000 1.800000 -0.046548 220 40 40
-4.100000 1.800000 -0.048355 60 200 60
-4.000000 1.800000 -0.048193 60 200 60
-3.900000 1.800000 -0.048171 60 200 60
-3.800000 1.800000 -0.048132 60 200 60
-3.700000 1.800000 -0.048116 60 200 60
-3.600000 1.800000 -0.047824 60 200 60
-3.500000 1.800000 -0.047827 60 200 60
-3.400000 1.800000 -0.047829 60 200 60
-3.300000 1.800000 -0.047837 60 200 60
-3.200000 1.800000 -0.047843 60 200 60
-3.100000 1.800000 -0.047856 60 200 60
-3.000000 1.800000 -0.047863 60 200 60
-2.900000 1.800000 -0.047863 60 200 60
-2.800000 1.800000 -0.047868 60 200 60
-2.700000 1.800000 -0.047876 60 200 60
-2.600000 1.800000 -0.047883 60 200 60
-2.500000 1.800000 -0.047891 60 200 60
-2.400000 1.800000 -0.047901 60 200 60
-2.300000 1.800000 -0.047903 60 200 60
-2.200000 1.800000 -0.047907 60 200 60
-2.100000 1.800000 -0.048105 60 200 60
-2.000000 1.800000 -0.048105 60 200 60
-1.900000 1.800000 -0.048105 60 200 60
-1.800000 1.800000 -0.048116 60 200 60
-1.700000 1.800000 -0.047998 60 200 60
-1.600000 1.800000 -0.048045 60 200 60
-1.500000 1.800000 -0.048117 60 200 60
-1.400000 1.800000 -0.048236 60 200 60
-1.300000 1.800000 -0.048331 60 200 60
-1.200000 1.800000 -0.048413 60 200 60
-1.100000 1.800000 -0.048510 60 200 60
-1.000000 1.800000 -0.048190 60 200 60
-0.900000 1.800000 -0.048291 60 200 60
-0.800000 1.800000 -0.048344 60 200 60
-0.700000 1.800000 -0.048374 60 200 60
-0.600000 1.800000 -0.048372 60 200 60
-0.500000 1.800000 -0.048392 60 200 60
-0.400000 1.800000 -0.048426 60 200 60
-0.300000 1.800000 -0.048480 60 200 60
-0.200000 1.800000 -0.048529 60 200 60
-0.100000 1.800000 -0.039796 220 40 40
0.000000 1.800000 0.294882 220 40 40
0.100000 1.800000 -0.046853 220 40 40
0.200000 1.800000 -0.047963 60 200 60
0.300000 1.800000 -0.047981 60 200 60
0.400000 1.800000 -0.047943 60 200 60
0.500000 1.800000 -0.047894 60 200 60
0.600000 1.800000 -0.047867 60 200 60
0.700000 1.800000 -0.047823 60 200 60
0.800000 1.800000 -0.047795 60 200 60
0.900000 1.800000 -0.047772 60 200 60
1.000000 1.800000 -0.047820 60 200 60
1.100000 1.800000 -0.047789 60 200 60
1.200000 1.800000 -0.047758 60 200 60
1.300000 1.800000 -0.047742 60 200 60
1.400000 1.800000 -0.047701 60 200 60
1.500000 1.800000 -0.048547 60 200 60
1.600000 1.800000 -0.048371 60 200 60
1.700000 1.800000 -0.048193 60 200 60
1.800000 1.800000 -0.048101 60 200 60
1.900000 1.800000 -0.048094 60 200 60
2.000000 1.800000 -0.048130 60 200 60
2.100000 1.800000 -0.048093 60 200 60
2.200000 1.800000 -0.048073 60 200 60
2.300000 1.800000 -0.048046 60 200 60
2.400000 1.800000 -0.048040 60 200 60
2.500000 1.800000 -0.047998 60 200 60
2.600000 1.800000 -0.047979 60 200 60
2.700000 1.800000 -0.047973 60 200 60
2.800000 1.800000 -0.047956 60 200 60
2.900000 1.800000 -0.047921 60 200 60
3.000000 1.800000 -0.047899 60 200 60
3.100000 1.800000 -0.047878 60 200 60
3.200000 1.800000 -0.047821 60 200 60
3.300000 1.800000 -0.047818 60 200 60
3.400000 1.800000 -0.047759 60 200 60
3.500000 1.800000 -0.047733 60 200 60
3.600000 1.800000 -0.047679 60 200 60
3.700000 1.800000 -0.047618 60 200 60
3.800000 1.800000 -0.047618 60 200 60
3.900000 1.800000 -0.047541 60 200 60
4.000000 1.800000 -0.046586 60 200 60
4.100000 1.800000 -0.046355 60 200 60
4.200000 1.800000 -0.045083 60 200 60
4.300000 1.800000 -0.046227 220 40 40
4.400000 1.800000 -0.046216 220 40 40
-4.900000 1.900000 0.004759 220 40 40
-4.800000 1.900000 0.004794 220 40 40
-4.700000 1.900000 0.004795 220 40 40
-4.600000 1.900000 0.004807 60 200 60
-4.500000 1.900000 0.004797 220 40 40
-4.400000 1.900000 0.004798 220 40 40
-4.300000 1.900000 0.004767 220 40 40
-4.200000 1.900000 -0.047654 220 40 40
-4.100000 1.900000 -0.048348 60 200 60
-4.000000 1.900000 -0.048187 60 200 60
-3.900000 1.900000 -0.048154 60 200 60
-3.800000 1.900000 -0.048134 60 200 60
-3.700000 1.900000 -0.047795 60 200 60
-3.600000 1.900000 -0.047799 60 200 60
-3.500000 1.900000 -0.047804 60 200 60
-3.400000 1.900000 -0.047806 60 200 60
-3.300000 1.900000 -0.047813 60 200 60
-3.200000 1.900000 -0.047822 60 200 60
-3.100000 1.900000 -0.047822 60 200 60
-3.000000 1.900000 -0.047831 60 200 60
-2.900000 1.900000 -0.047831 60 200 60
-2.800000 1.900000 -0.047843 60 200 60
-2.700000 1.900000 -0.047846 60 200 60
-2.600000 1.900000 -0.047853 60 200 60
-2.500000 1.900000 -0.047862 60 200 60
-2.400000 1.900000 -0.047874 60 200 60
-2.300000 1.900000 -0.047876 60 200 60
-2.200000 1.900000 -0.047879 60 200 60
-2.100000 1.900000 -0.048094 60 200 60
-2.000000 1.900000 -0.048094 60 200 60
-1.900000 1.900000 -0.048094 60 200 60
-1.800000 1.900000 -0.048105 60 200 60
-1.700000 1.900000 -0.047990 60 200 60
-1.600000 1.900000 -0.048043 60 200 60
-1.500000 1.900000 -0.047905 60 200 60
-1.400000 1.900000 -0.047987 60 200 60
-1.300000 1.900000 -0.048051 60 200 60
-1.200000 1.900000 -0.048093 60 200 60
-1.100000 1.900000 -0.048163 60 200 60
-1.000000 1.900000 -0.048220 60 200 60
-0.900000 1.900000 -0.048290 60 200 60
-0.800000 1.900000 -0.048352 60 200 60
-0.700000 1.900000 -0.048373 60 200 60
-0.600000 1.900000 -0.048372 60 200 60
-0.500000 1.900000 -0.048392 60 200 60
-0.400000 1.900000 -0.048426 60 200 60
-0.300000 1.900000 -0.048481 60 200 60
-0.200000 1.900000 -0.048529 60 200 60
-0.100000 1.900000 -0.039521 220 40 40
0.000000 1.900000 0.286124 220 40 40
0.100000 1.900000 -0.046635 220 40 40
0.200000 1.900000 -0.047943 60 200 60
0.300000 1.900000 -0.047963 60 200 60
0.400000 1.900000 -0.047926 60 200 60
0.500000 1.900000 -0.047877 60 200 60
0.600000 1.900000 -0.047851 60 200 60
0.700000 1.900000 -0.047807 60 200 60
0.800000 1.900000 -0.047781 60 200 60
0.900000 1.900000 -0.047759 60 200 60
1.000000 1.900000 -0.047807 60 200 60
1.100000 1.900000 -0.047777 60 200 60
1.200000 1.900000 -0.047746 60 200 60
1.300000 1.900000 -0.047740 60 200 60
1.400000 1.900000 -0.047708 60 200 60
1.500000 1.900000 -0.048542 60 200 60
1.600000 1.900000 -0.048344 60 200 60
1.700000 1.900000 -0.048179 60 200 60
1.800000 1.900000 -0.048101 60 200 60
1.900000 1.900000 -0.048094 60 200 60
2.000000 1.900000 -0.048087 60 200 60
2.100000 1.900000 -0.048047 60 200 60
2.200000 1.900000 -0.048026 60 200 60
2.300000 1.900000 -0.047998 60 200 60
2.400000 1.900000 -0.047552 60 200 60
2.500000 1.900000 -0.047519 60 200 60
2.600000 1.900000 -0.047978 60 200 60
2.700000 1.900000 -0.047527 60 200 60
2.800000 1.900000 -0.047951 60 200 60
2.900000 1.900000 -0.047917 60 200 60
3.000000 1.900000 -0.047896 60 200 60
3.100000 1.900000 -0.047875 60 200 60
3.200000 1.900000 -0.047818 60 200 60
3.300000 1.900000 -0.047815 60 200 60
3.400000 1.900000 -0.047755 60 200 60
3.500000 1.900000 -0.047702 60 200 60
3.600000 1.900000 -0.047643 60 200 60
3.700000 1.900000 -0.047610 60 200 60
3.800000 1.900000 -0.047610 60 200 60
3.900000 1.900000 -0.047529 60 200 60
4.000000 1.900000 -0.046567 60 200 60
4.100000 1.900000 -0.046352 60 200 60
4.200000 1.900000 -0.044861 230 200 40
-4.200000 2.000000 -0.047648 220 40 40
-4.100000 2.000000 -0.048297 60 200 60
-4.000000 2.000000 -0.048192 60 200 60
-3.900000 2.000000 -0.048157 60 200 60
-3.800000 2.000000 -0.047755 60 200 60
-3.700000 2.000000 -0.047769 60 200 60
-3.600000 2.000000 -0.047777 60 200 60
-3.500000 2.000000 -0.047780 60 200 60
-3.400000 2.000000 -0.047786 60 200 60
-3.300000 2.000000 -0.047792 60 200 60
-3.200000 2.000000 -0.047802 60 200 60
-3.100000 2.000000 -0.047802 60 200 60
-3.000000 2.000000 -0.047812 60 200 60
-2.900000 2.000000 -0.047812 60 200 60
-2.800000 2.000000 -0.047824 60 200 60
-2.700000 2.000000 -0.047826 60 200 60
-2.600000 2.000000 -0.047845 60 200 60
-2.500000 2.000000 -0.047846 60 200 60
-2.400000 2.000000 -0.047858 60 200 60
-2.300000 2.000000 -0.047859 60 200 60
-2.200000 2.000000 -0.047876 60 200 60
-2.100000 2.000000 -0.048094 60 200 60
-2.000000 2.000000 -0.048094 60 200 60
-1.900000 2.000000 -0.048094 60 200 60
-1.800000 2.000000 -0.047886 60 200 60
-1.700000 2.000000 -0.048032 60 200 60
-1.600000 2.000000 -0.048049 60 200 60
-1.500000 2.000000 -0.047904 60 200 60
-1.400000 2.000000 -0.047985 60 200 60
-1.300000 2.000000 -0.048061 60 200 60
-1.200000 2.000000 -0.048091 60 200 60
-1.100000 2.000000 -0.048161 60 200 60
-1.000000 2.000000 -0.048218 60 200 60
-0.900000 2.000000 -0.048296 60 200 60
-0.800000 2.000000 -0.048351 60 200 60
-0.700000 2.000000 -0.048373 60 200 60
-0.600000 2.000000 -0.048375 60 200 60
-0.500000 2.000000 -0.048391 60 200 60
-0.400000 2.000000 -0.048426 60 200 60
-0.300000 2.000000 -0.048481 60 200 60
-0.200000 2.000000 -0.048531 60 200 60
-0.100000 2.000000 -0.041042 220 40 40
0.000000 2.000000 0.269052 220 40 40
0.100000 2.000000 -0.046463 220 40 40
0.200000 2.000000 -0.047947 60 200 60
0.300000 2.000000 -0.047969 60 200 60
0.400000 2.000000 -0.047947 60 200 60
0.500000 2.000000 -0.047891 60 200 60
0.600000 2.000000 -0.047860 60 200 60
0.700000 2.000000 -0.047812 60 200 60
0.800000 2.000000 -0.047784 60 200 60
0.900000 2.000000 -0.047760 60 200 60
1.000000 2.000000 -0.047773 60 200 60
1.100000 2.000000 -0.047757 60 200 60
1.200000 2.000000 -0.047724 60 200 60
1.300000 2.000000 -0.047718 60 200 60
1.400000 2.000000 -0.047723 60 200 60
1.500000 2.000000 -0.048511 60 200 60
1.600000 2.000000 -0.048317 60 200 60
1.700000 2.000000 -0.048145 60 200 60
1.800000 2.000000 -0.048096 60 200 60
1.900000 2.000000 -0.048088 60 200 60
2.000000 2.000000 -0.048081 60 200 60
2.100000 2.000000 -0.048042 60 200 60
2.200000 2.000000 -0.047551 60 200 60
2.300000 2.000000 -0.047557 60 200 60
2.400000 2.000000 -0.047554 60 200 60
2.500000 2.000000 -0.047522 60 200 60
2.600000 2.000000 -0.047508 60 200 60
2.700000 2.000000 -0.047621 60 200 60
2.800000 2.000000 -0.047605 60 200 60
2.900000 2.000000 -0.047558 60 200 60
3.000000 2.000000 -0.047555 60 200 60
3.100000 2.000000 -0.047820 60 200 60
3.200000 2.000000 -0.047758 60 200 60
3.300000 2.000000 -0.047814 60 200 60
3.400000 2.000000 -0.047754 60 200 60
3.500000 2.000000 -0.047700 60 200 60
3.600000 2.000000 -0.047639 60 200 60
3.700000 2.000000 -0.047604 60 200 60
3.800000 2.000000 -0.047605 60 200 60
3.900000 2.000000 -0.047521 60 200 60
4.000000 2.000000 -0.047191 60 200 60
4.100000 2.000000 -0.047177 60 200 60
4.200000 2.000000 -0.047146 230 200 40
-4.200000 2.100000 -0.047754 230 200 40
-4.100000 2.100000 -0.048255 60 200 60
-4.000000 2.100000 -0.048181 60 200 60
-3.900000 2.100000 -0.047667 60 200 60
-3.800000 2.100000 -0.047704 60 200 60
-3.700000 2.100000 -0.047722 60 200 60
-3.600000 2.100000 -0.047734 60 200 60
-3.500000 2.100000 -0.047738 60 200 60
-3.400000 2.100000 -0.047746 60 200 60
-3.300000 2.100000 -0.047754 60 200 60
-3.200000 2.100000 -0.047765 60 200 60
-3.100000 2.100000 -0.047772 60 200 60
-3.000000 2.100000 -0.047780 60 200 60
-2.900000 2.100000 -0.047781 60 200 60
-2.800000 2.100000 -0.047794 60 200 60
-2.700000 2.100000 -0.047797 60 200 60
-2.600000 2.100000 -0.047816 60 200 60
-2.500000 2.100000 -0.047817 60 200 60
-2.400000 2.100000 -0.047830 60 200 60
-2.300000 2.100000 -0.047832 60 200 60
-2.200000 2.100000 -0.047848 60 200 60
-2.100000 2.100000 -0.047853 60 200 60
-2.000000 2.100000 -0.047855 60 200 60
-1.900000 2.100000 -0.047858 60 200 60
-1.800000 2.100000 -0.047860 60 200 60
-1.700000 2.100000 -0.048031 60 200 60
-1.600000 2.100000 -0.048038 60 200 60
-1.500000 2.100000 -0.047910 60 200 60
-1.400000 2.100000 -0.047984 60 200 60
-1.300000 2.100000 -0.048065 60 200 60
-1.200000 2.100000 -0.048094 60 200 60
-1.100000 2.100000 -0.048163 60 200 60
-1.000000 2.100000 -0.048217 60 200 60
-0.900000 2.100000 -0.048294 60 200 60
-0.800000 2.100000 -0.048350 60 200 60
-0.700000 2.100000 -0.048380 60 200 60
-0.600000 2.100000 -0.048375 60 200 60
-0.500000 2.100000 -0.048391 60 200 60
-0.400000 2.100000 -0.048426 60 200 60
-0.300000 2.100000 -0.048482 60 200 60
-0.200000 2.100000 -0.048532 60 200 60
-0.100000 2.100000 -0.040996 220 40 40
0.000000 2.100000 0.273576 220 40 40
0.100000 2.100000 -0.046399 220 40 40
0.200000 2.100000 -0.047905 60 200 60
0.300000 2.100000 -0.047991 60 200 60
0.400000 2.100000 -0.047925 60 200 60
0.500000 2.100000 -0.047865 60 200 60
0.600000 2.100000 -0.047857 60 200 60
0.700000 2.100000 -0.047807 60 200 60
0.800000 2.100000 -0.047747 60 200 60
0.900000 2.100000 -0.047738 60 200 60
1.000000 2.100000 -0.047755 60 200 60
1.100000 2.100000 -0.047740 60 200 60
1.200000 2.100000 -0.047717 60 200 60
1.300000 2.100000 -0.047723 60 200 60
1.400000 2.100000 -0.047697 60 200 60
1.500000 2.100000 -0.047603 60 200 60
1.600000 2.100000 -0.047512 60 200 60
1.700000 2.100000 -0.048115 60 200 60
1.800000 2.100000 -0.048065 60 200 60
1.900000 2.100000 -0.048058 60 200 60
2.000000 2.100000 -0.047569 60 200 60
2.100000 2.100000 -0.047539 60 200 60
2.200000 2.100000 -0.047553 60 200 60
2.300000 2.100000 -0.047559 60 200 60
2.400000 2.100000 -0.047984 60 200 60
2.500000 2.100000 -0.047525 60 200 60
2.600000 2.100000 -0.047921 60 200 60
2.700000 2.100000 -0.047916 60 200 60
2.800000 2.100000 -0.047898 60 200 60
2.900000 2.100000 -0.047844 60 200 60
3.000000 2.100000 -0.047840 60 200 60
3.100000 2.100000 -0.047783 60 200 60
3.200000 2.100000 -0.047758 60 200 60
3.300000 2.100000 -0.047755 60 200 60
3.400000 2.100000 -0.046851 60 200 60
3.500000 2.100000 -0.046826 60 200 60
3.600000 2.100000 -0.046789 60 200 60
3.700000 2.100000 -0.046742 60 200 60
3.800000 2.100000 -0.047256 60 200 60
3.900000 2.100000 -0.047215 60 200 60
4.000000 2.100000 -0.047203 60 200 60
4.100000 2.100000 -0.047180 60 200 60
4.200000 2.100000 -0.047179 230 200 40
-4.200000 2.200000 -0.047752 230 200 40
-4.100000 2.200000 -0.048193 60 200 60
-4.000000 2.200000 -0.048142 60 200 60
-3.900000 2.200000 -0.047614 60 200 60
-3.800000 2.200000 -0.047645 60 200 60
-3.700000 2.200000 -0.047673 60 200 60
-3.600000 2.200000 -0.047684 60 200 60
-3.500000 2.200000 -0.047689 60 200 60
-3.400000 2.200000 -0.047700 60 200 60
-3.300000 2.200000 -0.047710 60 200 60
-3.200000 2.200000 -0.047723 60 200 60
-3.100000 2.200000 -0.047731 60 200 60
-3.000000 2.200000 -0.047738 60 200 60
-2.900000 2.200000 -0.047739 60 200 60
-2.800000 2.200000 -0.047755 60 200 60
-2.700000 2.200000 -0.047757 60 200 60
-2.600000 2.200000 -0.047779 60 200 60
-2.500000 2.200000 -0.047781 60 200 60
-2.400000 2.200000 -0.047795 60 200 60
-2.300000 2.200000 -0.047816 60 200 60
-2.200000 2.200000 -0.047834 60 200 60
-2.100000 2.200000 -0.047837 60 200 60
-2.000000 2.200000 -0.047840 60 200 60
-1.900000 2.200000 -0.047843 60 200 60
-1.800000 2.200000 -0.047845 60 200 60
-1.700000 2.200000 -0.048030 60 200 60
-1.600000 2.200000 -0.048035 60 200 60
-1.500000 2.200000 -0.047926 60 200 60
-1.400000 2.200000 -0.047982 60 200 60
-1.300000 2.200000 -0.048063 60 200 60
-1.200000 2.200000 -0.048092 60 200 60
-1.100000 2.200000 -0.048160 60 200 60
-1.000000 2.200000 -0.048214 60 200 60
-0.900000 2.200000 -0.048293 60 200 60
-0.800000 2.200000 -0.048349 60 200 60
-0.700000 2.200000 -0.048380 60 200 60
-0.600000 2.200000 -0.048375 60 200 60
-0.500000 2.200000 -0.048391 60 200 60
-0.400000 2.200000 -0.048425 60 200 60
-0.300000 2.200000 -0.048482 60 200 60
-0.200000 2.200000 -0.048532 60 200 60
-0.100000 2.200000 -0.046102 220 40 40
0.000000 2.200000 0.260471 220 40 40
0.100000 2.200000 -0.045712 220 40 40
0.200000 2.200000 -0.047868 60 200 60
0.300000 2.200000 -0.047960 60 200 60
0.400000 2.200000 -0.047895 60 200 60
0.500000 2.200000 -0.047835 60 200 60
0.600000 2.200000 -0.047809 60 200 60
0.700000 2.200000 -0.047725 60 200 60
0.800000 2.200000 -0.047686 60 200 60
0.900000 2.200000 -0.047701 60 200 60
1.000000 2.200000 -0.047737 60 200 60
1.100000 2.200000 -0.047709 60 200 60
1.200000 2.200000 -0.047687 60 200 60
1.300000 2.200000 -0.047689 60 200 60
1.400000 2.200000 -0.047801 60 200 60
1.500000 2.200000 -0.047691 60 200 60
1.600000 2.200000 -0.047629 60 200 60
1.700000 2.200000 -0.047574 60 200 60
1.800000 2.200000 -0.047555 60 200 60
1.900000 2.200000 -0.047552 60 200 60
2.000000 2.200000 -0.047549 60 200 60
2.100000 2.200000 -0.047537 60 200 60
2.200000 2.200000 -0.047523 60 200 60
2.300000 2.200000 -0.047958 60 200 60
2.400000 2.200000 -0.047392 60 200 60
2.500000 2.200000 -0.047376 60 200 60
2.600000 2.200000 -0.047366 60 200 60
2.700000 2.200000 -0.047884 60 200 60
2.800000 2.200000 -0.047866 60 200 60
2.900000 2.200000 -0.047838 60 200 60
3.000000 2.200000 -0.047838 60 200 60
3.100000 2.200000 -0.047782 60 200 60
3.200000 2.200000 -0.047757 60 200 60
3.300000 2.200000 -0.047755 60 200 60
3.400000 2.200000 -0.047312 60 200 60
3.500000 2.200000 -0.047299 60 200 60
3.600000 2.200000 -0.047271 60 200 60
3.700000 2.200000 -0.047258 60 200 60
3.800000 2.200000 -0.047247 60 200 60
3.900000 2.200000 -0.047225 60 200 60
4.000000 2.200000 -0.047206 60 200 60
4.100000 2.200000 -0.047196 60 200 60
4.200000 2.200000 -0.047208 230 200 40
-4.200000 2.300000 -0.047795 230 200 40
-4.100000 2.300000 -0.048188 60 200 60
-4.000000 2.300000 -0.048126 60 200 60
-3.900000 2.300000 -0.047587 60 200 60
-3.800000 2.300000 -0.047629 60 200 60
-3.700000 2.300000 -0.047651 60 200 60
-3.600000 2.300000 -0.047664 60 200 60
-3.500000 2.300000 -0.047670 60 200 60
-3.400000 2.300000 -0.047681 60 200 60
-3.300000 2.300000 -0.047698 60 200 60
-3.200000 2.300000 -0.047706 60 200 60
-3.100000 2.300000 -0.047714 60 200 60
-3.000000 2.300000 -0.047722 60 200 60
-2.900000 2.300000 -0.047723 60 200 60
-2.800000 2.300000 -0.047740 60 200 60
-2.700000 2.300000 -0.047743 60 200 60
-2.600000 2.300000 -0.047764 60 200 60
-2.500000 2.300000 -0.047766 60 200 60
-2.400000 2.300000 -0.047781 60 200 60
-2.300000 2.300000 -0.047783 60 200 60
-2.200000 2.300000 -0.047801 60 200 60
-2.100000 2.300000 -0.047805 60 200 60
-2.000000 2.300000 -0.047808 60 200 60
-1.900000 2.300000 -0.047811 60 200 60
-1.800000 2.300000 -0.047813 60 200 60
-1.700000 2.300000 -0.048028 60 200 60
-1.600000 2.300000 -0.048024 60 200 60
-1.500000 2.300000 -0.047924 60 200 60
-1.400000 2.300000 -0.047981 60 200 60
-1.300000 2.300000 -0.048061 60 200 60
-1.200000 2.300000 -0.048090 60 200 60
-1.100000 2.300000 -0.048158 60 200 60
-1.000000 2.300000 -0.048223 60 200 60
-0.900000 2.300000 -0.048292 60 200 60
-0.800000 2.300000 -0.048348 60 200 60
-0.700000 2.300000 -0.048379 60 200 60
-0.600000 2.300000 -0.048373 60 200 60
-0.500000 2.300000 -0.048390 60 200 60
-0.400000 2.300000 -0.048425 60 200 60
-0.300000 2.300000 -0.048481 60 200 60
-0.200000 2.300000 -0.048533 60 200 60
-0.100000 2.300000 -0.043379 220 40 40
0.000000 2.300000 0.263817 220 40 40
0.100000 2.300000 -0.043436 220 40 40
0.200000 2.300000 -0.047795 60 200 60
0.300000 2.300000 -0.047909 60 200 60
0.400000 2.300000 -0.047872 60 200 60
0.500000 2.300000 -0.047828 60 200 60
0.600000 2.300000 -0.047800 60 200 60
0.700000 2.300000 -0.047718 60 200 60
0.800000 2.300000 -0.047677 60 200 60
0.900000 2.300000 -0.047691 60 200 60
1.000000 2.300000 -0.047700 60 200 60
1.100000 2.300000 -0.047686 60 200 60
1.200000 2.300000 -0.047666 60 200 60
1.300000 2.300000 -0.047655 60 200 60
1.400000 2.300000 -0.047766 60 200 60
1.500000 2.300000 -0.047655 60 200 60
1.600000 2.300000 -0.047599 60 200 60
1.700000 2.300000 -0.047559 60 200 60
1.800000 2.300000 -0.047541 60 200 60
1.900000 2.300000 -0.047537 60 200 60
2.000000 2.300000 -0.047534 60 200 60
2.100000 2.300000 -0.047505 60 200 60
2.200000 2.300000 -0.047502 60 200 60
2.300000 2.300000 -0.047917 60 200 60
2.400000 2.300000 -0.047381 60 200 60
2.500000 2.300000 -0.047364 60 200 60
2.600000 2.300000 -0.047359 60 200 60
2.700000 2.300000 -0.047348 60 200 60
2.800000 2.300000 -0.047348 60 200 60
2.900000 2.300000 -0.047324 60 200 60
3.000000 2.300000 -0.047343 60 200 60
3.100000 2.300000 -0.047326 60 200 60
3.200000 2.300000 -0.047321 60 200 60
3.300000 2.300000 -0.047326 60 200 60
3.400000 2.300000 -0.047318 60 200 60
3.500000 2.300000 -0.047306 60 200 60
3.600000 2.300000 -0.047255 60 200 60
3.700000 2.300000 -0.047266 60 200 60
3.800000 2.300000 -0.047255 60 200 60
3.900000 2.300000 -0.047224 60 200 60
4.000000 2.300000 -0.047216 60 200 60
4.100000 2.300000 -0.047203 60 200 60
4.200000 2.300000 -0.047208 230 200 40
-4.200000 2.400000 -0.048260 230 200 40
-4.100000 2.400000 -0.048183 60 200 60
-4.000000 2.400000 -0.047523 60 200 60
-3.900000 2.400000 -0.047572 60 200 60
-3.800000 2.400000 -0.047607 60 200 60
-3.700000 2.400000 -0.047631 60 200 60
-3.600000 2.400000 -0.047645 60 200 60
-3.500000 2.400000 -0.047657 60 200 60
-3.400000 2.400000 -0.047663 60 200 60
-3.300000 2.400000 -0.047682 60 200 60
-3.200000 2.400000 -0.047690 60 200 60
-3.100000 2.400000 -0.047699 60 200 60
-3.000000 2.400000 -0.047707 60 200 60
-2.900000 2.400000 -0.047708 60 200 60
-2.800000 2.400000 -0.047725 60 200 60
-2.700000 2.400000 -0.047737 60 200 60
-2.600000 2.400000 -0.047750 60 200 60
-2.500000 2.400000 -0.047752 60 200 60
-2.400000 2.400000 -0.047767 60 200 60
-2.300000 2.400000 -0.047769 60 200 60
-2.200000 2.400000 -0.047787 60 200 60
-2.100000 2.400000 -0.047792 60 200 60
-2.000000 2.400000 -0.047795 60 200 60
-1.900000 2.400000 -0.047798 60 200 60
-1.800000 2.400000 -0.047799 60 200 60
-1.700000 2.400000 -0.048029 60 200 60
-1.600000 2.400000 -0.048021 60 200 60
-1.500000 2.400000 -0.047923 60 200 60
-1.400000 2.400000 -0.047979 60 200 60
-1.300000 2.400000 -0.048070 60 200 60
-1.200000 2.400000 -0.048093 60 200 60
-1.100000 2.400000 -0.048156 60 200 60
-1.000000 2.400000 -0.048221 60 200 60
-0.900000 2.400000 -0.048290 60 200 60
-0.800000 2.400000 -0.048355 60 200 60
-0.700000 2.400000 -0.048378 60 200 60
-0.600000 2.400000 -0.048381 60 200 60
-0.500000 2.400000 -0.048389 60 200 60
-0.400000 2.400000 -0.048435 60 200 60
-0.300000 2.400000 -0.048482 60 200 60
-0.200000 2.400000 -0.048534 60 200 60
-0.100000 2.400000 -0.045140 220 40 40
0.000000 2.400000 0.251124 220 40 40
0.100000 2.400000 -0.037844 220 40 40
0.200000 2.400000 -0.047850 60 200 60
0.300000 2.400000 -0.047984 60 200 60
0.400000 2.400000 -0.047921 60 200 60
0.500000 2.400000 -0.047812 60 200 60
0.600000 2.400000 -0.047813 60 200 60
0.700000 2.400000 -0.047749 60 200 60
0.800000 2.400000 -0.047699 60 200 60
0.900000 2.400000 -0.047713 60 200 60
1.000000 2.400000 -0.047704 60 200 60
1.100000 2.400000 -0.047675 60 200 60
1.200000 2.400000 -0.047676 60 200 60
1.300000 2.400000 -0.047638 60 200 60
1.400000 2.400000 -0.047740 60 200 60
1.500000 2.400000 -0.047631 60 200 60
1.600000 2.400000 -0.047597 60 200 60
1.700000 2.400000 -0.047557 60 200 60
1.800000 2.400000 -0.047538 60 200 60
1.900000 2.400000 -0.047535 60 200 60
2.000000 2.400000 -0.047520 60 200 60
2.100000 2.400000 -0.047490 60 200 60
2.200000 2.400000 -0.047489 60 200 60
2.300000 2.400000 -0.047915 60 200 60
2.400000 2.400000 -0.047375 60 200 60
2.500000 2.400000 -0.047359 60 200 60
2.600000 2.400000 -0.047354 60 200 60
2.700000 2.400000 -0.047343 60 200 60
2.800000 2.400000 -0.047343 60 200 60
2.900000 2.400000 -0.047328 60 200 60
3.000000 2.400000 -0.047333 60 200 60
3.100000 2.400000 -0.047318 60 200 60
3.200000 2.400000 -0.047326 60 200 60
3.300000 2.400000 -0.047331 60 200 60
3.400000 2.400000 -0.047325 60 200 60
3.500000 2.400000 -0.047313 60 200 60
3.600000 2.400000 -0.047263 60 200 60
3.700000 2.400000 -0.047273 60 200 60
3.800000 2.400000 -0.047263 60 200 60
3.900000 2.400000 -0.047233 60 200 60
4.000000 2.400000 -0.047226 60 200 60
4.100000 2.400000 -0.047210 60 200 60
4.200000 2.400000 -0.047156 230 200 40
-4.200000 2.500000 -0.048574 230 200 40
-4.100000 2.500000 -0.048095 60 200 60
-4.000000 2.500000 -0.047416 60 200 60
-3.900000 2.500000 -0.047469 60 200 60
-3.800000 2.500000 -0.047519 60 200 60
-3.700000 2.500000 -0.047551 60 200 60
-3.600000 2.500000 -0.047569 60 200 60
-3.500000 2.500000 -0.047586 60 200 60
-3.400000 2.500000 -0.047608 60 200 60
-3.300000 2.500000 -0.047624 60 200 60
-3.200000 2.500000 -0.047634 60 200 60
-3.100000 2.500000 -0.047643 60 200 60
-3.000000 2.500000 -0.047653 60 200 60
-2.900000 2.500000 -0.047663 60 200 60
-2.800000 2.500000 -0.047675 60 200 60
-2.700000 2.500000 -0.047688 60 200 60
-2.600000 2.500000 -0.047702 60 200 60
-2.500000 2.500000 -0.047705 60 200 60
-2.400000 2.500000 -0.047721 60 200 60
-2.300000 2.500000 -0.047724 60 200 60
-2.200000 2.500000 -0.047743 60 200 60
-2.100000 2.500000 -0.047747 60 200 60
-2.000000 2.500000 -0.047751 60 200 60
-1.900000 2.500000 -0.047785 60 200 60
-1.800000 2.500000 -0.047786 60 200 60
-1.700000 2.500000 -0.048028 60 200 60
-1.600000 2.500000 -0.048018 60 200 60
-1.500000 2.500000 -0.047922 60 200 60
-1.400000 2.500000 -0.047996 60 200 60
-1.300000 2.500000 -0.048072 60 200 60
-1.200000 2.500000 -0.048091 60 200 60
-1.100000 2.500000 -0.048157 60 200 60
-1.000000 2.500000 -0.048218 60 200 60
-0.900000 2.500000 -0.048288 60 200 60
-0.800000 2.500000 -0.048355 60 200 60
-0.700000 2.500000 -0.048377 60 200 60
-0.600000 2.500000 -0.048381 60 200 60
-0.500000 2.500000 -0.048389 60 200 60
-0.400000 2.500000 -0.048434 60 200 60
-0.300000 2.500000 -0.048482 60 200 60
-0.200000 2.500000 -0.048535 60 200 60
-0.100000 2.500000 -0.044573 220 40 40
0.000000 2.500000 0.243315 220 40 40
0.100000 2.500000 -0.042464 220 40 40
0.200000 2.500000 -0.047732 60 200 60
0.300000 2.500000 -0.047828 60 200 60
0.400000 2.500000 -0.047930 60 200 60
0.500000 2.500000 -0.047757 60 200 60
0.600000 2.500000 -0.047712 60 200 60
0.700000 2.500000 -0.047649 60 200 60
0.800000 2.500000 -0.047598 60 200 60
0.900000 2.500000 -0.047667 60 200 60
1.000000 2.500000 -0.047729 60 200 60
1.100000 2.500000 -0.047723 60 200 60
1.200000 2.500000 -0.047720 60 200 60
1.300000 2.500000 -0.045878 60 200 60
1.400000 2.500000 -0.046797 60 200 60
1.500000 2.500000 -0.046860 60 200 60
1.600000 2.500000 -0.046958 60 200 60
1.700000 2.500000 -0.047980 60 200 60
1.800000 2.500000 -0.047969 60 200 60
1.900000 2.500000 -0.047984 60 200 60
2.000000 2.500000 -0.047421 60 200 60
2.100000 2.500000 -0.047399 60 200 60
2.200000 2.500000 -0.047397 60 200 60
2.300000 2.500000 -0.047360 60 200 60
2.400000 2.500000 -0.047368 60 200 60
2.500000 2.500000 -0.047364 60 200 60
2.600000 2.500000 -0.047359 60 200 60
2.700000 2.500000 -0.047348 60 200 60
2.800000 2.500000 -0.047339 60 200 60
2.900000 2.500000 -0.047334 60 200 60
3.000000 2.500000 -0.047343 60 200 60
3.100000 2.500000 -0.047324 60 200 60
3.200000 2.500000 -0.047332 60 200 60
3.300000 2.500000 -0.047340 60 200 60
3.400000 2.500000 -0.047332 60 200 60
3.500000 2.500000 -0.047320 60 200 60
3.600000 2.500000 -0.047270 60 200 60
3.700000 2.500000 -0.047280 60 200 60
3.800000 2.500000 -0.047256 60 200 60
3.900000 2.500000 -0.047241 60 200 60
4.000000 2.500000 -0.047235 60 200 60
4.100000 2.500000 -0.047224 60 200 60
4.200000 2.500000 -0.047165 230 200 40
-4.200000 2.600000 -0.045779 230 200 40
-4.100000 2.600000 -0.048081 60 200 60
-4.000000 2.600000 -0.047390 60 200 60
-3.900000 2.600000 -0.047460 60 200 60
-3.800000 2.600000 -0.047510 60 200 60
-3.700000 2.600000 -0.047541 60 200 60
-3.600000 2.600000 -0.047551 60 200 60
-3.500000 2.600000 -0.047569 60 200 60
-3.400000 2.600000 -0.047586 60 200 60
-3.300000 2.600000 -0.047603 60 200 60
-3.200000 2.600000 -0.047614 60 200 60
-3.100000 2.600000 -0.047624 60 200 60
-3.000000 2.600000 -0.047635 60 200 60
-2.900000 2.600000 -0.047646 60 200 60
-2.800000 2.600000 -0.047658 60 200 60
-2.700000 2.600000 -0.047672 60 200 60
-2.600000 2.600000 -0.047686 60 200 60
-2.500000 2.600000 -0.047689 60 200 60
-2.400000 2.600000 -0.047705 60 200 60
-2.300000 2.600000 -0.047708 60 200 60
-2.200000 2.600000 -0.047729 60 200 60
-2.100000 2.600000 -0.047732 60 200 60
-2.000000 2.600000 -0.047738 60 200 60
-1.900000 2.600000 -0.047742 60 200 60
-1.800000 2.600000 -0.047742 60 200 60
-1.700000 2.600000 -0.048027 60 200 60
-1.600000 2.600000 -0.048014 60 200 60
-1.500000 2.600000 -0.047920 60 200 60
-1.400000 2.600000 -0.047997 60 200 60
-1.300000 2.600000 -0.048070 60 200 60
-1.200000 2.600000 -0.048090 60 200 60
-1.100000 2.600000 -0.048154 60 200 60
-1.000000 2.600000 -0.048222 60 200 60
-0.900000 2.600000 -0.048287 60 200 60
-0.800000 2.600000 -0.048353 60 200 60
-0.700000 2.600000 -0.048377 60 200 60
-0.600000 2.600000 -0.048379 60 200 60
-0.500000 2.600000 -0.048387 60 200 60
-0.400000 2.600000 -0.048433 60 200 60
-0.300000 2.600000 -0.048483 60 200 60
-0.200000 2.600000 -0.048536 60 200 60
-0.100000 2.600000 -0.043893 220 40 40
0.000000 2.600000 0.245897 220 40 40
0.100000 2.600000 -0.030491 220 40 40
0.200000 2.600000 -0.037279 60 200 60
0.300000 2.600000 -0.039389 60 200 60
0.400000 2.600000 -0.041128 60 200 60
0.500000 2.600000 -0.042106 60 200 60
0.600000 2.600000 -0.043158 60 200 60
0.700000 2.600000 -0.043928 60 200 60
0.800000 2.600000 -0.044266 60 200 60
0.900000 2.600000 -0.044744 60 200 60
1.000000 2.600000 -0.045158 60 200 60
1.100000 2.600000 -0.045412 60 200 60
1.200000 2.600000 -0.045625 60 200 60
1.300000 2.600000 -0.046692 60 200 60
1.400000 2.600000 -0.047553 60 200 60
1.500000 2.600000 -0.047465 60 200 60
1.600000 2.600000 -0.047426 60 200 60
1.700000 2.600000 -0.047403 60 200 60
1.800000 2.600000 -0.047393 60 200 60
1.900000 2.600000 -0.047391 60 200 60
2.000000 2.600000 -0.047390 60 200 60
2.100000 2.600000 -0.047389 60 200 60
2.200000 2.600000 -0.047387 60 200 60
2.300000 2.600000 -0.047362 60 200 60
2.400000 2.600000 -0.047369 60 200 60
2.500000 2.600000 -0.047365 60 200 60
2.600000 2.600000 -0.047360 60 200 60
2.700000 2.600000 -0.047350 60 200 60
2.800000 2.600000 -0.047340 60 200 60
2.900000 2.600000 -0.047339 60 200 60
3.000000 2.600000 -0.047349 60 200 60
3.100000 2.600000 -0.047331 60 200 60
3.200000 2.600000 -0.047339 60 200 60
3.300000 2.600000 -0.047347 60 200 60
3.400000 2.600000 -0.047339 60 200 60
3.500000 2.600000 -0.047328 60 200 60
3.600000 2.600000 -0.047277 60 200 60
3.700000 2.600000 -0.047288 60 200 60
3.800000 2.600000 -0.047266 60 200 60
3.900000 2.600000 -0.047250 60 200 60
4.000000 2.600000 -0.047245 60 200 60
4.100000 2.600000 -0.047245 60 200 60
4.200000 2.600000 -0.047140 230 200 40
-4.200000 2.700000 -0.045833 230 200 40
-4.100000 2.700000 -0.048078 60 200 60
-4.000000 2.700000 -0.047366 60 200 60
-3.900000 2.700000 -0.047439 60 200 60
-3.800000 2.700000 -0.047490 60 200 60
-3.700000 2.700000 -0.047524 60 200 60
-3.600000 2.700000 -0.047534 60 200 60
-3.500000 2.700000 -0.047553 60 200 60
-3.400000 2.700000 -0.047571 60 200 60
-3.300000 2.700000 -0.047590 60 200 60
-3.200000 2.700000 -0.047600 60 200 60
-3.100000 2.700000 -0.047611 60 200 60
-3.000000 2.700000 -0.047621 60 200 60
-2.900000 2.700000 -0.047633 60 200 60
-2.800000 2.700000 -0.047645 60 200 60
-2.700000 2.700000 -0.047659 60 200 60
-2.600000 2.700000 -0.047673 60 200 60
-2.500000 2.700000 -0.047676 60 200 60
-2.400000 2.700000 -0.047693 60 200 60
-2.300000 2.700000 -0.047696 60 200 60
-2.200000 2.700000 -0.047716 60 200 60
-2.100000 2.700000 -0.047720 60 200 60
-2.000000 2.700000 -0.047723 60 200 60
-1.900000 2.700000 -0.047727 60 200 60
-1.800000 2.700000 -0.047730 60 200 60
-1.700000 2.700000 -0.048026 60 200 60
-1.600000 2.700000 -0.048011 60 200 60
-1.500000 2.700000 -0.047919 60 200 60
-1.400000 2.700000 -0.047995 60 200 60
-1.300000 2.700000 -0.048069 60 200 60
-1.200000 2.700000 -0.048092 60 200 60
-1.100000 2.700000 -0.048152 60 200 60
-1.000000 2.700000 -0.048220 60 200 60
-0.900000 2.700000 -0.048284 60 200 60
-0.800000 2.700000 -0.048351 60 200 60
-0.700000 2.700000 -0.048375 60 200 60
-0.600000 2.700000 -0.048379 60 200 60
-0.500000 2.700000 -0.048386 60 200 60
-0.400000 2.700000 -0.048433 60 200 60
-0.300000 2.700000 -0.048483 60 200 60
-0.200000 2.700000 -0.048537 60 200 60
-0.100000 2.700000 -0.044539 220 40 40
0.000000 2.700000 0.230148 220 40 40
0.100000 2.700000 -0.030663 220 40 40
0.200000 2.700000 -0.034311 60 200 60
0.300000 2.700000 -0.038368 60 200 60
0.400000 2.700000 -0.040523 60 200 60
0.500000 2.700000 -0.041250 60 200 60
0.600000 2.700000 -0.042611 60 200 60
0.700000 2.700000 -0.043312 60 200 60
0.800000 2.700000 -0.043898 60 200 60
0.900000 2.700000 -0.044360 60 200 60
1.000000 2.700000 -0.044805 60 200 60
1.100000 2.700000 -0.045130 60 200 60
1.200000 2.700000 -0.045409 60 200 60
1.300000 2.700000 -0.046593 60 200 60
1.400000 2.700000 -0.047495 60 200 60
1.500000 2.700000 -0.047412 60 200 60
1.600000 2.700000 -0.047385 60 200 60
1.700000 2.700000 -0.047371 60 200 60
1.800000 2.700000 -0.047371 60 200 60
1.900000 2.700000 -0.047370 60 200 60
2.000000 2.700000 -0.047371 60 200 60
2.100000 2.700000 -0.047370 60 200 60
2.200000 2.700000 -0.047369 60 200 60
2.300000 2.700000 -0.047367 60 200 60
2.400000 2.700000 -0.047374 60 200 60
2.500000 2.700000 -0.047361 60 200 60
2.600000 2.700000 -0.047365 60 200 60
2.700000 2.700000 -0.047355 60 200 60
2.800000 2.700000 -0.047346 60 200 60
2.900000 2.700000 -0.047342 60 200 60
3.000000 2.700000 -0.047352 60 200 60
3.100000 2.700000 -0.047336 60 200 60
3.200000 2.700000 -0.047343 60 200 60
3.300000 2.700000 -0.047350 60 200 60
3.400000 2.700000 -0.047341 60 200 60
3.500000 2.700000 -0.047330 60 200 60
3.600000 2.700000 -0.047280 60 200 60
3.700000 2.700000 -0.047296 60 200 60
3.800000 2.700000 -0.047270 60 200 60
3.900000 2.700000 -0.047254 60 200 60
4.000000 2.700000 -0.047242 60 200 60
4.100000 2.700000 -0.047255 60 200 60
4.200000 2.700000 -0.047140 230 200 40
-4.200000 2.800000 -0.046091 230 200 40
-4.100000 2.800000 -0.047909 60 200 60
-4.000000 2.800000 -0.047200 60 200 60
-3.900000 2.800000 -0.047297 60 200 60
-3.800000 2.800000 -0.047369 60 200 60
-3.700000 2.800000 -0.047412 60 200 60
-3.600000 2.800000 -0.047426 60 200 60
-3.500000 2.800000 -0.047451 60 200 60
-3.400000 2.800000 -0.047474 60 200 60
-3.300000 2.800000 -0.047497 60 200 60
-3.200000 2.800000 -0.047511 60 200 60
-3.100000 2.800000 -0.047524 60 200 60
-3.000000 2.800000 -0.047537 60 200 60
-2.900000 2.800000 -0.047550 60 200 60
-2.800000 2.800000 -0.047633 60 200 60
-2.700000 2.800000 -0.047647 60 200 60
-2.600000 2.800000 -0.047662 60 200 60
-2.500000 2.800000 -0.047678 60 200 60
-2.400000 2.800000 -0.047681 60 200 60
-2.300000 2.800000 -0.047685 60 200 60
-2.200000 2.800000 -0.047705 60 200 60
-2.100000 2.800000 -0.047708 60 200 60
-2.000000 2.800000 -0.047712 60 200 60
-1.900000 2.800000 -0.047715 60 200 60
-1.800000 2.800000 -0.047718 60 200 60
-1.700000 2.800000 -0.048025 60 200 60
-1.600000 2.800000 -0.048008 60 200 60
-1.500000 2.800000 -0.047917 60 200 60
-1.400000 2.800000 -0.048008 60 200 60
-1.300000 2.800000 -0.048071 60 200 60
-1.200000 2.800000 -0.048076 60 200 60
-1.100000 2.800000 -0.048149 60 200 60
-1.000000 2.800000 -0.048218 60 200 60
-0.900000 2.800000 -0.048283 60 200 60
-0.800000 2.800000 -0.048350 60 200 60
-0.700000 2.800000 -0.048374 60 200 60
-0.600000 2.800000 -0.048378 60 200 60
-0.500000 2.800000 -0.048385 60 200 60
-0.400000 2.800000 -0.048432 60 200 60
-0.300000 2.800000 -0.048482 60 200 60
-0.200000 2.800000 -0.048544 60 200 60
-0.100000 2.800000 -0.046353 220 40 40
0.000000 2.800000 0.236183 220 40 40
0.100000 2.800000 0.004490 220 40 40
0.200000 2.800000 -0.017862 230 200 40
0.300000 2.800000 -0.037185 60 200 60
0.400000 2.800000 -0.040631 60 200 60
0.500000 2.800000 -0.041836 60 200 60
0.600000 2.800000 -0.043704 60 200 60
0.700000 2.800000 -0.044454 60 200 60
0.800000 2.800000 -0.045089 60 200 60
0.900000 2.800000 -0.045575 60 200 60
1.000000 2.800000 -0.045982 60 200 60
1.100000 2.800000 -0.046131 60 200 60
1.200000 2.800000 -0.046309 60 200 60
1.300000 2.800000 -0.047534 60 200 60
1.400000 2.800000 -0.047492 60 200 60
1.500000 2.800000 -0.047439 60 200 60
1.600000 2.800000 -0.047406 60 200 60
1.700000 2.800000 -0.047397 60 200 60
1.800000 2.800000 -0.047395 60 200 60
1.900000 2.800000 -0.047393 60 200 60
2.000000 2.800000 -0.047385 60 200 60
2.100000 2.800000 -0.047384 60 200 60
2.200000 2.800000 -0.047383 60 200 60
2.300000 2.800000 -0.047381 60 200 60
2.400000 2.800000 -0.047380 60 200 60
2.500000 2.800000 -0.047367 60 200 60
2.600000 2.800000 -0.047375 60 200 60
2.700000 2.800000 -0.047361 60 200 60
2.800000 2.800000 -0.047352 60 200 60
2.900000 2.800000 -0.047349 60 200 60
3.000000 2.800000 -0.047356 60 200 60
3.100000 2.800000 -0.047340 60 200 60
3.200000 2.800000 -0.047350 60 200 60
3.300000 2.800000 -0.047357 60 200 60
3.400000 2.800000 -0.047348 60 200 60
3.500000 2.800000 -0.047323 60 200 60
3.600000 2.800000 -0.047288 60 200 60
3.700000 2.800000 -0.047304 60 200 60
3.800000 2.800000 -0.047278 60 200 60
3.900000 2.800000 -0.047262 60 200 60
4.000000 2.800000 -0.047250 60 200 60
4.100000 2.800000 -0.047268 60 200 60
4.200000 2.800000 -0.047139 230 200 40
-4.200000 2.900000 -0.047915 230 200 40
-4.100000 2.900000 -0.047122 60 200 60
-4.000000 2.900000 -0.047177 60 200 60
-3.900000 2.900000 -0.047279 60 200 60
-3.800000 2.900000 -0.047352 60 200 60
-3.700000 2.900000 -0.047397 60 200 60
-3.600000 2.900000 -0.047423 60 200 60
-3.500000 2.900000 -0.047437 60 200 60
-3.400000 2.900000 -0.047461 60 200 60
-3.300000 2.900000 -0.047496 60 200 60
-3.200000 2.900000 -0.047498 60 200 60
-3.100000 2.900000 -0.047522 60 200 60
-3.000000 2.900000 -0.047525 60 200 60
-2.900000 2.900000 -0.047539 60 200 60
-2.800000 2.900000 -0.047554 60 200 60
-2.700000 2.900000 -0.047570 60 200 60
-2.600000 2.900000 -0.047587 60 200 60
-2.500000 2.900000 -0.047605 60 200 60
-2.400000 2.900000 -0.047609 60 200 60
-2.300000 2.900000 -0.047613 60 200 60
-2.200000 2.900000 -0.047634 60 200 60
-2.100000 2.900000 -0.047639 60 200 60
-2.000000 2.900000 -0.047642 60 200 60
-1.900000 2.900000 -0.047646 60 200 60
-1.800000 2.900000 -0.047649 60 200 60
-1.700000 2.900000 -0.048024 60 200 60
-1.600000 2.900000 -0.048005 60 200 60
-1.500000 2.900000 -0.047916 60 200 60
-1.400000 2.900000 -0.047989 60 200 60
-1.300000 2.900000 -0.048049 60 200 60
-1.200000 2.900000 -0.048076 60 200 60
-1.100000 2.900000 -0.048163 60 200 60
-1.000000 2.900000 -0.048225 60 200 60
-0.900000 2.900000 -0.048303 60 200 60
-0.800000 2.900000 -0.048368 60 200 60
-0.700000 2.900000 -0.048394 60 200 60
-0.600000 2.900000 -0.048418 60 200 60
-0.500000 2.900000 -0.048428 60 200 60
-0.400000 2.900000 -0.048483 60 200 60
-0.300000 2.900000 -0.048543 60 200 60
-0.200000 2.900000 -0.048543 60 200 60
-0.100000 2.900000 -0.047300 220 40 40
0.000000 2.900000 0.226517 220 40 40
0.300000 2.900000 -0.047563 230 200 40
0.400000 2.900000 -0.047499 60 200 60
0.500000 2.900000 -0.047457 60 200 60
0.600000 2.900000 -0.047449 60 200 60
0.700000 2.900000 -0.047493 60 200 60
0.800000 2.900000 -0.047478 60 200 60
0.900000 2.900000 -0.047489 60 200 60
1.000000 2.900000 -0.047597 60 200 60
1.100000 2.900000 -0.047516 60 200 60
1.200000 2.900000 -0.047553 60 200 60
1.300000 2.900000 -0.047543 60 200 60
1.400000 2.900000 -0.047499 60 200 60
1.500000 2.900000 -0.047423 60 200 60
1.600000 2.900000 -0.047393 60 200 60
1.700000 2.900000 -0.047384 60 200 60
1.800000 2.900000 -0.047383 60 200 60
1.900000 2.900000 -0.047381 60 200 60
2.000000 2.900000 -0.047381 60 200 60
2.100000 2.900000 -0.047390 60 200 60
2.200000 2.900000 -0.047389 60 200 60
2.300000 2.900000 -0.047388 60 200 60
2.400000 2.900000 -0.047387 60 200 60
2.500000 2.900000 -0.047377 60 200 60
2.600000 2.900000 -0.047379 60 200 60
2.700000 2.900000 -0.047366 60 200 60
2.800000 2.900000 -0.047357 60 200 60
2.900000 2.900000 -0.047354 60 200 60
3.000000 2.900000 -0.047365 60 200 60
3.100000 2.900000 -0.047349 60 200 60
3.200000 2.900000 -0.047358 60 200 60
3.300000 2.900000 -0.047365 60 200 60
3.400000 2.900000 -0.047356 60 200 60
3.500000 2.900000 -0.047330 60 200 60
3.600000 2.900000 -0.047295 60 200 60
3.700000 2.900000 -0.047312 60 200 60
3.800000 2.900000 -0.047286 60 200 60
3.900000 2.900000 -0.047261 60 200 60
4.000000 2.900000 -0.047264 60 200 60
4.100000 2.900000 -0.047290 60 200 60
4.200000 2.900000 -0.047139 230 200 40
-4.200000 3.000000 -0.047914 230 200 40
-4.100000 3.000000 -0.047098 60 200 60
-4.000000 3.000000 -0.047156 60 200 60
-3.900000 3.000000 -0.047260 60 200 60
-3.800000 3.000000 -0.047335 60 200 60
-3.700000 3.000000 -0.047381 60 200 60
-3.600000 3.000000 -0.047409 60 200 60
-3.500000 3.000000 -0.047423 60 200 60
-3.400000 3.000000 -0.047448 60 200 60
-3.300000 3.000000 -0.047484 60 200 60
-3.200000 3.000000 -0.047486 60 200 60
-3.100000 3.000000 -0.047511 60 200 60
-3.000000 3.000000 -0.047514 60 200 60
-2.900000 3.000000 -0.047528 60 200 60
-2.800000 3.000000 -0.047543 60 200 60
-2.700000 3.000000 -0.047559 60 200 60
-2.600000 3.000000 -0.047576 60 200 60
-2.500000 3.000000 -0.047594 60 200 60
-2.400000 3.000000 -0.047598 60 200 60
-2.300000 3.000000 -0.047602 60 200 60
-2.200000 3.000000 -0.047623 60 200 60
-2.100000 3.000000 -0.047627 60 200 60
-2.000000 3.000000 -0.047631 60 200 60
-1.900000 3.000000 -0.047635 60 200 60
-1.800000 3.000000 -0.047638 60 200 60
-1.700000 3.000000 -0.048023 60 200 60
-1.600000 3.000000 -0.047994 60 200 60
-1.500000 3.000000 -0.047885 60 200 60
-1.400000 3.000000 -0.047953 60 200 60
-1.300000 3.000000 -0.048008 60 200 60
-1.200000 3.000000 -0.048070 60 200 60
-1.100000 3.000000 -0.048165 60 200 60
-1.000000 3.000000 -0.048232 60 200 60
-0.900000 3.000000 -0.048321 60 200 60
-0.800000 3.000000 -0.048429 60 200 60
-0.700000 3.000000 -0.048443 60 200 60
-0.600000 3.000000 -0.048458 60 200 60
-0.500000 3.000000 -0.048473 60 200 60
-0.400000 3.000000 -0.048546 60 200 60
-0.300000 3.000000 -0.048629 60 200 60
-0.200000 3.000000 -0.048741 60 200 60
-0.100000 3.000000 -0.045864 220 40 40
0.000000 3.000000 0.164352 220 40 40
0.400000 3.000000 -0.047262 220 40 40
0.500000 3.000000 -0.047326 60 200 60
0.600000 3.000000 -0.047372 60 200 60
0.700000 3.000000 -0.047278 60 200 60
0.800000 3.000000 -0.047398 60 200 60
0.900000 3.000000 -0.047423 60 200 60
1.000000 3.000000 -0.047560 60 200 60
1.100000 3.000000 -0.047476 60 200 60
1.200000 3.000000 -0.047524 60 200 60
1.300000 3.000000 -0.047517 60 200 60
1.400000 3.000000 -0.047485 60 200 60
1.500000 3.000000 -0.047397 60 200 60
1.600000 3.000000 -0.047380 60 200 60
1.700000 3.000000 -0.047377 60 200 60
1.800000 3.000000 -0.047377 60 200 60
1.900000 3.000000 -0.047377 60 200 60
2.000000 3.000000 -0.047376 60 200 60
2.100000 3.000000 -0.047376 60 200 60
2.200000 3.000000 -0.047374 60 200 60
2.300000 3.000000 -0.047373 60 200 60
2.400000 3.000000 -0.047373 60 200 60
2.500000 3.000000 -0.047373 60 200 60
2.600000 3.000000 -0.047371 60 200 60
2.700000 3.000000 -0.047362 60 200 60
2.800000 3.000000 -0.047362 60 200 60
2.900000 3.000000 -0.047359 60 200 60
3.000000 3.000000 -0.047359 60 200 60
3.100000 3.000000 -0.047355 60 200 60
3.200000 3.000000 -0.047364 60 200 60
3.300000 3.000000 -0.047371 60 200 60
3.400000 3.000000 -0.047362 60 200 60
3.500000 3.000000 -0.047337 60 200 60
3.600000 3.000000 -0.047308 60 200 60
3.700000 3.000000 -0.047320 60 200 60
3.800000 3.000000 -0.047283 60 200 60
3.900000 3.000000 -0.047272 60 200 60
4.000000 3.000000 -0.047274 60 200 60
4.100000 3.000000 -0.047303 60 200 60
4.200000 3.000000 -0.047136 230 200 40
-4.300000 3.100000 -0.047363 220 40 40
-4.200000 3.100000 -0.047210 60 200 60
-4.100000 3.100000 -0.048027 60 200 60
-4.000000 3.100000 -0.048013 60 200 60
-3.900000 3.100000 -0.048005 60 200 60
-3.800000 3.100000 -0.047993 60 200 60
-3.700000 3.100000 -0.047987 60 200 60
-3.600000 3.100000 -0.047983 60 200 60
-3.500000 3.100000 -0.047981 60 200 60
-3.400000 3.100000 -0.047979 60 200 60
-3.300000 3.100000 -0.047979 60 200 60
-3.200000 3.100000 -0.047979 60 200 60
-3.100000 3.100000 -0.047982 60 200 60
-3.000000 3.100000 -0.047982 60 200 60
-2.900000 3.100000 -0.047518 60 200 60
-2.800000 3.100000 -0.047533 60 200 60
-2.700000 3.100000 -0.047548 60 200 60
-2.600000 3.100000 -0.047566 60 200 60
-2.500000 3.100000 -0.047584 60 200 60
-2.400000 3.100000 -0.047588 60 200 60
-2.300000 3.100000 -0.047592 60 200 60
-2.200000 3.100000 -0.047613 60 200 60
-2.100000 3.100000 -0.047617 60 200 60
-2.000000 3.100000 -0.047621 60 200 60
-1.900000 3.100000 -0.047624 60 200 60
-1.800000 3.100000 -0.047628 60 200 60
-1.700000 3.100000 -0.048022 60 200 60
-1.600000 3.100000 -0.047833 60 200 60
-1.500000 3.100000 -0.047883 60 200 60
-1.400000 3.100000 -0.047952 60 200 60
-1.300000 3.100000 -0.048017 60 200 60
-1.200000 3.100000 -0.048094 60 200 60
-1.100000 3.100000 -0.048198 60 200 60
-1.000000 3.100000 -0.048275 60 200 60
-0.900000 3.100000 -0.048376 60 200 60
-0.800000 3.100000 -0.048494 60 200 60
-0.700000 3.100000 -0.048514 60 200 60
-0.600000 3.100000 -0.048562 60 200 60
-0.500000 3.100000 -0.048564 60 200 60
-0.400000 3.100000 -0.048689 60 200 60
-0.300000 3.100000 -0.048785 60 200 60
-0.200000 3.100000 -0.048964 60 200 60
-0.100000 3.100000 -0.039725 220 40 40
0.000000 3.100000 0.077993 220 40 40
0.500000 3.100000 -0.047432 220 40 40
0.600000 3.100000 -0.047400 60 200 60
0.700000 3.100000 -0.047233 60 200 60
0.800000 3.100000 -0.047305 60 200 60
0.900000 3.100000 -0.047413 60 200 60
1.000000 3.100000 -0.047521 60 200 60
1.100000 3.100000 -0.047435 60 200 60
1.200000 3.100000 -0.047493 60 200 60
1.300000 3.100000 -0.047490 60 200 60
1.400000 3.100000 -0.047440 60 200 60
1.500000 3.100000 -0.047395 60 200 60
1.600000 3.100000 -0.047375 60 200 60
1.700000 3.100000 -0.047372 60 200 60
1.800000 3.100000 -0.047372 60 200 60
1.900000 3.100000 -0.047372 60 200 60
2.000000 3.100000 -0.047372 60 200 60
2.100000 3.100000 -0.047381 60 200 60
2.200000 3.100000 -0.047380 60 200 60
2.300000 3.100000 -0.047380 60 200 60
2.400000 3.100000 -0.047379 60 200 60
2.500000 3.100000 -0.047379 60 200 60
2.600000 3.100000 -0.047378 60 200 60
2.700000 3.100000 -0.047378 60 200 60
2.800000 3.100000 -0.047368 60 200 60
2.900000 3.100000 -0.047365 60 200 60
3.000000 3.100000 -0.047366 60 200 60
3.100000 3.100000 -0.047362 60 200 60
3.200000 3.100000 -0.047371 60 200 60
3.300000 3.100000 -0.047377 60 200 60
3.400000 3.100000 -0.047355 60 200 60
3.500000 3.100000 -0.047343 60 200 60
3.600000 3.100000 -0.047315 60 200 60
3.700000 3.100000 -0.047326 60 200 60
3.800000 3.100000 -0.047290 60 200 60
3.900000 3.100000 -0.047279 60 200 60
4.000000 3.100000 -0.047282 60 200 60
4.100000 3.100000 -0.047330 60 200 60
4.200000 3.100000 -0.047135 230 200 40
-4.300000 3.200000 -0.047782 230 200 40
-4.200000 3.200000 -0.047178 60 200 60
-4.100000 3.200000 -0.048011 60 200 60
-4.000000 3.200000 -0.047998 60 200 60
-3.900000 3.200000 -0.047989 60 200 60
-3.800000 3.200000 -0.047982 60 200 60
-3.700000 3.200000 -0.047976 60 200 60
-3.600000 3.200000 -0.047973 60 200 60
-3.500000 3.200000 -0.047972 60 200 60
-3.400000 3.200000 -0.047970 60 200 60
-3.300000 3.200000 -0.047971 60 200 60
-3.200000 3.200000 -0.047970 60 200 60
-3.100000 3.200000 -0.047974 60 200 60
-3.000000 3.200000 -0.047974 60 200 60
-2.900000 3.200000 -0.047984 60 200 60
-2.800000 3.200000 -0.047987 60 200 60
-2.700000 3.200000 -0.047992 60 200 60
-2.600000 3.200000 -0.047998 60 200 60
-2.500000 3.200000 -0.048006 60 200 60
-2.400000 3.200000 -0.048007 60 200 60
-2.300000 3.200000 -0.048007 60 200 60
-2.200000 3.200000 -0.048018 60 200 60
-2.100000 3.200000 -0.048019 60 200 60
-2.000000 3.200000 -0.048020 60 200 60
-1.900000 3.200000 -0.048021 60 200 60
-1.800000 3.200000 -0.048022 60 200 60
-1.700000 3.200000 -0.048021 60 200 60
-1.600000 3.200000 -0.047831 60 200 60
-1.500000 3.200000 -0.047892 60 200 60
-1.400000 3.200000 -0.047856 60 200 60
-1.300000 3.200000 -0.047908 60 200 60
-1.200000 3.200000 -0.047970 60 200 60
-1.100000 3.200000 -0.048055 60 200 60
-1.000000 3.200000 -0.048117 60 200 60
-0.900000 3.200000 -0.048203 60 200 60
-0.800000 3.200000 -0.048294 60 200 60
-0.700000 3.200000 -0.048305 60 200 60
-0.600000 3.200000 -0.048309 60 200 60
-0.500000 3.200000 -0.048308 60 200 60
-0.400000 3.200000 -0.048390 60 200 60
-0.300000 3.200000 -0.048638 60 200 60
-0.200000 3.200000 -0.048812 60 200 60
-0.100000 3.200000 -0.035776 230 200 40
0.000000 3.200000 -0.016196 220 40 40
0.600000 3.200000 -0.046818 220 40 40
0.700000 3.200000 -0.047225 60 200 60
0.800000 3.200000 -0.047311 60 200 60
0.900000 3.200000 -0.047470 60 200 60
1.000000 3.200000 -0.047559 60 200 60
1.100000 3.200000 -0.047451 60 200 60
1.200000 3.200000 -0.047551 60 200 60
1.300000 3.200000 -0.047534 60 200 60
1.400000 3.200000 -0.047465 60 200 60
1.500000 3.200000 -0.047398 60 200 60
1.600000 3.200000 -0.047395 60 200 60
1.700000 3.200000 -0.047395 60 200 60
1.800000 3.200000 -0.047388 60 200 60
1.900000 3.200000 -0.047388 60 200 60
2.000000 3.200000 -0.047388 60 200 60
2.100000 3.200000 -0.047387 60 200 60
2.200000 3.200000 -0.047386 60 200 60
2.300000 3.200000 -0.047386 60 200 60
2.400000 3.200000 -0.047385 60 200 60
2.500000 3.200000 -0.047384 60 200 60
2.600000 3.200000 -0.047375 60 200 60
2.700000 3.200000 -0.047385 60 200 60
2.800000 3.200000 -0.047381 60 200 60
2.900000 3.200000 -0.047370 60 200 60
3.000000 3.200000 -0.047371 60 200 60
3.100000 3.200000 -0.047367 60 200 60
3.200000 3.200000 -0.047376 60 200 60
3.300000 3.200000 -0.047384 60 200 60
3.400000 3.200000 -0.047362 60 200 60
3.500000 3.200000 -0.047336 60 200 60
3.600000 3.200000 -0.047323 60 200 60
3.700000 3.200000 -0.047336 60 200 60
3.800000 3.200000 -0.047300 60 200 60
3.900000 3.200000 -0.047289 60 200 60
4.000000 3.200000 -0.047288 60 200 60
4.100000 3.200000 -0.047350 60 200 60
4.200000 3.200000 -0.047106 230 200 40
-4.300000 3.300000 -0.047739 230 200 40
-4.200000 3.300000 -0.047161 60 200 60
-4.100000 3.300000 -0.048015 60 200 60
-4.000000 3.300000 -0.048001 60 200 60
-3.900000 3.300000 -0.047991 60 200 60
-3.800000 3.300000 -0.047983 60 200 60
-3.700000 3.300000 -0.047977 60 200 60
-3.600000 3.300000 -0.047974 60 200 60
-3.500000 3.300000 -0.047973 60 200 60
-3.400000 3.300000 -0.047970 60 200 60
-3.300000 3.300000 -0.047972 60 200 60
-3.200000 3.300000 -0.047971 60 200 60
-3.100000 3.300000 -0.047975 60 200 60
-3.000000 3.300000 -0.047973 60 200 60
-2.900000 3.300000 -0.047976 60 200 60
-2.800000 3.300000 -0.047979 60 200 60
-2.700000 3.300000 -0.047984 60 200 60
-2.600000 3.300000 -0.047991 60 200 60
-2.500000 3.300000 -0.048000 60 200 60
-2.400000 3.300000 -0.048000 60 200 60
-2.300000 3.300000 -0.048000 60 200 60
-2.200000 3.300000 -0.048001 60 200 60
-2.100000 3.300000 -0.048002 60 200 60
-2.000000 3.300000 -0.048002 60 200 60
-1.900000 3.300000 -0.048003 60 200 60
-1.800000 3.300000 -0.048003 60 200 60
-1.700000 3.300000 -0.048007 60 200 60
-1.600000 3.300000 -0.047616 60 200 60
-1.500000 3.300000 -0.047659 60 200 60
-1.400000 3.300000 -0.047701 60 200 60
-1.300000 3.300000 -0.047722 60 200 60
-1.200000 3.300000 -0.047753 60 200 60
-1.100000 3.300000 -0.047797 60 200 60
-1.000000 3.300000 -0.047831 60 200 60
-0.900000 3.300000 -0.047878 60 200 60
-0.800000 3.300000 -0.047899 60 200 60
-0.700000 3.300000 -0.047928 60 200 60
-0.600000 3.300000 -0.047829 60 200 60
-0.500000 3.300000 -0.047828 60 200 60
-0.400000 3.300000 -0.047737 60 200 60
-0.300000 3.300000 -0.047730 60 200 60
-0.200000 3.300000 -0.047707 60 200 60
-0.100000 3.300000 -0.043499 230 200 40
0.700000 3.300000 -0.046761 220 40 40
0.800000 3.300000 -0.047238 60 200 60
0.900000 3.300000 -0.047500 60 200 60
1.000000 3.300000 -0.047663 60 200 60
1.100000 3.300000 -0.047493 60 200 60
1.200000 3.300000 -0.047576 60 200 60
1.300000 3.300000 -0.047513 60 200 60
1.400000 3.300000 -0.047443 60 200 60
1.500000 3.300000 -0.047376 60 200 60
1.600000 3.300000 -0.047385 60 200 60
1.700000 3.300000 -0.047385 60 200 60
1.800000 3.300000 -0.047385 60 200 60
1.900000 3.300000 -0.047398 60 200 60
2.000000 3.300000 -0.047398 60 200 60
2.100000 3.300000 -0.047393 60 200 60
2.200000 3.300000 -0.047393 60 200 60
2.300000 3.300000 -0.047392 60 200 60
2.400000 3.300000 -0.047404 60 200 60
2.500000 3.300000 -0.047404 60 200 60
2.600000 3.300000 -0.047403 60 200 60
2.700000 3.300000 -0.047402 60 200 60
2.800000 3.300000 -0.047401 60 200 60
2.900000 3.300000 -0.047396 60 200 60
3.000000 3.300000 -0.047385 60 200 60
3.100000 3.300000 -0.047381 60 200 60
3.200000 3.300000 -0.047389 60 200 60
3.300000 3.300000 -0.047398 60 200 60
3.400000 3.300000 -0.047376 60 200 60
3.500000 3.300000 -0.047350 60 200 60
3.600000 3.300000 -0.047337 60 200 60
3.700000 3.300000 -0.047350 60 200 60
3.800000 3.300000 -0.047313 60 200 60
3.900000 3.300000 -0.047305 60 200 60
4.000000 3.300000 -0.047307 60 200 60
4.100000 3.300000 -0.047385 60 200 60
4.200000 3.300000 -0.047105 230 200 40
-4.300000 3.400000 -0.047735 230 200 40
-4.200000 3.400000 -0.047086 60 200 60
-4.100000 3.400000 -0.047979 60 200 60
-4.000000 3.400000 -0.047961 60 200 60
-3.900000 3.400000 -0.047963 60 200 60
-3.800000 3.400000 -0.047956 60 200 60
-3.700000 3.400000 -0.047977 60 200 60
-3.600000 3.400000 -0.047973 60 200 60
-3.500000 3.400000 -0.047971 60 200 60
-3.400000 3.400000 -0.047970 60 200 60
-3.300000 3.400000 -0.047971 60 200 60
-3.200000 3.400000 -0.047971 60 200 60
-3.100000 3.400000 -0.047974 60 200 60
-3.000000 3.400000 -0.047974 60 200 60
-2.900000 3.400000 -0.047981 60 200 60
-2.800000 3.400000 -0.047980 60 200 60
-2.700000 3.400000 -0.047985 60 200 60
-2.600000 3.400000 -0.047985 60 200 60
-2.500000 3.400000 -0.047986 60 200 60
-2.400000 3.400000 -0.047986 60 200 60
-2.300000 3.400000 -0.047993 60 200 60
-2.200000 3.400000 -0.047993 60 200 60
-2.100000 3.400000 -0.047993 60 200 60
-2.000000 3.400000 -0.047994 60 200 60
-1.900000 3.400000 -0.047994 60 200 60
-1.800000 3.400000 -0.047995 60 200 60
-1.700000 3.400000 -0.047997 60 200 60
-1.600000 3.400000 -0.047612 60 200 60
-1.500000 3.400000 -0.047665 60 200 60
-1.400000 3.400000 -0.047711 60 200 60
-1.300000 3.400000 -0.047738 60 200 60
-1.200000 3.400000 -0.047777 60 200 60
-1.100000 3.400000 -0.047855 60 200 60
-1.000000 3.400000 -0.047903 60 200 60
-0.900000 3.400000 -0.047974 60 200 60
-0.800000 3.400000 -0.048030 60 200 60
-0.700000 3.400000 -0.048031 60 200 60
-0.600000 3.400000 -0.047886 60 200 60
-0.500000 3.400000 -0.047886 60 200 60
-0.400000 3.400000 -0.047782 60 200 60
-0.300000 3.400000 -0.047783 60 200 60
-0.200000 3.400000 -0.047763 230 200 40
-0.100000 3.400000 -0.046891 220 40 40
0.800000 3.400000 -0.047382 230 200 40
0.900000 3.400000 -0.047696 60 200 60
1.000000 3.400000 -0.047748 60 200 60
1.100000 3.400000 -0.047638 60 200 60
1.200000 3.400000 -0.047646 60 200 60
1.300000 3.400000 -0.047555 60 200 60
1.400000 3.400000 -0.047461 60 200 60
1.500000 3.400000 -0.047383 60 200 60
1.600000 3.400000 -0.047407 60 200 60
1.700000 3.400000 -0.047406 60 200 60
1.800000 3.400000 -0.047406 60 200 60
1.900000 3.400000 -0.047402 60 200 60
2.000000 3.400000 -0.047402 60 200 60
2.100000 3.400000 -0.047401 60 200 60
2.200000 3.400000 -0.047401 60 200 60
2.300000 3.400000 -0.047399 60 200 60
2.400000 3.400000 -0.047399 60 200 60
2.500000 3.400000 -0.047399 60 200 60
2.600000 3.400000 -0.047395 60 200 60
2.700000 3.400000 -0.047395 60 200 60
2.800000 3.400000 -0.047394 60 200 60
2.900000 3.400000 -0.047394 60 200 60
3.000000 3.400000 -0.047394 60 200 60
3.100000 3.400000 -0.047394 60 200 60
3.200000 3.400000 -0.047397 60 200 60
3.300000 3.400000 -0.047393 60 200 60
3.400000 3.400000 -0.047384 60 200 60
3.500000 3.400000 -0.047358 60 200 60
3.600000 3.400000 -0.047346 60 200 60
3.700000 3.400000 -0.047342 60 200 60
3.800000 3.400000 -0.047323 60 200 60
3.900000 3.400000 -0.047318 60 200 60
4.000000 3.400000 -0.047327 60 200 60
4.100000 3.400000 -0.047406 60 200 60
4.200000 3.400000 -0.047104 230 200 40
-4.300000 3.500000 -0.047783 230 200 40
-4.200000 3.500000 -0.047068 60 200 60
-4.100000 3.500000 -0.047981 60 200 60
-4.000000 3.500000 -0.047962 60 200 60
-3.900000 3.500000 -0.047962 60 200 60
-3.800000 3.500000 -0.047957 60 200 60
-3.700000 3.500000 -0.047953 60 200 60
-3.600000 3.500000 -0.047951 60 200 60
-3.500000 3.500000 -0.047950 60 200 60
-3.400000 3.500000 -0.047950 60 200 60
-3.300000 3.500000 -0.047952 60 200 60
-3.200000 3.500000 -0.047952 60 200 60
-3.100000 3.500000 -0.047956 60 200 60
-3.000000 3.500000 -0.047956 60 200 60
-2.900000 3.500000 -0.047959 60 200 60
-2.800000 3.500000 -0.047959 60 200 60
-2.700000 3.500000 -0.047960 60 200 60
-2.600000 3.500000 -0.047960 60 200 60
-2.500000 3.500000 -0.047960 60 200 60
-2.400000 3.500000 -0.047964 60 200 60
-2.300000 3.500000 -0.047964 60 200 60
-2.200000 3.500000 -0.047965 60 200 60
-2.100000 3.500000 -0.047965 60 200 60
-2.000000 3.500000 -0.047965 60 200 60
-1.900000 3.500000 -0.047965 60 200 60
-1.800000 3.500000 -0.047965 60 200 60
-1.700000 3.500000 -0.047967 60 200 60
-1.600000 3.500000 -0.047588 60 200 60
-1.500000 3.500000 -0.047649 60 200 60
-1.400000 3.500000 -0.047699 60 200 60
-1.300000 3.500000 -0.047718 60 200 60
-1.200000 3.500000 -0.047756 60 200 60
-1.100000 3.500000 -0.047814 60 200 60
-1.000000 3.500000 -0.047860 60 200 60
-0.900000 3.500000 -0.047938 60 200 60
-0.800000 3.500000 -0.048023 60 200 60
-0.700000 3.500000 -0.048023 60 200 60
-0.600000 3.500000 -0.047881 60 200 60
-0.500000 3.500000 -0.047881 60 200 60
-0.400000 3.500000 -0.047664 230 200 40
-0.300000 3.500000 -0.047555 220 40 40
0.900000 3.500000 -0.047923 230 200 40
1.000000 3.500000 -0.047749 60 200 60
1.100000 3.500000 -0.047593 60 200 60
1.200000 3.500000 -0.047617 60 200 60
1.300000 3.500000 -0.047580 60 200 60
1.400000 3.500000 -0.047464 60 200 60
1.500000 3.500000 -0.047366 60 200 60
1.600000 3.500000 -0.047413 60 200 60
1.700000 3.500000 -0.047412 60 200 60
1.800000 3.500000 -0.047412 60 200 60
1.900000 3.500000 -0.047427 60 200 60
2.000000 3.500000 -0.047422 60 200 60
2.100000 3.500000 -0.047421 60 200 60
2.200000 3.500000 -0.047421 60 200 60
2.300000 3.500000 -0.047419 60 200 60
2.400000 3.500000 -0.047419 60 200 60
2.500000 3.500000 -0.047418 60 200 60
2.600000 3.500000 -0.047418 60 200 60
2.700000 3.500000 -0.047418 60 200 60
2.800000 3.500000 -0.047417 60 200 60
2.900000 3.500000 -0.047417 60 200 60
3.000000 3.500000 -0.047415 60 200 60
3.100000 3.500000 -0.047415 60 200 60
3.200000 3.500000 -0.047414 60 200 60
3.300000 3.500000 -0.047401 60 200 60
3.400000 3.500000 -0.047391 60 200 60
3.500000 3.500000 -0.047366 60 200 60
3.600000 3.500000 -0.047354 60 200 60
3.700000 3.500000 -0.047351 60 200 60
3.800000 3.500000 -0.047325 60 200 60
3.900000 3.500000 -0.047328 60 200 60
4.000000 3.500000 -0.047341 60 200 60
4.100000 3.500000 -0.047428 60 200 60
4.200000 3.500000 -0.047103 230 200 40
-4.300000 3.600000 -0.045664 230 200 40
-4.200000 3.600000 -0.047047 60 200 60
-4.100000 3.600000 -0.047980 60 200 60
-4.000000 3.600000 -0.047962 60 200 60
-3.900000 3.600000 -0.047962 60 200 60
-3.800000 3.600000 -0.047957 60 200 60
-3.700000 3.600000 -0.047953 60 200 60
-3.600000 3.600000 -0.047952 60 200 60
-3.500000 3.600000 -0.047951 60 200 60
-3.400000 3.600000 -0.047951 60 200 60
-3.300000 3.600000 -0.047952 60 200 60
-3.200000 3.600000 -0.047952 60 200 60
-3.100000 3.600000 -0.047954 60 200 60
-3.000000 3.600000 -0.047954 60 200 60
-2.900000 3.600000 -0.047954 60 200 60
-2.800000 3.600000 -0.047957 60 200 60
-2.700000 3.600000 -0.047957 60 200 60
-2.600000 3.600000 -0.047957 60 200 60
-2.500000 3.600000 -0.047957 60 200 60
-2.400000 3.600000 -0.047957 60 200 60
-2.300000 3.600000 -0.047957 60 200 60
-2.200000 3.600000 -0.047956 60 200 60
-2.100000 3.600000 -0.047956 60 200 60
-2.000000 3.600000 -0.047956 60 200 60
-1.900000 3.600000 -0.047956 60 200 60
-1.800000 3.600000 -0.047956 60 200 60
-1.700000 3.600000 -0.047957 60 200 60
-1.600000 3.600000 -0.047928 60 200 60
-1.500000 3.600000 -0.047630 60 200 60
-1.400000 3.600000 -0.047677 60 200 60
-1.300000 3.600000 -0.047691 60 200 60
-1.200000 3.600000 -0.047729 60 200 60
-1.100000 3.600000 -0.047797 60 200 60
-1.000000 3.600000 -0.047852 60 200 60
-0.900000 3.600000 -0.047973 60 200 60
-0.800000 3.600000 -0.048117 60 200 60
-0.700000 3.600000 -0.048110 60 200 60
-0.600000 3.600000 -0.047949 230 200 40
-0.500000 3.600000 -0.047948 230 200 40
1.000000 3.600000 -0.047087 220 40 40
1.100000 3.600000 -0.047415 60 200 60
1.200000 3.600000 -0.047460 60 200 60
1.300000 3.600000 -0.047450 60 200 60
1.400000 3.600000 -0.047362 60 200 60
1.500000 3.600000 -0.047310 60 200 60
1.600000 3.600000 -0.047392 60 200 60
1.700000 3.600000 -0.047391 60 200 60
1.800000 3.600000 -0.047391 60 200 60
1.900000 3.600000 -0.047407 60 200 60
2.000000 3.600000 -0.047406 60 200 60
2.100000 3.600000 -0.047406 60 200 60
2.200000 3.600000 -0.047406 60 200 60
2.300000 3.600000 -0.047406 60 200 60
2.400000 3.600000 -0.047406 60 200 60
2.500000 3.600000 -0.047420 60 200 60
2.600000 3.600000 -0.047420 60 200 60
2.700000 3.600000 -0.047419 60 200 60
2.800000 3.600000 -0.047415 60 200 60
2.900000 3.600000 -0.047415 60 200 60
3.000000 3.600000 -0.047413 60 200 60
3.100000 3.600000 -0.047413 60 200 60
3.200000 3.600000 -0.047426 60 200 60
3.300000 3.600000 -0.047412 60 200 60
3.400000 3.600000 -0.047399 60 200 60
3.500000 3.600000 -0.047359 60 200 60
3.600000 3.600000 -0.047363 60 200 60
3.700000 3.600000 -0.047359 60 200 60
3.800000 3.600000 -0.047333 60 200 60
3.900000 3.600000 -0.047338 60 200 60
4.000000 3.600000 -0.047355 60 200 60
4.100000 3.600000 -0.047449 60 200 60
4.200000 3.600000 -0.047102 230 200 40
-4.300000 3.700000 -0.045913 230 200 40
-4.200000 3.700000 -0.046951 60 200 60
-4.100000 3.700000 -0.047907 60 200 60
-4.000000 3.700000 -0.047910 60 200 60
-3.900000 3.700000 -0.047909 60 200 60
-3.800000 3.700000 -0.047909 60 200 60
-3.700000 3.700000 -0.047910 60 200 60
-3.600000 3.700000 -0.047910 60 200 60
-3.500000 3.700000 -0.047911 60 200 60
-3.400000 3.700000 -0.047913 60 200 60
-3.300000 3.700000 -0.047913 60 200 60
-3.200000 3.700000 -0.047915 60 200 60
-3.100000 3.700000 -0.047915 60 200 60
-3.000000 3.700000 -0.047915 60 200 60
-2.900000 3.700000 -0.047915 60 200 60
-2.800000 3.700000 -0.047917 60 200 60
-2.700000 3.700000 -0.047918 60 200 60
-2.600000 3.700000 -0.047918 60 200 60
-2.500000 3.700000 -0.047952 60 200 60
-2.400000 3.700000 -0.047952 60 200 60
-2.300000 3.700000 -0.047952 60 200 60
-2.200000 3.700000 -0.047952 60 200 60
-2.100000 3.700000 -0.047951 60 200 60
-2.000000 3.700000 -0.047951 60 200 60
-1.900000 3.700000 -0.047951 60 200 60
-1.800000 3.700000 -0.047951 60 200 60
-1.700000 3.700000 -0.047954 60 200 60
-1.600000 3.700000 -0.047924 60 200 60
-1.500000 3.700000 -0.047617 60 200 60
-1.400000 3.700000 -0.047654 60 200 60
-1.300000 3.700000 -0.047662 60 200 60
-1.200000 3.700000 -0.047719 60 200 60
-1.100000 3.700000 -0.047782 60 200 60
-1.000000 3.700000 -0.047844 60 200 60
-0.900000 3.700000 -0.047975 60 200 60
-0.800000 3.700000 -0.048177 230 200 40
-0.700000 3.700000 -0.048174 230 200 40
1.100000 3.700000 -0.047766 230 200 40
1.200000 3.700000 -0.047541 60 200 60
1.300000 3.700000 -0.047490 60 200 60
1.400000 3.700000 -0.047353 60 200 60
1.500000 3.700000 -0.047286 60 200 60
1.600000 3.700000 -0.047375 60 200 60
1.700000 3.700000 -0.047374 60 200 60
1.800000 3.700000 -0.047374 60 200 60
1.900000 3.700000 -0.047374 60 200 60
2.000000 3.700000 -0.047374 60 200 60
2.100000 3.700000 -0.047374 60 200 60
2.200000 3.700000 -0.047374 60 200 60
2.300000 3.700000 -0.047374 60 200 60
2.400000 3.700000 -0.047366 60 200 60
2.500000 3.700000 -0.047366 60 200 60
2.600000 3.700000 -0.047383 60 200 60
2.700000 3.700000 -0.047383 60 200 60
2.800000 3.700000 -0.047396 60 200 60
2.900000 3.700000 -0.047403 60 200 60
3.000000 3.700000 -0.047403 60 200 60
3.100000 3.700000 -0.047418 60 200 60
3.200000 3.700000 -0.047418 60 200 60
3.300000 3.700000 -0.047414 60 200 60
3.400000 3.700000 -0.047414 60 200 60
3.500000 3.700000 -0.047370 60 200 60
3.600000 3.700000 -0.047372 60 200 60
3.700000 3.700000 -0.047360 60 200 60
3.800000 3.700000 -0.047343 60 200 60
3.900000 3.700000 -0.047349 60 200 60
4.000000 3.700000 -0.047369 60 200 60
4.100000 3.700000 -0.047475 60 200 60
4.200000 3.700000 -0.047100 230 200 40
-4.300000 3.800000 -0.045993 230 200 40
-4.200000 3.800000 -0.046970 60 200 60
-4.100000 3.800000 -0.047904 60 200 60
-4.000000 3.800000 -0.047910 60 200 60
-3.900000 3.800000 -0.047909 60 200 60
-3.800000 3.800000 -0.047909 60 200 60
-3.700000 3.800000 -0.047910 60 200 60
-3.600000 3.800000 -0.047910 60 200 60
-3.500000 3.800000 -0.047910 60 200 60
-3.400000 3.800000 -0.047910 60 200 60
-3.300000 3.800000 -0.047910 60 200 60
-3.200000 3.800000 -0.047910 60 200 60
-3.100000 3.800000 -0.047910 60 200 60
-3.000000 3.800000 -0.047910 60 200 60
-2.900000 3.800000 -0.047911 60 200 60
-2.800000 3.800000 -0.047911 60 200 60
-2.700000 3.800000 -0.047911 60 200 60
-2.600000 3.800000 -0.047911 60 200 60
-2.500000 3.800000 -0.047911 60 200 60
-2.400000 3.800000 -0.047911 60 200 60
-2.300000 3.800000 -0.047912 60 200 60
-2.200000 3.800000 -0.047912 60 200 60
-2.100000 3.800000 -0.047912 60 200 60
-2.000000 3.800000 -0.047914 60 200 60
-1.900000 3.800000 -0.047914 60 200 60
-1.800000 3.800000 -0.047914 60 200 60
-1.700000 3.800000 -0.047916 60 200 60
-1.600000 3.800000 -0.047917 60 200 60
-1.500000 3.800000 -0.047554 60 200 60
-1.400000 3.800000 -0.047578 60 200 60
-1.300000 3.800000 -0.047586 60 200 60
-1.200000 3.800000 -0.047589 60 200 60
-1.100000 3.800000 -0.047618 60 200 60
-1.000000 3.800000 -0.047634 60 200 60
-0.900000 3.800000 -0.047663 230 200 40
1.200000 3.800000 -0.046985 230 200 40
1.300000 3.800000 -0.047317 60 200 60
1.400000 3.800000 -0.047267 60 200 60
1.500000 3.800000 -0.047241 60 200 60
1.600000 3.800000 -0.047369 60 200 60
1.700000 3.800000 -0.047368 60 200 60
1.800000 3.800000 -0.047369 60 200 60
1.900000 3.800000 -0.047369 60 200 60
2.000000 3.800000 -0.047383 60 200 60
2.100000 3.800000 -0.047384 60 200 60
2.200000 3.800000 -0.047402 60 200 60
2.300000 3.800000 -0.047402 60 200 60
2.400000 3.800000 -0.047396 60 200 60
2.500000 3.800000 -0.047395 60 200 60
2.600000 3.800000 -0.047395 60 200 60
2.700000 3.800000 -0.047395 60 200 60
2.800000 3.800000 -0.047395 60 200 60
2.900000 3.800000 -0.047395 60 200 60
3.000000 3.800000 -0.047395 60 200 60
3.100000 3.800000 -0.047389 60 200 60
3.200000 3.800000 -0.047388 60 200 60
3.300000 3.800000 -0.047388 60 200 60
3.400000 3.800000 -0.047388 60 200 60
3.500000 3.800000 -0.047382 60 200 60
3.600000 3.800000 -0.047381 60 200 60
3.700000 3.800000 -0.047368 60 200 60
3.800000 3.800000 -0.047359 60 200 60
3.900000 3.800000 -0.047359 60 200 60
4.000000 3.800000 -0.047389 60 200 60
4.100000 3.800000 -0.047519 60 200 60
4.200000 3.800000 -0.047099 230 200 40
-4.400000 3.900000 -0.047301 220 40 40
-4.300000 3.900000 -0.044868 230 200 40
-4.200000 3.900000 -0.041605 220 40 40
-4.100000 3.900000 -0.041537 220 40 40
-4.000000 3.900000 -0.044801 220 40 40
-3.900000 3.900000 -0.047328 220 40 40
-3.800000 3.900000 -0.046629 220 40 40
-3.700000 3.900000 -0.046059 220 40 40
-3.600000 3.900000 -0.046272 220 40 40
-3.500000 3.900000 -0.047075 220 40 40
-3.400000 3.900000 -0.047429 220 40 40
-3.300000 3.900000 -0.047285 220 40 40
-3.200000 3.900000 -0.046876 220 40 40
-3.100000 3.900000 -0.046675 220 40 40
-3.000000 3.900000 -0.046323 220 40 40
-2.900000 3.900000 -0.046970 220 40 40
-2.800000 3.900000 -0.046789 220 40 40
-2.700000 3.900000 -0.047110 220 40 40
-2.600000 3.900000 -0.046666 220 40 40
-2.500000 3.900000 -0.046480 220 40 40
-2.400000 3.900000 -0.045997 220 40 40
-2.300000 3.900000 -0.046464 220 40 40
-2.200000 3.900000 -0.046874 220 40 40
-2.100000 3.900000 -0.046708 220 40 40
-2.000000 3.900000 -0.046191 220 40 40
-1.900000 3.900000 -0.045474 220 40 40
-1.800000 3.900000 -0.045386 220 40 40
-1.700000 3.900000 -0.046156 220 40 40
-1.600000 3.900000 -0.046060 230 200 40
-1.500000 3.900000 -0.046447 230 200 40
-1.400000 3.900000 -0.046177 230 200 40
-1.300000 3.900000 -0.045289 230 200 40
-1.200000 3.900000 -0.046595 230 200 40
-1.100000 3.900000 -0.047571 230 200 40
-1.000000 3.900000 -0.047356 220 40 40
1.300000 3.900000 -0.047101 220 40 40
1.400000 3.900000 -0.046673 230 200 40
1.500000 3.900000 -0.046074 230 200 40
1.600000 3.900000 -0.046457 230 200 40
1.700000 3.900000 -0.046130 230 200 40
1.800000 3.900000 -0.046144 230 200 40
1.900000 3.900000 -0.046438 230 200 40
2.000000 3.900000 -0.046539 230 200 40
2.100000 3.900000 -0.046577 230 200 40
2.200000 3.900000 -0.046430 230 200 40
2.300000 3.900000 -0.046477 230 200 40
2.400000 3.900000 -0.046710 230 200 40
2.500000 3.900000 -0.047003 230 200 40
2.600000 3.900000 -0.046896 230 200 40
2.700000 3.900000 -0.046982 230 200 40
2.800000 3.900000 -0.046812 230 200 40
2.900000 3.900000 -0.046833 230 200 40
3.000000 3.900000 -0.046934 230 200 40
3.100000 3.900000 -0.046802 230 200 40
3.200000 3.900000 -0.046729 230 200 40
3.300000 3.900000 -0.046595 230 200 40
3.400000 3.900000 -0.046592 230 200 40
3.500000 3.900000 -0.046458 230 200 40
3.600000 3.900000 -0.046439 230 200 40
3.700000 3.900000 -0.046475 230 200 40
3.800000 3.900000 -0.046349 230 200 40
3.900000 3.900000 -0.045771 230 200 40
4.000000 3.900000 -0.045533 230 200 40
4.100000 3.900000 -0.044471 230 200 40
4.200000 3.900000 -0.032066 230 200 40
-4.300000 4.000000 0.003601 220 40 40
-4.200000 4.000000 0.096753 220 40 40
-4.100000 4.000000 0.123319 220 40 40
-4.000000 4.000000 0.133786 220 40 40
-3.900000 4.000000 0.136594 220 40 40
-3.800000 4.000000 0.112601 220 40 40
-3.700000 4.000000 0.115946 220 40 40
-3.600000 4.000000 0.122423 220 40 40
-3.500000 4.000000 0.128650 220 40 40
-3.400000 4.000000 0.136623 220 40 40
-3.300000 4.000000 0.137912 220 40 40
-3.200000 4.000000 0.143744 220 40 40
-3.100000 4.000000 0.150168 220 40 40
-3.000000 4.000000 0.150870 220 40 40
-2.900000 4.000000 0.160553 220 40 40
-2.800000 4.000000 0.165811 220 40 40
-2.700000 4.000000 0.170094 220 40 40
-2.600000 4.000000 0.148700 220 40 40
-2.500000 4.000000 0.155847 220 40 40
-2.400000 4.000000 0.154241 220 40 40
-2.300000 4.000000 0.159696 220 40 40
-2.200000 4.000000 0.169198 220 40 40
-2.100000 4.000000 0.170318 220 40 40
-2.000000 4.000000 0.182644 220 40 40
-1.900000 4.000000 0.181955 220 40 40
-1.800000 4.000000 0.163869 220 40 40
-1.700000 4.000000 0.063718 220 40 40
