ply
format ascii 1.0
element vertex 16619
property float x
property float y
property float z
property uchar red
property uchar green
property uchar blue
end_header
-4.150000 -3.950000 -0.050000 0 40 255
-4.050000 -3.950000 -0.050000 0 40 255
-4.150000 -3.850000 -0.050000 0 40 255
-4.050000 -3.850000 -0.050000 0 40 255
-4.150000 -3.750000 -0.050000 0 40 255
-4.050000 -3.750000 -0.050000 0 40 255
-4.150000 -3.650000 -0.050000 0 40 255
-4.050000 -3.650000 -0.050000 0 40 255
-4.150000 -3.550000 -0.050000 0 40 255
-4.050000 -3.550000 -0.050000 0 40 255
-4.150000 -3.450000 -0.050000 0 40 255
-4.050000 -3.450000 -0.050000 0 40 255
-4.150000 -3.350000 -0.050000 0 40 255
-4.050000 -3.350000 -0.050000 0 40 255
-4.150000 -3.250000 -0.050000 0 40 255
-4.050000 -3.250000 -0.050000 0 40 255
-3.950000 -3.950000 -0.050000 0 40 255
-3.850000 -3.950000 -0.050000 0 40 255
-3.950000 -3.850000 -0.050000 0 40 255
-3.850000 -3.850000 -0.050000 0 40 255
-3.750000 -3.950000 -0.050000 0 40 255
-3.650000 -3.950000 -0.050000 0 40 255
-3.750000 -3.850000 -0.050000 0 40 255
-3.650000 -3.850000 -0.050000 0 40 255
-3.950000 -3.750000 -0.050000 0 40 255
-3.850000 -3.750000 -0.050000 0 40 255
-3.950000 -3.650000 -0.050000 0 40 255
-3.850000 -3.650000 -0.050000 0 40 255
-3.750000 -3.750000 -0.050000 0 40 255
-3.650000 -3.750000 -0.050000 0 40 255
-3.750000 -3.650000 -0.050000 0 40 255
-3.650000 -3.650000 -0.050000 0 40 255
-3.550000 -3.950000 -0.050000 0 40 255
-3.550000 -3.850000 -0.050000 0 40 255
-3.450000 -3.850000 -0.050000 0 40 255
-3.350000 -3.950000 -0.050000 0 40 255
-3.250000 -3.950000 -0.050000 0 40 255
-3.350000 -3.850000 -0.050000 0 40 255
-3.250000 -3.850000 -0.050000 0 40 255
-3.550000 -3.750000 -0.050000 0 40 255
-3.450000 -3.750000 -0.050000 0 40 255
-3.550000 -3.650000 -0.050000 0 40 255
-3.450000 -3.650000 -0.050000 0 40 255
-3.350000 -3.750000 -0.050000 0 40 255
-3.250000 -3.750000 -0.050000 0 40 255
-3.350000 -3.650000 -0.050000 0 40 255
-3.250000 -3.650000 -0.050000 0 40 255
-3.950000 -3.550000 -0.050000 0 40 255
-3.850000 -3.550000 -0.050000 0 40 255
-3.950000 -3.450000 -0.050000 0 40 255
-3.850000 -3.450000 -0.050000 0 40 255
-3.750000 -3.550000 -0.050000 0 40 255
-3.650000 -3.550000 -0.050000 0 40 255
-3.750000 -3.450000 -0.050000 0 40 255
-3.650000 -3.450000 -0.050000 0 40 255
-3.950000 -3.350000 -0.050000 0 40 255
-3.850000 -3.350000 -0.050000 0 40 255
-3.950000 -3.250000 -0.050000 0 40 255
-3.850000 -3.250000 -0.050000 0 40 255
-3.750000 -3.350000 -0.050000 0 40 255
-3.650000 -3.350000 -0.050000 0 40 255
-3.750000 -3.250000 -0.050000 0 40 255
-3.650000 -3.250000 -0.050000 0 40 255
-3.550000 -3.550000 -0.050000 0 40 255
-3.450000 -3.550000 -0.050000 0 40 255
-3.550000 -3.450000 -0.050000 0 40 255
-3.450000 -3.450000 -0.050000 0 40 255
-3.350000 -3.550000 -0.050000 0 40 255
-3.250000 -3.550000 -0.050000 0 40 255
-3.350000 -3.450000 -0.050000 0 40 255
-3.250000 -3.450000 -0.050000 0 40 255
-3.550000 -3.350000 -0.050000 0 40 255
-3.450000 -3.350000 -0.050000 0 40 255
-3.550000 -3.250000 -0.050000 0 40 255
-3.450000 -3.250000 -0.050000 0 40 255
-3.350000 -3.350000 -0.050000 0 40 255
-3.250000 -3.350000 -0.050000 0 40 255
-3.350000 -3.250000 -0.050000 0 40 255
-3.250000 -3.250000 -0.050000 0 40 255
-3.150000 -3.950000 -0.050000 0 40 255
-3.050000 -3.950000 -0.050000 0 40 255
-3.150000 -3.850000 -0.050000 0 40 255
-3.050000 -3.850000 -0.050000 0 40 255
-2.950000 -3.950000 -0.050000 0 40 255
-2.850000 -3.950000 -0.050000 0 40 255
-2.950000 -3.850000 -0.050000 0 40 255
-2.850000 -3.850000 -0.050000 0 40 255
-3.150000 -3.750000 -0.050000 0 40 255
-3.050000 -3.750000 -0.050000 0 40 255
-3.150000 -3.650000 -0.050000 0 40 255
-3.050000 -3.650000 -0.050000 0 40 255
-2.950000 -3.750000 -0.050000 0 40 255
-2.850000 -3.750000 -0.050000 0 40 255
-2.950000 -3.650000 -0.050000 0 40 255
-2.850000 -3.650000 -0.050000 0 40 255
-2.750000 -3.950000 -0.050000 0 40 255
-2.650000 -3.950000 -0.050000 0 40 255
-2.750000 -3.850000 -0.050000 0 40 255
-2.650000 -3.850000 -0.050000 0 40 255
-2.550000 -3.950000 -0.050000 0 40 255
-2.450000 -3.950000 -0.050000 0 40 255
-2.550000 -3.850000 -0.050000 0 40 255
-2.450000 -3.850000 -0.050000 0 40 255
-2.750000 -3.750000 -0.050000 0 40 255
-2.650000 -3.750000 -0.050000 0 40 255
-2.750000 -3.650000 -0.050000 0 40 255
-2.650000 -3.650000 -0.050000 0 40 255
-2.550000 -3.750000 -0.050000 0 40 255
-2.450000 -3.750000 -0.050000 0 40 255
-2.550000 -3.650000 -0.050000 0 40 255
-2.450000 -3.650000 -0.050000 0 40 255
-3.150000 -3.550000 -0.050000 0 40 255
-3.050000 -3.550000 -0.050000 0 40 255
-3.150000 -3.450000 -0.050000 0 40 255
-3.050000 -3.450000 -0.050000 0 40 255
-2.950000 -3.550000 -0.050000 0 40 255
-2.850000 -3.550000 -0.050000 0 40 255
-2.950000 -3.450000 -0.050000 0 40 255
-2.850000 -3.450000 -0.050000 0 40 255
-3.150000 -3.350000 -0.050000 0 40 255
-3.050000 -3.350000 -0.050000 0 40 255
-3.150000 -3.250000 -0.050000 0 40 255
-3.050000 -3.250000 -0.050000 0 40 255
-2.950000 -3.350000 -0.050000 0 40 255
-2.850000 -3.350000 -0.050000 0 40 255
-2.950000 -3.250000 -0.050000 0 40 255
-2.850000 -3.250000 -0.050000 0 40 255
-2.750000 -3.550000 -0.050000 0 40 255
-2.650000 -3.550000 -0.050000 0 40 255
-2.750000 -3.450000 -0.050000 0 40 255
-2.650000 -3.450000 -0.050000 0 40 255
-2.550000 -3.550000 -0.050000 0 40 255
-2.450000 -3.550000 -0.050000 0 40 255
-2.550000 -3.450000 -0.050000 0 40 255
-2.450000 -3.450000 -0.050000 0 40 255
-2.750000 -3.350000 -0.050000 0 40 255
-2.650000 -3.350000 -0.050000 0 40 255
-2.750000 -3.250000 -0.050000 0 40 255
-2.650000 -3.250000 -0.050000 0 40 255
-2.550000 -3.350000 -0.050000 0 40 255
-2.450000 -3.350000 -0.050000 0 40 255
-2.550000 -3.250000 -0.050000 0 40 255
-2.450000 -3.250000 -0.050000 0 40 255
-2.350000 -3.950000 -0.050000 0 40 255
-2.250000 -3.950000 -0.050000 0 40 255
-2.350000 -3.850000 -0.050000 0 40 255
-2.250000 -3.850000 -0.050000 0 40 255
-2.150000 -3.950000 -0.050000 0 40 255
-2.050000 -3.950000 -0.050000 0 40 255
-2.150000 -3.850000 -0.050000 0 40 255
-2.050000 -3.850000 -0.050000 0 40 255
-2.350000 -3.750000 -0.050000 0 40 255
-2.250000 -3.750000 -0.050000 0 40 255
-2.350000 -3.650000 -0.050000 0 40 255
-2.250000 -3.650000 -0.050000 0 40 255
-2.150000 -3.750000 -0.050000 0 40 255
-2.050000 -3.750000 -0.050000 0 40 255
-2.150000 -3.650000 -0.050000 0 40 255
-2.050000 -3.650000 -0.050000 0 40 255
-1.950000 -3.950000 -0.050000 0 40 255
-1.850000 -3.950000 -0.050000 0 40 255
-1.950000 -3.850000 -0.050000 0 40 255
-1.850000 -3.850000 -0.050000 0 40 255
-1.750000 -3.950000 -0.050000 0 40 255
-1.650000 -3.950000 -0.050000 0 40 255
-1.750000 -3.850000 -0.050000 0 40 255
-1.650000 -3.850000 -0.050000 0 40 255
-1.950000 -3.750000 -0.050000 0 40 255
-1.850000 -3.750000 -0.050000 0 40 255
-1.950000 -3.650000 -0.050000 0 40 255
-1.850000 -3.650000 -0.050000 0 40 255
-1.750000 -3.750000 -0.050000 0 40 255
-1.650000 -3.750000 -0.050000 0 40 255
-1.750000 -3.650000 -0.050000 0 40 255
-1.650000 -3.650000 -0.050000 0 40 255
-2.350000 -3.550000 -0.050000 0 40 255
-2.250000 -3.550000 -0.050000 0 40 255
-2.350000 -3.450000 -0.050000 0 40 255
-2.250000 -3.450000 -0.050000 0 40 255
-2.150000 -3.550000 -0.050000 0 40 255
-2.050000 -3.550000 -0.050000 0 40 255
-2.150000 -3.450000 -0.050000 0 40 255
-2.050000 -3.450000 -0.050000 0 40 255
-2.350000 -3.350000 -0.050000 0 40 255
-2.250000 -3.350000 -0.050000 0 40 255
-2.350000 -3.250000 -0.050000 0 40 255
-2.250000 -3.250000 -0.050000 0 40 255
-2.150000 -3.350000 -0.050000 0 40 255
-2.050000 -3.350000 -0.050000 0 40 255
-2.150000 -3.250000 -0.050000 0 40 255
-2.050000 -3.250000 -0.050000 0 40 255
-1.950000 -3.550000 -0.050000 0 40 255
-1.850000 -3.550000 -0.050000 0 40 255
-1.950000 -3.450000 -0.050000 0 40 255
-1.850000 -3.450000 -0.050000 0 40 255
-1.750000 -3.550000 -0.050000 0 40 255
-1.650000 -3.550000 -0.050000 0 40 255
-1.750000 -3.450000 -0.050000 0 40 255
-1.650000 -3.450000 -0.050000 0 40 255
-1.950000 -3.350000 -0.050000 0 40 255
-1.850000 -3.350000 -0.050000 0 40 255
-1.950000 -3.250000 -0.050000 0 40 255
-1.850000 -3.250000 -0.050000 0 40 255
-1.750000 -3.350000 -0.050000 0 40 255
-1.650000 -3.350000 -0.050000 0 40 255
-1.750000 -3.250000 -0.050000 0 40 255
-1.650000 -3.250000 -0.050000 0 40 255
-1.550000 -3.650000 -0.050000 0 40 255
-1.550000 -3.550000 -0.050000 0 40 255
-1.450000 -3.550000 -0.050000 0 40 255
-1.550000 -3.450000 -0.050000 0 40 255
-1.450000 -3.450000 -0.050000 0 40 255
-1.350000 -3.450000 -0.050000 0 40 255
-1.550000 -3.350000 -0.050000 0 40 255
-1.450000 -3.350000 -0.050000 0 40 255
-1.550000 -3.250000 -0.050000 0 40 255
-1.450000 -3.250000 -0.050000 0 40 255
-1.350000 -3.350000 -0.050000 0 40 255
-1.350000 -3.250000 -0.050000 0 40 255
-4.150000 -3.150000 -0.050000 0 40 255
-4.050000 -3.150000 -0.050000 0 40 255
-4.150000 -3.050000 -0.050000 0 40 255
-4.050000 -3.050000 -0.050000 0 40 255
-4.250000 -2.950000 -0.050000 0 40 255
-4.250000 -2.850000 -0.050000 0 40 255
-4.150000 -2.950000 -0.050000 0 40 255
-4.050000 -2.950000 -0.050000 0 40 255
-4.150000 -2.850000 -0.050000 0 40 255
-4.050000 -2.850000 -0.050000 0 40 255
-4.250000 -2.750000 -0.050000 0 40 255
-4.250000 -2.650000 -0.050000 0 40 255
-4.150000 -2.750000 -0.050000 0 40 255
-4.050000 -2.750000 -0.050000 0 40 255
-4.150000 -2.650000 -0.050000 0 40 255
-4.050000 -2.650000 -0.050000 0 40 255
-4.250000 -2.550000 -0.050000 0 40 255
-4.250000 -2.450000 -0.050000 0 40 255
-4.150000 -2.550000 -0.050000 0 40 255
-4.050000 -2.550000 -0.050000 0 40 255
-4.150000 -2.450000 -0.050000 0 40 255
-4.050000 -2.450000 -0.050000 0 40 255
-3.950000 -3.150000 -0.050000 0 40 255
-3.850000 -3.150000 -0.050000 0 40 255
-3.950000 -3.050000 -0.050000 0 40 255
-3.850000 -3.050000 -0.050000 0 40 255
-3.750000 -3.150000 -0.050000 0 40 255
-3.650000 -3.150000 -0.050000 0 40 255
-3.750000 -3.050000 -0.050000 0 40 255
-3.650000 -3.050000 -0.050000 0 40 255
-3.950000 -2.950000 -0.050000 0 40 255
-3.850000 -2.950000 -0.050000 0 40 255
-3.950000 -2.850000 -0.050000 0 40 255
-3.850000 -2.850000 -0.050000 0 40 255
-3.750000 -2.950000 -0.050000 0 40 255
-3.650000 -2.950000 -0.050000 0 40 255
-3.750000 -2.850000 -0.050000 0 40 255
-3.650000 -2.850000 -0.050000 0 40 255
-3.550000 -3.150000 -0.050000 0 40 255
-3.450000 -3.150000 -0.050000 0 40 255
-3.550000 -3.050000 -0.050000 0 40 255
-3.450000 -3.050000 -0.050000 0 40 255
-3.350000 -3.150000 -0.050000 0 40 255
-3.250000 -3.150000 -0.050000 0 40 255
-3.350000 -3.050000 -0.050000 0 40 255
-3.250000 -3.050000 -0.050000 0 40 255
-3.550000 -2.950000 -0.050000 0 40 255
-3.450000 -2.950000 -0.050000 0 40 255
-3.550000 -2.850000 -0.050000 0 40 255
-3.450000 -2.850000 -0.050000 0 40 255
-3.350000 -2.950000 -0.050000 0 40 255
-3.250000 -2.950000 -0.050000 0 40 255
-3.350000 -2.850000 -0.050000 0 40 255
-3.250000 -2.850000 -0.050000 0 40 255
-3.950000 -2.750000 -0.050000 0 40 255
-3.850000 -2.750000 -0.050000 0 40 255
-3.950000 -2.650000 -0.050000 0 40 255
-3.850000 -2.650000 -0.050000 0 40 255
-3.750000 -2.750000 -0.050000 0 40 255
-3.650000 -2.750000 -0.050000 0 40 255
-3.750000 -2.650000 -0.050000 0 40 255
-3.650000 -2.650000 -0.050000 0 40 255
-3.950000 -2.550000 -0.050000 0 40 255
-3.850000 -2.550000 -0.050000 0 40 255
-3.950000 -2.450000 -0.050000 0 40 255
-3.850000 -2.450000 -0.050000 0 40 255
-3.750000 -2.550000 -0.050000 0 40 255
-3.650000 -2.550000 -0.050000 0 40 255
-3.750000 -2.450000 -0.050000 0 40 255
-3.650000 -2.450000 -0.050000 0 40 255
-3.550000 -2.750000 -0.050000 0 40 255
-3.450000 -2.750000 -0.050000 0 40 255
-3.550000 -2.650000 -0.050000 0 40 255
-3.450000 -2.650000 -0.050000 0 40 255
-3.350000 -2.750000 -0.050000 0 40 255
-3.250000 -2.750000 -0.050000 0 40 255
-3.350000 -2.650000 -0.050000 0 40 255
-3.250000 -2.650000 -0.050000 0 40 255
-3.550000 -2.550000 -0.050000 0 40 255
-3.450000 -2.550000 -0.050000 0 40 255
-3.550000 -2.450000 -0.050000 0 40 255
-3.450000 -2.450000 -0.050000 0 40 255
-3.350000 -2.550000 -0.050000 0 40 255
-3.250000 -2.550000 -0.050000 0 40 255
-3.350000 -2.450000 -0.050000 0 40 255
-3.250000 -2.450000 -0.050000 0 40 255
-4.250000 -2.350000 -0.050000 0 40 255
-4.250000 -2.250000 -0.050000 0 40 255
-4.150000 -2.350000 -0.050000 0 40 255
-4.050000 -2.350000 -0.050000 0 40 255
-4.150000 -2.250000 -0.050000 0 40 255
-4.050000 -2.250000 -0.050000 0 40 255
-4.250000 -2.150000 -0.050000 0 40 255
-4.250000 -2.050000 -0.050000 0 40 255
-4.150000 -2.150000 -0.050000 0 40 255
-4.050000 -2.150000 -0.050000 0 40 255
-4.150000 -2.050000 -0.050000 0 40 255
-4.050000 -2.050000 -0.050000 0 40 255
-4.650000 -1.950000 -0.050000 0 40 255
-4.650000 -1.850000 -0.050000 0 40 255
-4.550000 -1.950000 -0.050000 0 40 255
-4.450000 -1.950000 -0.050000 0 40 255
-4.550000 -1.850000 -0.050000 0 40 255
-4.450000 -1.850000 -0.050000 0 40 255
-4.750000 -1.750000 -0.050000 0 40 255
-4.650000 -1.750000 -0.050000 0 40 255
-4.750000 -1.650000 -0.050000 0 40 255
-4.650000 -1.650000 -0.050000 0 40 255
-4.550000 -1.750000 -0.050000 0 40 255
-4.450000 -1.750000 -0.050000 0 40 255
-4.550000 -1.650000 -0.050000 0 40 255
-4.450000 -1.650000 -0.050000 0 40 255
-4.250000 -1.950000 -0.050000 0 40 255
-4.350000 -1.850000 -0.050000 0 40 255
-4.250000 -1.850000 -0.050000 0 40 255
-4.150000 -1.950000 -0.050000 0 40 255
-4.050000 -1.950000 -0.050000 0 40 255
-4.150000 -1.850000 -0.050000 0 40 255
-4.050000 -1.850000 -0.050000 0 40 255
-4.350000 -1.750000 -0.050000 0 40 255
-4.250000 -1.750000 -0.050000 0 40 255
-4.350000 -1.650000 -0.050000 0 40 255
-4.250000 -1.650000 -0.050000 0 40 255
-4.150000 -1.750000 -0.050000 0 40 255
-4.050000 -1.750000 -0.050000 0 40 255
-4.150000 -1.650000 -0.050000 0 40 255
-4.050000 -1.650000 -0.050000 0 40 255
-3.950000 -2.350000 -0.050000 0 40 255
-3.850000 -2.350000 -0.050000 0 40 255
-3.950000 -2.250000 -0.050000 0 40 255
-3.850000 -2.250000 -0.050000 0 40 255
-3.750000 -2.350000 -0.050000 0 40 255
-3.650000 -2.350000 -0.050000 0 40 255
-3.750000 -2.250000 -0.050000 0 40 255
-3.650000 -2.250000 -0.050000 0 40 255
-3.950000 -2.150000 -0.050000 0 40 255
-3.850000 -2.150000 -0.050000 0 40 255
-3.950000 -2.050000 -0.050000 0 40 255
-3.850000 -2.050000 -0.050000 0 40 255
-3.750000 -2.150000 -0.050000 0 40 255
-3.650000 -2.150000 -0.050000 0 40 255
-3.750000 -2.050000 -0.050000 0 40 255
-3.650000 -2.050000 -0.050000 0 40 255
-3.550000 -2.350000 -0.050000 0 40 255
-3.450000 -2.350000 -0.050000 0 40 255
-3.550000 -2.250000 -0.050000 0 40 255
-3.450000 -2.250000 -0.050000 0 40 255
-3.350000 -2.350000 -0.050000 0 40 255
-3.250000 -2.350000 -0.050000 0 40 255
-3.350000 -2.250000 -0.050000 0 40 255
-3.250000 -2.250000 -0.050000 0 40 255
-3.550000 -2.150000 -0.050000 0 40 255
-3.450000 -2.150000 -0.050000 0 40 255
-3.550000 -2.050000 -0.050000 0 40 255
-3.450000 -2.050000 -0.050000 0 40 255
-3.350000 -2.150000 -0.050000 0 40 255
-3.250000 -2.150000 -0.050000 0 40 255
-3.350000 -2.050000 -0.050000 0 40 255
-3.250000 -2.050000 -0.050000 0 40 255
-3.950000 -1.950000 -0.050000 0 40 255
-3.850000 -1.950000 -0.050000 0 40 255
-3.950000 -1.850000 -0.050000 0 40 255
-3.850000 -1.850000 -0.050000 0 40 255
-3.750000 -1.950000 -0.050000 0 40 255
-3.650000 -1.950000 -0.050000 0 40 255
-3.750000 -1.850000 -0.050000 0 40 255
-3.650000 -1.850000 -0.050000 0 40 255
-3.950000 -1.750000 -0.050000 0 40 255
-3.850000 -1.750000 -0.050000 0 40 255
-3.950000 -1.650000 -0.050000 0 40 255
-3.850000 -1.650000 -0.050000 0 40 255
-3.750000 -1.750000 -0.050000 0 40 255
-3.650000 -1.750000 -0.050000 0 40 255
-3.750000 -1.650000 -0.050000 0 40 255
-3.650000 -1.650000 -0.050000 0 40 255
-3.550000 -1.950000 -0.050000 0 40 255
-3.450000 -1.950000 -0.050000 0 40 255
-3.550000 -1.850000 -0.050000 0 40 255
-3.450000 -1.850000 -0.050000 0 40 255
-3.350000 -1.950000 -0.050000 0 40 255
-3.250000 -1.950000 -0.050000 0 40 255
-3.350000 -1.850000 -0.050000 0 40 255
-3.250000 -1.850000 -0.050000 0 40 255
-3.550000 -1.750000 -0.050000 0 40 255
-3.450000 -1.750000 -0.050000 0 40 255
-3.550000 -1.650000 -0.050000 0 40 255
-3.450000 -1.650000 -0.050000 0 40 255
-3.350000 -1.750000 -0.050000 0 40 255
-3.250000 -1.750000 -0.050000 0 40 255
-3.350000 -1.650000 -0.050000 0 40 255
-3.250000 -1.650000 -0.050000 0 40 255
-4.750000 -1.550000 -0.050000 0 40 255
-4.650000 -1.550000 -0.050000 0 40 255
-4.750000 -1.450000 -0.050000 0 40 255
-4.650000 -1.450000 -0.050000 0 40 255
-4.550000 -1.550000 -0.050000 0 40 255
-4.450000 -1.550000 -0.050000 0 40 255
-4.550000 -1.450000 -0.050000 0 40 255
-4.450000 -1.450000 -0.050000 0 40 255
-4.750000 -1.350000 -0.050000 0 40 255
-4.650000 -1.350000 -0.050000 0 40 255
-4.750000 -1.250000 -0.050000 0 40 255
-4.650000 -1.250000 -0.050000 0 40 255
-4.550000 -1.350000 -0.050000 0 40 255
-4.450000 -1.350000 -0.050000 0 40 255
-4.550000 -1.250000 -0.050000 0 40 255
-4.450000 -1.250000 -0.050000 0 40 255
-4.350000 -1.550000 -0.050000 0 40 255
-4.250000 -1.550000 -0.050000 0 40 255
-4.350000 -1.450000 -0.050000 0 40 255
-4.250000 -1.450000 -0.050000 0 40 255
-4.150000 -1.550000 -0.050000 0 40 255
-4.050000 -1.550000 -0.050000 0 40 255
-4.150000 -1.450000 -0.050000 0 40 255
-4.050000 -1.450000 -0.050000 0 40 255
-4.350000 -1.350000 -0.050000 0 40 255
-4.250000 -1.350000 -0.050000 0 40 255
-4.350000 -1.250000 -0.050000 0 40 255
-4.250000 -1.250000 -0.050000 0 40 255
-4.150000 -1.350000 -0.050000 0 40 255
-4.050000 -1.350000 -0.050000 0 40 255
-4.150000 -1.250000 -0.050000 0 40 255
-4.050000 -1.250000 -0.050000 0 40 255
-4.750000 -1.150000 -0.050000 0 40 255
-4.650000 -1.150000 -0.050000 0 40 255
-4.750000 -1.050000 -0.050000 0 40 255
-4.650000 -1.050000 -0.050000 0 40 255
-4.550000 -1.150000 -0.050000 0 40 255
-4.450000 -1.150000 -0.050000 0 40 255
-4.550000 -1.050000 -0.050000 0 40 255
-4.450000 -1.050000 -0.050000 0 40 255
-4.750000 -0.950000 -0.050000 0 40 255
-4.650000 -0.950000 -0.050000 0 40 255
-4.750000 -0.850000 -0.050000 0 40 255
-4.650000 -0.850000 -0.050000 0 40 255
-4.550000 -0.950000 -0.050000 0 40 255
-4.450000 -0.950000 -0.050000 0 40 255
-4.550000 -0.850000 -0.050000 0 40 255
-4.450000 -0.850000 -0.050000 0 40 255
-4.350000 -1.150000 -0.050000 0 40 255
-4.250000 -1.150000 -0.050000 0 40 255
-4.350000 -1.050000 -0.050000 0 40 255
-4.250000 -1.050000 -0.050000 0 40 255
-4.150000 -1.150000 -0.050000 0 40 255
-4.050000 -1.150000 -0.050000 0 40 255
-4.150000 -1.050000 -0.050000 0 40 255
-4.050000 -1.050000 -0.050000 0 40 255
-4.350000 -0.950000 -0.050000 0 40 255
-4.250000 -0.950000 -0.050000 0 40 255
-4.350000 -0.850000 -0.050000 0 40 255
-4.250000 -0.850000 -0.050000 0 40 255
-4.150000 -0.950000 -0.050000 0 40 255
-4.050000 -0.950000 -0.050000 0 40 255
-4.150000 -0.850000 -0.050000 0 40 255
-4.050000 -0.850000 -0.050000 0 40 255
-3.950000 -1.550000 -0.050000 0 40 255
-3.850000 -1.550000 -0.050000 0 40 255
-3.950000 -1.450000 -0.050000 0 40 255
-3.850000 -1.450000 -0.050000 0 40 255
-3.750000 -1.550000 -0.050000 0 40 255
-3.650000 -1.550000 -0.050000 0 40 255
-3.750000 -1.450000 -0.050000 0 40 255
-3.650000 -1.450000 -0.050000 0 40 255
-3.950000 -1.350000 -0.050000 0 40 255
-3.850000 -1.350000 -0.050000 0 40 255
-3.950000 -1.250000 -0.050000 0 40 255
-3.850000 -1.250000 -0.050000 0 40 255
-3.750000 -1.350000 -0.050000 0 40 255
-3.650000 -1.350000 -0.050000 0 40 255
-3.750000 -1.250000 -0.050000 0 40 255
-3.650000 -1.250000 -0.050000 0 40 255
-3.550000 -1.550000 -0.050000 0 40 255
-3.450000 -1.550000 -0.050000 0 40 255
-3.550000 -1.450000 -0.050000 0 40 255
-3.450000 -1.450000 -0.050000 0 40 255
-3.350000 -1.550000 -0.050000 0 40 255
-3.250000 -1.550000 -0.050000 0 40 255
-3.350000 -1.450000 -0.050000 0 40 255
-3.250000 -1.450000 -0.050000 0 40 255
-3.550000 -1.350000 -0.050000 0 40 255
-3.450000 -1.350000 -0.050000 0 40 255
-3.550000 -1.250000 -0.050000 0 40 255
-3.450000 -1.250000 -0.050000 0 40 255
-3.350000 -1.350000 -0.050000 0 40 255
-3.250000 -1.350000 -0.050000 0 40 255
-3.350000 -1.250000 -0.050000 0 40 255
-3.250000 -1.250000 -0.050000 0 40 255
-3.950000 -1.150000 -0.050000 0 40 255
-3.850000 -1.150000 -0.050000 0 40 255
-3.950000 -1.050000 -0.050000 0 40 255
-3.850000 -1.050000 -0.050000 0 40 255
-3.750000 -1.150000 -0.050000 0 40 255
-3.650000 -1.150000 -0.050000 0 40 255
-3.750000 -1.050000 -0.050000 0 40 255
-3.650000 -1.050000 -0.050000 0 40 255
-3.950000 -0.950000 -0.050000 0 40 255
-3.850000 -0.950000 -0.050000 0 40 255
-3.950000 -0.850000 -0.050000 0 40 255
-3.850000 -0.850000 -0.050000 0 40 255
-3.750000 -0.950000 -0.050000 0 40 255
-3.650000 -0.950000 -0.050000 0 40 255
-3.750000 -0.850000 -0.050000 0 40 255
-3.650000 -0.850000 -0.050000 0 40 255
-3.550000 -1.150000 -0.050000 0 40 255
-3.450000 -1.150000 -0.050000 0 40 255
-3.550000 -1.050000 -0.050000 0 40 255
-3.450000 -1.050000 -0.050000 0 40 255
-3.350000 -1.150000 -0.050000 0 40 255
-3.250000 -1.150000 -0.050000 0 40 255
-3.350000 -1.050000 -0.050000 0 40 255
-3.250000 -1.050000 -0.050000 0 40 255
-3.550000 -0.950000 -0.050000 0 40 255
-3.450000 -0.950000 -0.050000 0 40 255
-3.550000 -0.850000 -0.050000 0 40 255
-3.450000 -0.850000 -0.050000 0 40 255
-3.350000 -0.950000 -0.050000 0 40 255
-3.250000 -0.950000 -0.050000 0 40 255
-3.350000 -0.850000 -0.050000 0 40 255
-3.250000 -0.850000 -0.050000 0 40 255
-4.650000 -0.750000 -0.050000 0 40 255
-4.750000 -0.650000 -0.050000 0 40 255
-4.650000 -0.650000 -0.050000 0 40 255
-4.550000 -0.750000 -0.050000 0 40 255
-4.450000 -0.750000 -0.050000 0 40 255
-4.550000 -0.650000 -0.050000 0 40 255
-4.450000 -0.650000 -0.050000 0 40 255
-4.550000 -0.550000 -0.050000 0 40 255
-4.450000 -0.550000 -0.050000 0 40 255
-4.550000 -0.450000 -0.050000 0 40 255
-4.450000 -0.450000 -0.050000 0 40 255
-4.350000 -0.750000 -0.050000 0 40 255
-4.250000 -0.750000 -0.050000 0 40 255
-4.350000 -0.650000 -0.050000 0 40 255
-4.250000 -0.650000 -0.050000 0 40 255
-4.150000 -0.750000 -0.050000 0 40 255
-4.050000 -0.750000 -0.050000 0 40 255
-4.150000 -0.650000 -0.050000 0 40 255
-4.050000 -0.650000 -0.050000 0 40 255
-4.350000 -0.550000 -0.050000 0 40 255
-4.250000 -0.550000 -0.050000 0 40 255
-4.350000 -0.450000 -0.050000 0 40 255
-4.250000 -0.450000 -0.050000 0 40 255
-4.150000 -0.550000 -0.050000 0 40 255
-4.050000 -0.550000 -0.050000 0 40 255
-4.150000 -0.450000 -0.050000 0 40 255
-4.050000 -0.450000 -0.050000 0 40 255
-4.750000 -0.350000 -0.050000 0 40 255
-4.650000 -0.350000 -0.050000 0 40 255
-4.750000 -0.250000 -0.050000 0 40 255
-4.650000 -0.250000 -0.050000 0 40 255
-4.550000 -0.350000 -0.050000 0 40 255
-4.450000 -0.350000 -0.050000 0 40 255
-4.550000 -0.250000 -0.050000 0 40 255
-4.450000 -0.250000 -0.050000 0 40 255
-4.750000 -0.150000 -0.050000 0 40 255
-4.650000 -0.150000 -0.050000 0 40 255
-4.750000 -0.050000 -0.050000 0 40 255
-4.550000 -0.150000 -0.050000 0 40 255
-4.450000 -0.150000 -0.050000 0 40 255
-4.550000 -0.050000 -0.050000 0 40 255
-4.450000 -0.050000 -0.050000 0 40 255
-4.350000 -0.350000 -0.050000 0 40 255
-4.250000 -0.350000 -0.050000 0 40 255
-4.350000 -0.250000 -0.050000 0 40 255
-4.250000 -0.250000 -0.050000 0 40 255
-4.150000 -0.350000 -0.050000 0 40 255
-4.050000 -0.350000 -0.050000 0 40 255
-4.150000 -0.250000 -0.050000 0 40 255
-4.050000 -0.250000 -0.050000 0 40 255
-4.350000 -0.150000 -0.050000 0 40 255
-4.250000 -0.150000 -0.050000 0 40 255
-4.350000 -0.050000 -0.050000 0 40 255
-4.250000 -0.050000 -0.050000 0 40 255
-4.150000 -0.150000 -0.050000 0 40 255
-4.050000 -0.150000 -0.050000 0 40 255
-4.150000 -0.050000 -0.050000 0 40 255
-4.050000 -0.050000 -0.050000 0 40 255
-3.950000 -0.750000 -0.050000 0 40 255
-3.850000 -0.750000 -0.050000 0 40 255
-3.950000 -0.650000 -0.050000 0 40 255
-3.850000 -0.650000 -0.050000 0 40 255
-3.750000 -0.750000 -0.050000 0 40 255
-3.650000 -0.750000 -0.050000 0 40 255
-3.750000 -0.650000 -0.050000 0 40 255
-3.650000 -0.650000 -0.050000 0 40 255
-3.950000 -0.550000 -0.050000 0 40 255
-3.850000 -0.550000 -0.050000 0 40 255
-3.950000 -0.450000 -0.050000 0 40 255
-3.850000 -0.450000 -0.050000 0 40 255
-3.750000 -0.550000 -0.050000 0 40 255
-3.650000 -0.550000 -0.050000 0 40 255
-3.750000 -0.450000 -0.050000 0 40 255
-3.650000 -0.450000 -0.050000 0 40 255
-3.550000 -0.750000 -0.050000 0 40 255
-3.450000 -0.750000 -0.050000 0 40 255
-3.550000 -0.650000 -0.050000 0 40 255
-3.450000 -0.650000 -0.050000 0 40 255
-3.350000 -0.750000 -0.050000 0 40 255
-3.250000 -0.750000 -0.050000 0 40 255
-3.350000 -0.650000 -0.050000 0 40 255
-3.250000 -0.650000 -0.050000 0 40 255
-3.550000 -0.550000 -0.050000 0 40 255
-3.450000 -0.550000 -0.050000 0 40 255
-3.550000 -0.450000 -0.050000 0 40 255
-3.450000 -0.450000 -0.050000 0 40 255
-3.350000 -0.550000 -0.050000 0 40 255
-3.250000 -0.550000 -0.050000 0 40 255
-3.350000 -0.450000 -0.050000 0 40 255
-3.250000 -0.450000 -0.050000 0 40 255
-3.950000 -0.350000 -0.050000 0 40 255
-3.850000 -0.350000 -0.050000 0 40 255
-3.950000 -0.250000 -0.050000 0 40 255
-3.850000 -0.250000 -0.050000 0 40 255
-3.750000 -0.350000 -0.050000 0 40 255
-3.650000 -0.350000 -0.050000 0 40 255
-3.750000 -0.250000 -0.050000 0 40 255
-3.650000 -0.250000 -0.050000 0 40 255
-3.950000 -0.150000 -0.050000 0 40 255
-3.850000 -0.150000 -0.050000 0 40 255
-3.950000 -0.050000 -0.050000 0 40 255
-3.850000 -0.050000 -0.050000 0 40 255
-3.750000 -0.150000 -0.050000 0 40 255
-3.650000 -0.150000 -0.050000 0 40 255
-3.750000 -0.050000 -0.050000 0 40 255
-3.650000 -0.050000 -0.050000 0 40 255
-3.550000 -0.350000 -0.050000 0 40 255
-3.450000 -0.350000 -0.050000 0 40 255
-3.550000 -0.250000 -0.050000 0 40 255
-3.450000 -0.250000 -0.050000 0 40 255
-3.350000 -0.350000 -0.050000 0 40 255
-3.250000 -0.350000 -0.050000 0 40 255
-3.350000 -0.250000 -0.050000 0 40 255
-3.250000 -0.250000 -0.050000 0 40 255
-3.550000 -0.150000 -0.050000 0 40 255
-3.450000 -0.150000 -0.050000 0 40 255
-3.550000 -0.050000 -0.050000 0 40 255
-3.450000 -0.050000 -0.050000 0 40 255
-3.350000 -0.150000 -0.050000 0 40 255
-3.250000 -0.150000 -0.050000 0 40 255
-3.350000 -0.050000 -0.050000 0 40 255
-3.150000 -3.150000 -0.050000 0 40 255
-3.050000 -3.150000 -0.050000 0 40 255
-3.150000 -3.050000 -0.050000 0 40 255
-3.050000 -3.050000 -0.050000 0 40 255
-2.950000 -3.150000 -0.050000 0 40 255
-2.850000 -3.150000 -0.050000 0 40 255
-2.950000 -3.050000 -0.050000 0 40 255
-2.850000 -3.050000 -0.050000 0 40 255
-3.150000 -2.950000 -0.050000 0 40 255
-3.050000 -2.950000 -0.050000 0 40 255
-3.150000 -2.850000 -0.050000 0 40 255
-3.050000 -2.850000 -0.050000 0 40 255
-2.950000 -2.950000 -0.050000 0 40 255
-2.850000 -2.950000 -0.050000 0 40 255
-2.950000 -2.850000 -0.050000 0 40 255
-2.850000 -2.850000 -0.050000 0 40 255
-2.750000 -3.150000 -0.050000 0 40 255
-2.650000 -3.150000 -0.050000 0 40 255
-2.750000 -3.050000 -0.050000 0 40 255
-2.650000 -3.050000 -0.050000 0 40 255
-2.550000 -3.150000 -0.050000 0 40 255
-2.450000 -3.150000 -0.050000 0 40 255
-2.550000 -3.050000 -0.050000 0 40 255
-2.450000 -3.050000 -0.050000 0 40 255
-2.750000 -2.950000 -0.050000 0 40 255
-2.650000 -2.950000 -0.050000 0 40 255
-2.750000 -2.850000 -0.050000 0 40 255
-2.650000 -2.850000 -0.050000 0 40 255
-2.550000 -2.950000 -0.050000 0 40 255
-2.450000 -2.950000 -0.050000 0 40 255
-2.550000 -2.850000 -0.050000 0 40 255
-2.450000 -2.850000 -0.050000 0 40 255
-3.150000 -2.750000 -0.050000 0 40 255
-3.050000 -2.750000 -0.050000 0 40 255
-3.150000 -2.650000 -0.050000 0 40 255
-3.050000 -2.650000 -0.050000 0 40 255
-2.950000 -2.750000 -0.050000 0 40 255
-2.850000 -2.750000 -0.050000 0 40 255
-2.950000 -2.650000 -0.050000 0 40 255
-2.850000 -2.650000 -0.050000 0 40 255
-3.150000 -2.550000 -0.050000 0 40 255
-3.050000 -2.550000 -0.050000 0 40 255
-3.150000 -2.450000 -0.050000 0 40 255
-3.050000 -2.450000 -0.050000 0 40 255
-2.950000 -2.550000 -0.050000 0 40 255
-2.850000 -2.550000 -0.050000 0 40 255
-2.950000 -2.450000 -0.050000 0 40 255
-2.850000 -2.450000 -0.050000 0 40 255
-2.750000 -2.750000 -0.050000 0 40 255
-2.650000 -2.750000 -0.050000 0 40 255
-2.750000 -2.650000 -0.050000 0 40 255
-2.650000 -2.650000 -0.050000 0 40 255
-2.550000 -2.750000 -0.050000 0 40 255
-2.450000 -2.750000 -0.050000 0 40 255
-2.550000 -2.650000 -0.050000 0 40 255
-2.450000 -2.650000 -0.050000 0 40 255
-2.750000 -2.550000 -0.050000 0 40 255
-2.650000 -2.550000 -0.050000 0 40 255
-2.750000 -2.450000 -0.050000 0 40 255
-2.650000 -2.450000 -0.050000 0 40 255
-2.550000 -2.550000 -0.050000 0 40 255
-2.450000 -2.550000 -0.050000 0 40 255
-2.550000 -2.450000 -0.050000 0 40 255
-2.450000 -2.450000 -0.050000 0 40 255
-2.350000 -3.150000 -0.050000 0 40 255
-2.250000 -3.150000 -0.050000 0 40 255
-2.350000 -3.050000 -0.050000 0 40 255
-2.250000 -3.050000 -0.050000 0 40 255
-2.150000 -3.150000 -0.050000 0 40 255
-2.050000 -3.150000 -0.050000 0 40 255
-2.150000 -3.050000 -0.050000 0 40 255
-2.050000 -3.050000 -0.050000 0 40 255
-2.350000 -2.950000 -0.050000 0 40 255
-2.250000 -2.950000 -0.050000 0 40 255
-2.350000 -2.850000 -0.050000 0 40 255
-2.250000 -2.850000 -0.050000 0 40 255
-2.150000 -2.950000 -0.050000 0 40 255
-2.050000 -2.950000 -0.050000 0 40 255
-2.150000 -2.850000 -0.050000 0 40 255
-2.050000 -2.850000 -0.050000 0 40 255
-1.950000 -3.150000 -0.050000 0 40 255
-1.850000 -3.150000 -0.050000 0 40 255
-1.950000 -3.050000 -0.050000 0 40 255
-1.850000 -3.050000 -0.050000 0 40 255
-1.750000 -3.150000 -0.050000 0 40 255
-1.650000 -3.150000 -0.050000 0 40 255
-1.750000 -3.050000 -0.050000 0 40 255
-1.650000 -3.050000 -0.050000 0 40 255
-1.950000 -2.950000 -0.050000 0 40 255
-1.850000 -2.950000 -0.050000 0 40 255
-1.950000 -2.850000 -0.050000 0 40 255
-1.850000 -2.850000 -0.050000 0 40 255
-1.750000 -2.950000 -0.050000 0 40 255
-1.650000 -2.950000 -0.050000 0 40 255
-1.750000 -2.850000 -0.050000 0 40 255
-1.650000 -2.850000 -0.050000 0 40 255
-2.350000 -2.750000 -0.050000 0 40 255
-2.250000 -2.750000 -0.050000 0 40 255
-2.350000 -2.650000 -0.050000 0 40 255
-2.250000 -2.650000 -0.050000 0 40 255
-2.150000 -2.750000 -0.050000 0 40 255
-2.050000 -2.750000 -0.050000 0 40 255
-2.150000 -2.650000 -0.050000 0 40 255
-2.050000 -2.650000 -0.050000 0 40 255
-2.350000 -2.550000 -0.050000 0 40 255
-2.250000 -2.550000 -0.050000 0 40 255
-2.350000 -2.450000 -0.050000 0 40 255
-2.250000 -2.450000 -0.050000 0 40 255
-2.150000 -2.550000 -0.050000 0 40 255
-2.050000 -2.550000 -0.050000 0 40 255
-2.150000 -2.450000 -0.050000 0 40 255
-2.050000 -2.450000 -0.050000 0 40 255
-1.950000 -2.750000 -0.050000 0 40 255
-1.850000 -2.750000 -0.050000 0 40 255
-1.950000 -2.650000 -0.050000 0 40 255
-1.850000 -2.650000 -0.050000 0 40 255
-1.750000 -2.750000 -0.050000 0 40 255
-1.650000 -2.750000 -0.050000 0 40 255
-1.750000 -2.650000 -0.050000 0 40 255
-1.650000 -2.650000 -0.050000 0 40 255
-1.950000 -2.550000 -0.050000 0 40 255
-1.850000 -2.550000 -0.050000 0 40 255
-1.950000 -2.450000 -0.050000 0 40 255
-1.850000 -2.450000 -0.050000 0 40 255
-1.750000 -2.550000 -0.050000 0 40 255
-1.650000 -2.550000 -0.050000 0 40 255
-1.750000 -2.450000 -0.050000 0 40 255
-1.650000 -2.450000 -0.050000 0 40 255
-3.150000 -2.350000 -0.050000 0 40 255
-3.050000 -2.350000 -0.050000 0 40 255
-3.150000 -2.250000 -0.050000 0 40 255
-3.050000 -2.250000 -0.050000 0 40 255
-2.950000 -2.350000 -0.050000 0 40 255
-2.850000 -2.350000 -0.050000 0 40 255
-2.950000 -2.250000 -0.050000 0 40 255
-2.850000 -2.250000 -0.050000 0 40 255
-3.150000 -2.150000 -0.050000 0 40 255
-3.050000 -2.150000 -0.050000 0 40 255
-3.150000 -2.050000 -0.050000 0 40 255
-3.050000 -2.050000 -0.050000 0 40 255
-2.950000 -2.150000 -0.050000 0 40 255
-2.850000 -2.150000 -0.050000 0 40 255
-2.950000 -2.050000 -0.050000 0 40 255
-2.850000 -2.050000 -0.050000 0 40 255
-2.750000 -2.350000 -0.050000 0 40 255
-2.650000 -2.350000 -0.050000 0 40 255
-2.750000 -2.250000 -0.050000 0 40 255
-2.650000 -2.250000 -0.050000 0 40 255
-2.550000 -2.350000 -0.050000 0 40 255
-2.450000 -2.350000 -0.050000 0 40 255
-2.550000 -2.250000 -0.050000 0 40 255
-2.450000 -2.250000 -0.050000 0 40 255
-2.750000 -2.150000 -0.050000 0 40 255
-2.650000 -2.150000 -0.050000 0 40 255
-2.750000 -2.050000 -0.050000 0 40 255
-2.650000 -2.050000 -0.050000 0 40 255
-2.550000 -2.150000 -0.050000 0 40 255
-2.450000 -2.150000 -0.050000 0 40 255
-2.550000 -2.050000 -0.050000 0 40 255
-2.450000 -2.050000 -0.050000 0 40 255
-3.150000 -1.950000 -0.050000 0 40 255
-3.050000 -1.950000 -0.050000 0 40 255
-3.150000 -1.850000 -0.050000 0 40 255
-3.050000 -1.850000 -0.050000 0 40 255
-2.950000 -1.950000 -0.050000 0 40 255
-2.850000 -1.950000 -0.050000 0 40 255
-2.950000 -1.850000 -0.050000 0 40 255
-2.850000 -1.850000 -0.050000 0 40 255
-3.150000 -1.750000 -0.050000 0 40 255
-3.050000 -1.750000 -0.050000 0 40 255
-3.150000 -1.650000 -0.050000 0 40 255
-3.050000 -1.650000 -0.050000 0 40 255
-2.950000 -1.750000 -0.050000 0 40 255
-2.850000 -1.750000 -0.050000 0 40 255
-2.950000 -1.650000 -0.050000 0 40 255
-2.850000 -1.650000 -0.050000 0 40 255
-2.750000 -1.950000 -0.050000 0 40 255
-2.650000 -1.950000 -0.050000 0 40 255
-2.750000 -1.850000 -0.050000 0 40 255
-2.650000 -1.850000 -0.050000 0 40 255
-2.550000 -1.950000 -0.050000 0 40 255
-2.450000 -1.950000 -0.050000 0 40 255
-2.550000 -1.850000 -0.050000 0 40 255
-2.450000 -1.850000 -0.050000 0 40 255
-2.750000 -1.750000 -0.050000 0 40 255
-2.650000 -1.750000 -0.050000 0 40 255
-2.750000 -1.650000 -0.050000 0 40 255
-2.650000 -1.650000 -0.050000 0 40 255
-2.550000 -1.750000 -0.050000 0 40 255
-2.450000 -1.750000 -0.050000 0 40 255
-2.550000 -1.650000 -0.050000 0 40 255
-2.450000 -1.650000 -0.050000 0 40 255
-2.350000 -2.350000 -0.050000 0 40 255
-2.250000 -2.350000 -0.050000 0 40 255
-2.350000 -2.250000 -0.050000 0 40 255
-2.250000 -2.250000 -0.050000 0 40 255
-2.150000 -2.350000 -0.050000 0 40 255
-2.050000 -2.350000 -0.050000 0 40 255
-2.150000 -2.250000 -0.050000 0 40 255
-2.050000 -2.250000 -0.050000 0 40 255
-2.350000 -2.150000 -0.050000 0 40 255
-2.250000 -2.150000 -0.050000 0 40 255
-2.350000 -2.050000 -0.050000 0 40 255
-2.250000 -2.050000 -0.050000 0 40 255
-2.150000 -2.150000 -0.050000 0 40 255
-2.050000 -2.150000 -0.050000 0 40 255
-2.150000 -2.050000 -0.050000 0 40 255
-2.050000 -2.050000 -0.050000 0 40 255
-1.950000 -2.350000 -0.050000 0 40 255
-1.850000 -2.350000 -0.050000 0 40 255
-1.950000 -2.250000 -0.050000 0 40 255
-1.850000 -2.250000 -0.050000 0 40 255
-1.750000 -2.350000 -0.050000 0 40 255
-1.650000 -2.350000 -0.050000 0 40 255
-1.750000 -2.250000 -0.050000 0 40 255
-1.650000 -2.250000 -0.050000 0 40 255
-1.950000 -2.150000 -0.050000 0 40 255
-1.850000 -2.150000 -0.050000 0 40 255
-1.950000 -2.050000 -0.050000 0 40 255
-1.850000 -2.050000 -0.050000 0 40 255
-1.750000 -2.150000 -0.050000 0 40 255
-1.650000 -2.150000 -0.050000 0 40 255
-1.750000 -2.050000 -0.050000 0 40 255
-1.650000 -2.050000 -0.050000 0 40 255
-2.350000 -1.950000 -0.050000 0 40 255
-2.250000 -1.950000 -0.050000 0 40 255
-2.350000 -1.850000 -0.050000 0 40 255
-2.250000 -1.850000 -0.050000 0 40 255
-2.150000 -1.950000 -0.050000 0 40 255
-2.050000 -1.950000 -0.050000 0 40 255
-2.150000 -1.850000 -0.050000 0 40 255
-2.050000 -1.850000 -0.050000 0 40 255
-2.350000 -1.750000 -0.050000 0 40 255
-2.250000 -1.750000 -0.050000 0 40 255
-2.350000 -1.650000 -0.050000 0 40 255
-2.250000 -1.650000 -0.050000 0 40 255
-2.150000 -1.750000 -0.050000 0 40 255
-2.050000 -1.750000 -0.050000 0 40 255
-2.150000 -1.650000 -0.050000 0 40 255
-2.050000 -1.650000 -0.050000 0 40 255
-1.950000 -1.950000 -0.050000 0 40 255
-1.850000 -1.950000 -0.050000 0 40 255
-1.950000 -1.850000 -0.050000 0 40 255
-1.850000 -1.850000 -0.050000 0 40 255
-1.750000 -1.950000 -0.050000 0 40 255
-1.650000 -1.950000 -0.050000 0 40 255
-1.750000 -1.850000 -0.050000 0 40 255
-1.650000 -1.850000 -0.050000 0 40 255
-1.950000 -1.750000 -0.050000 0 40 255
-1.850000 -1.750000 -0.050000 0 40 255
-1.950000 -1.650000 -0.050000 0 40 255
-1.850000 -1.650000 -0.050000 0 40 255
-1.750000 -1.750000 -0.050000 0 40 255
-1.650000 -1.750000 -0.050000 0 40 255
-1.750000 -1.650000 -0.050000 0 40 255
-1.650000 -1.650000 -0.050000 0 40 255
-1.550000 -3.150000 -0.050000 0 40 255
-1.450000 -3.150000 -0.050000 0 40 255
-1.550000 -3.050000 -0.050000 0 40 255
-1.450000 -3.050000 -0.050000 0 40 255
-1.350000 -3.150000 -0.050000 0 40 255
-1.350000 -3.050000 -0.050000 0 40 255
-1.550000 -2.950000 -0.050000 0 40 255
-1.450000 -2.950000 -0.050000 0 40 255
-1.550000 -2.850000 -0.050000 0 40 255
-1.450000 -2.850000 -0.050000 0 40 255
-1.350000 -2.950000 -0.050000 0 40 255
-1.250000 -2.950000 -0.050000 0 40 255
-1.350000 -2.850000 -0.050000 0 40 255
-1.250000 -2.850000 -0.050000 0 40 255
-1.150000 -2.950000 -0.050000 0 40 255
-1.050000 -2.950000 -0.050000 0 40 255
-1.150000 -2.850000 -0.050000 0 40 255
-1.050000 -2.850000 -0.050000 0 40 255
-0.950000 -2.950000 -0.050000 0 40 255
-0.850000 -2.950000 -0.050000 0 40 255
-0.950000 -2.850000 -0.050000 0 40 255
-1.550000 -2.750000 -0.050000 0 40 255
-1.450000 -2.750000 -0.050000 0 40 255
-1.550000 -2.650000 -0.050000 0 40 255
-1.450000 -2.650000 -0.050000 0 40 255
-1.350000 -2.750000 -0.050000 0 40 255
-1.250000 -2.750000 -0.050000 0 40 255
-1.350000 -2.650000 -0.050000 0 40 255
-1.250000 -2.650000 -0.050000 0 40 255
-1.550000 -2.550000 -0.050000 0 40 255
-1.450000 -2.550000 -0.050000 0 40 255
-1.550000 -2.450000 -0.050000 0 40 255
-1.450000 -2.450000 -0.050000 0 40 255
-1.350000 -2.550000 -0.050000 0 40 255
-1.250000 -2.550000 -0.050000 0 40 255
-1.350000 -2.450000 -0.050000 0 40 255
-1.250000 -2.450000 -0.050000 0 40 255
-1.150000 -2.750000 -0.050000 0 40 255
-1.050000 -2.750000 -0.050000 0 40 255
-1.150000 -2.650000 -0.050000 0 40 255
-1.050000 -2.650000 -0.050000 0 40 255
-0.950000 -2.750000 -0.050000 0 40 255
-0.950000 -2.650000 -0.050000 0 40 255
-0.850000 -2.650000 -0.050000 0 40 255
-1.150000 -2.550000 -0.050000 0 40 255
-1.050000 -2.550000 -0.050000 0 40 255
-1.150000 -2.450000 -0.050000 0 40 255
-1.050000 -2.450000 -0.050000 0 40 255
-0.950000 -2.550000 -0.050000 0 40 255
-0.850000 -2.550000 -0.050000 0 40 255
-0.950000 -2.450000 -0.050000 0 40 255
-0.850000 -2.450000 -0.050000 0 40 255
-0.750000 -2.650000 -0.050000 0 40 255
-0.650000 -2.650000 -0.050000 0 40 255
-0.750000 -2.550000 -0.050000 0 40 255
-0.650000 -2.550000 -0.050000 0 40 255
-0.750000 -2.450000 -0.050000 0 40 255
-0.650000 -2.450000 -0.050000 0 40 255
-0.550000 -2.550000 -0.050000 0 40 255
-0.550000 -2.450000 -0.050000 0 40 255
-0.250000 -2.450000 -0.050000 0 40 255
-0.150000 -2.450000 -0.050000 0 40 255
-0.050000 -2.450000 -0.050000 0 40 255
-1.550000 -2.350000 -0.050000 0 40 255
-1.450000 -2.350000 -0.050000 0 40 255
-1.550000 -2.250000 -0.050000 0 40 255
-1.450000 -2.250000 -0.050000 0 40 255
-1.350000 -2.350000 -0.050000 0 40 255
-1.250000 -2.350000 -0.050000 0 40 255
-1.350000 -2.250000 -0.050000 0 40 255
-1.250000 -2.250000 -0.050000 0 40 255
-1.550000 -2.150000 -0.050000 0 40 255
-1.450000 -2.150000 -0.050000 0 40 255
-1.550000 -2.050000 -0.050000 0 40 255
-1.450000 -2.050000 -0.050000 0 40 255
-1.350000 -2.150000 -0.050000 0 40 255
-1.250000 -2.150000 -0.050000 0 40 255
-1.350000 -2.050000 -0.050000 0 40 255
-1.250000 -2.050000 -0.050000 0 40 255
-1.150000 -2.350000 -0.050000 0 40 255
-1.050000 -2.350000 -0.050000 0 40 255
-1.150000 -2.250000 -0.050000 0 40 255
-1.050000 -2.250000 -0.050000 0 40 255
-0.950000 -2.350000 -0.050000 0 40 255
-0.850000 -2.350000 -0.050000 0 40 255
-0.950000 -2.250000 -0.050000 0 40 255
-0.850000 -2.250000 -0.050000 0 40 255
-1.150000 -2.150000 -0.050000 0 40 255
-1.050000 -2.150000 -0.050000 0 40 255
-1.150000 -2.050000 -0.050000 0 40 255
-1.050000 -2.050000 -0.050000 0 40 255
-0.950000 -2.150000 -0.050000 0 40 255
-0.850000 -2.150000 -0.050000 0 40 255
-0.950000 -2.050000 -0.050000 0 40 255
-0.850000 -2.050000 -0.050000 0 40 255
-1.550000 -1.950000 -0.050000 0 40 255
-1.450000 -1.950000 -0.050000 0 40 255
-1.550000 -1.850000 -0.050000 0 40 255
-1.450000 -1.850000 -0.050000 0 40 255
-1.350000 -1.950000 -0.050000 0 40 255
-1.250000 -1.950000 -0.050000 0 40 255
-1.350000 -1.850000 -0.050000 0 40 255
-1.250000 -1.850000 -0.050000 0 40 255
-1.550000 -1.750000 -0.050000 0 40 255
-1.450000 -1.750000 -0.050000 0 40 255
-1.550000 -1.650000 -0.050000 0 40 255
-1.450000 -1.650000 -0.050000 0 40 255
-1.350000 -1.750000 -0.050000 0 40 255
-1.250000 -1.750000 -0.050000 0 40 255
-1.350000 -1.650000 -0.050000 0 40 255
-1.250000 -1.650000 -0.050000 0 40 255
-1.150000 -1.950000 -0.050000 0 40 255
-1.050000 -1.950000 -0.050000 0 40 255
-1.150000 -1.850000 -0.050000 0 40 255
-1.050000 -1.850000 -0.050000 0 40 255
-0.950000 -1.950000 -0.050000 0 40 255
-0.850000 -1.950000 -0.050000 0 40 255
-0.950000 -1.850000 -0.050000 0 40 255
-0.850000 -1.850000 -0.050000 0 40 255
-1.150000 -1.750000 -0.050000 0 40 255
-1.050000 -1.750000 -0.050000 0 40 255
-1.150000 -1.650000 -0.050000 0 40 255
-1.050000 -1.650000 -0.050000 0 40 255
-0.950000 -1.750000 -0.050000 0 40 255
-0.850000 -1.750000 -0.050000 0 40 255
-0.950000 -1.650000 -0.050000 0 40 255
-0.850000 -1.650000 -0.050000 0 40 255
-0.750000 -2.350000 -0.050000 0 40 255
-0.650000 -2.350000 -0.050000 0 40 255
-0.750000 -2.250000 -0.050000 0 40 255
-0.650000 -2.250000 -0.050000 0 40 255
-0.550000 -2.350000 -0.050000 0 40 255
-0.450000 -2.350000 -0.050000 0 40 255
-0.550000 -2.250000 -0.050000 0 40 255
-0.450000 -2.250000 -0.050000 0 40 255
-0.750000 -2.150000 -0.050000 0 40 255
-0.650000 -2.150000 -0.050000 0 40 255
-0.750000 -2.050000 -0.050000 0 40 255
-0.650000 -2.050000 -0.050000 0 40 255
-0.550000 -2.150000 -0.050000 0 40 255
-0.450000 -2.150000 -0.050000 0 40 255
-0.550000 -2.050000 -0.050000 0 40 255
-0.450000 -2.050000 -0.050000 0 40 255
-0.350000 -2.350000 -0.050000 0 40 255
-0.250000 -2.350000 -0.050000 0 40 255
-0.350000 -2.250000 -0.050000 0 40 255
-0.250000 -2.250000 -0.050000 0 40 255
-0.150000 -2.350000 -0.050000 0 40 255
-0.050000 -2.350000 -0.050000 0 40 255
-0.150000 -2.250000 -0.050000 0 40 255
-0.050000 -2.250000 -0.050000 0 40 255
-0.350000 -2.150000 -0.050000 0 40 255
-0.250000 -2.150000 -0.050000 0 40 255
-0.350000 -2.050000 -0.050000 0 40 255
-0.250000 -2.050000 -0.050000 0 40 255
-0.150000 -2.150000 -0.050000 0 40 255
-0.050000 -2.150000 -0.050000 0 40 255
-0.150000 -2.050000 -0.050000 0 40 255
-0.050000 -2.050000 -0.050000 0 40 255
-0.750000 -1.950000 -0.050000 0 40 255
-0.650000 -1.950000 -0.050000 0 40 255
-0.750000 -1.850000 -0.050000 0 40 255
-0.650000 -1.850000 -0.050000 0 40 255
-0.550000 -1.950000 -0.050000 0 40 255
-0.450000 -1.950000 -0.050000 0 40 255
-0.550000 -1.850000 -0.050000 0 40 255
-0.450000 -1.850000 -0.050000 0 40 255
-0.750000 -1.750000 -0.050000 0 40 255
-0.650000 -1.750000 -0.050000 0 40 255
-0.750000 -1.650000 -0.050000 0 40 255
-0.650000 -1.650000 -0.050000 0 40 255
-0.550000 -1.750000 -0.050000 0 40 255
-0.450000 -1.750000 -0.050000 0 40 255
-0.550000 -1.650000 -0.050000 0 40 255
-0.450000 -1.650000 -0.050000 0 40 255
-0.350000 -1.950000 -0.050000 0 40 255
-0.250000 -1.950000 -0.050000 0 40 255
-0.350000 -1.850000 -0.050000 0 40 255
-0.250000 -1.850000 -0.050000 0 40 255
-0.150000 -1.950000 -0.050000 0 40 255
-0.050000 -1.950000 -0.050000 0 40 255
-0.150000 -1.850000 -0.050000 0 40 255
-0.050000 -1.850000 -0.050000 0 40 255
-0.350000 -1.750000 -0.050000 0 40 255
-0.250000 -1.750000 -0.050000 0 40 255
-0.350000 -1.650000 -0.050000 0 40 255
-0.250000 -1.650000 -0.050000 0 40 255
-0.150000 -1.750000 -0.050000 0 40 255
-0.050000 -1.750000 -0.050000 0 40 255
-0.150000 -1.650000 -0.050000 0 40 255
-0.050000 -1.650000 -0.050000 0 40 255
-3.150000 -1.550000 -0.050000 0 40 255
-3.050000 -1.550000 -0.050000 0 40 255
-3.150000 -1.450000 -0.050000 0 40 255
-3.050000 -1.450000 -0.050000 0 40 255
-2.950000 -1.550000 -0.050000 0 40 255
-2.850000 -1.550000 -0.050000 0 40 255
-2.950000 -1.450000 -0.050000 0 40 255
-2.850000 -1.450000 -0.050000 0 40 255
-3.150000 -1.350000 -0.050000 0 40 255
-3.050000 -1.350000 -0.050000 0 40 255
-3.150000 -1.250000 -0.050000 0 40 255
-3.050000 -1.250000 -0.050000 0 40 255
-2.950000 -1.350000 -0.050000 0 40 255
-2.850000 -1.350000 -0.050000 0 40 255
-2.950000 -1.250000 -0.050000 0 40 255
-2.850000 -1.250000 -0.050000 0 40 255
-2.750000 -1.550000 -0.050000 0 40 255
-2.650000 -1.550000 -0.050000 0 40 255
-2.750000 -1.450000 -0.050000 0 40 255
-2.650000 -1.450000 -0.050000 0 40 255
-2.550000 -1.550000 -0.050000 0 40 255
-2.450000 -1.550000 -0.050000 0 40 255
-2.550000 -1.450000 -0.050000 0 40 255
-2.450000 -1.450000 -0.050000 0 40 255
-2.750000 -1.350000 -0.050000 0 40 255
-2.650000 -1.350000 -0.050000 0 40 255
-2.750000 -1.250000 -0.050000 0 40 255
-2.650000 -1.250000 -0.050000 0 40 255
-2.550000 -1.350000 -0.050000 0 40 255
-2.450000 -1.350000 -0.050000 0 40 255
-2.550000 -1.250000 -0.050000 0 40 255
-2.450000 -1.250000 -0.050000 0 40 255
-3.150000 -1.150000 -0.050000 0 40 255
-3.050000 -1.150000 -0.050000 0 40 255
-3.150000 -1.050000 -0.050000 0 40 255
-3.050000 -1.050000 -0.050000 0 40 255
-2.950000 -1.150000 -0.050000 0 40 255
-2.850000 -1.150000 -0.050000 0 40 255
-2.950000 -1.050000 -0.050000 0 40 255
-2.850000 -1.050000 -0.050000 0 40 255
-3.150000 -0.950000 -0.050000 0 40 255
-3.050000 -0.950000 -0.050000 0 40 255
-3.150000 -0.850000 -0.050000 0 40 255
-3.050000 -0.850000 -0.050000 0 40 255
-2.950000 -0.950000 -0.050000 0 40 255
-2.850000 -0.950000 -0.050000 0 40 255
-2.950000 -0.850000 -0.050000 0 40 255
-2.850000 -0.850000 -0.050000 0 40 255
-2.750000 -1.150000 -0.050000 0 40 255
-2.650000 -1.150000 -0.050000 0 40 255
-2.750000 -1.050000 -0.050000 0 40 255
-2.650000 -1.050000 -0.050000 0 40 255
-2.550000 -1.150000 -0.050000 0 40 255
-2.450000 -1.150000 -0.050000 0 40 255
-2.550000 -1.050000 -0.050000 0 40 255
-2.450000 -1.050000 -0.050000 0 40 255
-2.750000 -0.950000 -0.050000 0 40 255
-2.650000 -0.950000 -0.050000 0 40 255
-2.750000 -0.850000 -0.050000 0 40 255
-2.650000 -0.850000 -0.050000 0 40 255
-2.550000 -0.950000 -0.050000 0 40 255
-2.450000 -0.950000 -0.050000 0 40 255
-2.550000 -0.850000 -0.050000 0 40 255
-2.450000 -0.850000 -0.050000 0 40 255
-2.350000 -1.550000 -0.050000 0 40 255
-2.250000 -1.550000 -0.050000 0 40 255
-2.350000 -1.450000 -0.050000 0 40 255
-2.250000 -1.450000 -0.050000 0 40 255
-2.150000 -1.550000 -0.050000 0 40 255
-2.050000 -1.550000 -0.050000 0 40 255
-2.150000 -1.450000 -0.050000 0 40 255
-2.050000 -1.450000 -0.050000 0 40 255
-2.350000 -1.350000 -0.050000 0 40 255
-2.250000 -1.350000 -0.050000 0 40 255
-2.350000 -1.250000 -0.050000 0 40 255
-2.250000 -1.250000 -0.050000 0 40 255
-2.150000 -1.350000 -0.050000 0 40 255
-2.050000 -1.350000 -0.050000 0 40 255
-2.150000 -1.250000 -0.050000 0 40 255
-2.050000 -1.250000 -0.050000 0 40 255
-1.950000 -1.550000 -0.050000 0 40 255
-1.850000 -1.550000 -0.050000 0 40 255
-1.950000 -1.450000 -0.050000 0 40 255
-1.850000 -1.450000 -0.050000 0 40 255
-1.750000 -1.550000 -0.050000 0 40 255
-1.650000 -1.550000 -0.050000 0 40 255
-1.750000 -1.450000 -0.050000 0 40 255
-1.650000 -1.450000 -0.050000 0 40 255
-1.950000 -1.350000 -0.050000 0 40 255
-1.850000 -1.350000 -0.050000 0 40 255
-1.950000 -1.250000 -0.050000 0 40 255
-1.850000 -1.250000 -0.050000 0 40 255
-1.750000 -1.350000 -0.050000 0 40 255
-1.650000 -1.350000 -0.050000 0 40 255
-1.750000 -1.250000 -0.050000 0 40 255
-1.650000 -1.250000 -0.050000 0 40 255
-2.350000 -1.150000 -0.050000 0 40 255
-2.250000 -1.150000 -0.050000 0 40 255
-2.350000 -1.050000 -0.050000 0 40 255
-2.250000 -1.050000 -0.050000 0 40 255
-2.150000 -1.150000 -0.050000 0 40 255
-2.050000 -1.150000 -0.050000 0 40 255
-2.150000 -1.050000 -0.050000 0 40 255
-2.050000 -1.050000 -0.050000 0 40 255
-2.350000 -0.950000 -0.050000 0 40 255
-2.250000 -0.950000 -0.050000 0 40 255
-2.350000 -0.850000 -0.050000 0 40 255
-2.250000 -0.850000 -0.050000 0 40 255
-2.150000 -0.950000 -0.050000 0 40 255
-2.050000 -0.950000 -0.050000 0 40 255
-2.150000 -0.850000 -0.050000 0 40 255
-2.050000 -0.850000 -0.050000 0 40 255
-1.950000 -1.150000 -0.050000 0 40 255
-1.850000 -1.150000 -0.050000 0 40 255
-1.950000 -1.050000 -0.050000 0 40 255
-1.850000 -1.050000 -0.050000 0 40 255
-1.750000 -1.150000 -0.050000 0 40 255
-1.650000 -1.150000 -0.050000 0 40 255
-1.750000 -1.050000 -0.050000 0 40 255
-1.650000 -1.050000 -0.050000 0 40 255
-1.950000 -0.950000 -0.050000 0 40 255
-1.850000 -0.950000 -0.050000 0 40 255
-1.950000 -0.850000 -0.050000 0 40 255
-1.850000 -0.850000 -0.050000 0 40 255
-1.750000 -0.950000 -0.050000 0 40 255
-1.650000 -0.950000 -0.050000 0 40 255
-1.750000 -0.850000 -0.050000 0 40 255
-1.650000 -0.850000 -0.050000 0 40 255
-3.150000 -0.750000 -0.050000 0 40 255
-3.050000 -0.750000 -0.050000 0 40 255
-3.150000 -0.650000 -0.050000 0 40 255
-3.050000 -0.650000 -0.050000 0 40 255
-2.950000 -0.750000 -0.050000 0 40 255
-2.850000 -0.750000 -0.050000 0 40 255
-2.950000 -0.650000 -0.050000 0 40 255
-2.850000 -0.650000 -0.050000 0 40 255
-3.150000 -0.550000 -0.050000 0 40 255
-3.050000 -0.550000 -0.050000 0 40 255
-3.150000 -0.450000 -0.050000 0 40 255
-3.050000 -0.450000 -0.050000 0 40 255
-2.950000 -0.550000 -0.050000 0 40 255
-2.850000 -0.550000 -0.050000 0 40 255
-2.950000 -0.450000 -0.050000 0 40 255
-2.850000 -0.450000 -0.050000 0 40 255
-2.750000 -0.750000 -0.050000 0 40 255
-2.650000 -0.750000 -0.050000 0 40 255
-2.750000 -0.650000 -0.050000 0 40 255
-2.650000 -0.650000 -0.050000 0 40 255
-2.550000 -0.750000 -0.050000 0 40 255
-2.450000 -0.750000 -0.050000 0 40 255
-2.550000 -0.650000 -0.050000 0 40 255
-2.450000 -0.650000 -0.050000 0 40 255
-2.750000 -0.550000 -0.050000 0 40 255
-2.650000 -0.550000 -0.050000 0 40 255
-2.750000 -0.450000 -0.050000 0 40 255
-2.650000 -0.450000 -0.050000 0 40 255
-2.550000 -0.550000 -0.050000 0 40 255
-2.450000 -0.550000 -0.050000 0 40 255
-2.550000 -0.450000 -0.050000 0 40 255
-2.450000 -0.450000 -0.050000 0 40 255
-3.150000 -0.350000 -0.050000 0 40 255
-3.050000 -0.350000 -0.050000 0 40 255
-3.150000 -0.250000 -0.050000 0 40 255
-2.950000 -0.350000 -0.050000 0 40 255
-2.850000 -0.350000 -0.050000 0 40 255
-2.850000 -0.250000 -0.050000 0 40 255
-2.750000 -0.350000 -0.050000 0 40 255
-2.650000 -0.350000 -0.050000 0 40 255
-2.750000 -0.250000 -0.050000 0 40 255
-2.650000 -0.250000 -0.050000 0 40 255
-2.550000 -0.350000 -0.050000 0 40 255
-2.450000 -0.350000 -0.050000 0 40 255
-2.550000 -0.250000 -0.050000 0 40 255
-2.450000 -0.250000 -0.050000 0 40 255
-2.750000 -0.150000 -0.050000 0 40 255
-2.650000 -0.150000 -0.050000 0 40 255
-2.650000 -0.050000 -0.050000 0 40 255
-2.550000 -0.150000 -0.050000 0 40 255
-2.450000 -0.150000 -0.050000 0 40 255
-2.550000 -0.050000 -0.050000 0 40 255
-2.450000 -0.050000 -0.050000 0 40 255
-2.350000 -0.750000 -0.050000 0 40 255
-2.250000 -0.750000 -0.050000 0 40 255
-2.350000 -0.650000 -0.050000 0 40 255
-2.250000 -0.650000 -0.050000 0 40 255
-2.150000 -0.750000 -0.050000 0 40 255
-2.050000 -0.750000 -0.050000 0 40 255
-2.150000 -0.650000 -0.050000 0 40 255
-2.050000 -0.650000 -0.050000 0 40 255
-2.350000 -0.550000 -0.050000 0 40 255
-2.250000 -0.550000 -0.050000 0 40 255
-2.350000 -0.450000 -0.050000 0 40 255
-2.250000 -0.450000 -0.050000 0 40 255
-2.150000 -0.550000 -0.050000 0 40 255
-2.050000 -0.550000 -0.050000 0 40 255
-2.150000 -0.450000 -0.050000 0 40 255
-2.050000 -0.450000 -0.050000 0 40 255
-1.950000 -0.750000 -0.050000 0 40 255
-1.850000 -0.750000 -0.050000 0 40 255
-1.950000 -0.650000 -0.050000 0 40 255
-1.850000 -0.650000 -0.050000 0 40 255
-1.750000 -0.750000 -0.050000 0 40 255
-1.650000 -0.750000 -0.050000 0 40 255
-1.750000 -0.650000 -0.050000 0 40 255
-1.650000 -0.650000 -0.050000 0 40 255
-1.950000 -0.550000 -0.050000 0 40 255
-1.850000 -0.550000 -0.050000 0 40 255
-1.950000 -0.450000 -0.050000 0 40 255
-1.850000 -0.450000 -0.050000 0 40 255
-1.750000 -0.550000 -0.050000 0 40 255
-1.650000 -0.550000 -0.050000 0 40 255
-1.750000 -0.450000 -0.050000 0 40 255
-1.650000 -0.450000 -0.050000 0 40 255
-2.350000 -0.350000 -0.050000 0 40 255
-2.250000 -0.350000 -0.050000 0 40 255
-2.350000 -0.250000 -0.050000 0 40 255
-2.250000 -0.250000 -0.050000 0 40 255
-2.150000 -0.350000 -0.050000 0 40 255
-2.050000 -0.350000 -0.050000 0 40 255
-2.150000 -0.250000 -0.050000 0 40 255
-2.050000 -0.250000 -0.050000 0 40 255
-2.350000 -0.150000 -0.050000 0 40 255
-2.250000 -0.150000 -0.050000 0 40 255
-2.350000 -0.050000 -0.050000 0 40 255
-2.250000 -0.050000 -0.050000 0 40 255
-2.150000 -0.150000 -0.050000 0 40 255
-2.050000 -0.150000 -0.050000 0 40 255
-2.150000 -0.050000 -0.050000 0 40 255
-2.050000 -0.050000 -0.050000 0 40 255
-1.950000 -0.350000 -0.050000 0 40 255
-1.850000 -0.350000 -0.050000 0 40 255
-1.950000 -0.250000 -0.050000 0 40 255
-1.850000 -0.250000 -0.050000 0 40 255
-1.750000 -0.350000 -0.050000 0 40 255
-1.650000 -0.350000 -0.050000 0 40 255
-1.750000 -0.250000 -0.050000 0 40 255
-1.650000 -0.250000 -0.050000 0 40 255
-1.950000 -0.150000 -0.050000 0 40 255
-1.850000 -0.150000 -0.050000 0 40 255
-1.950000 -0.050000 -0.050000 0 40 255
-1.850000 -0.050000 -0.050000 0 40 255
-1.750000 -0.150000 -0.050000 0 40 255
-1.650000 -0.150000 -0.050000 0 40 255
-1.750000 -0.050000 -0.050000 0 40 255
-1.650000 -0.050000 -0.050000 0 40 255
-1.550000 -1.550000 -0.050000 0 40 255
-1.450000 -1.550000 -0.050000 0 40 255
-1.550000 -1.450000 -0.050000 0 40 255
-1.450000 -1.450000 -0.050000 0 40 255
-1.350000 -1.550000 -0.050000 0 40 255
-1.250000 -1.550000 -0.050000 0 40 255
-1.350000 -1.450000 -0.050000 0 40 255
-1.250000 -1.450000 -0.050000 0 40 255
-1.550000 -1.350000 -0.050000 0 40 255
-1.450000 -1.350000 -0.050000 0 40 255
-1.550000 -1.250000 -0.050000 0 40 255
-1.450000 -1.250000 -0.050000 0 40 255
-1.350000 -1.350000 -0.050000 0 40 255
-1.250000 -1.350000 -0.050000 0 40 255
-1.350000 -1.250000 -0.050000 0 40 255
-1.250000 -1.250000 -0.050000 0 40 255
-1.150000 -1.550000 -0.050000 0 40 255
-1.050000 -1.550000 -0.050000 0 40 255
-1.150000 -1.450000 -0.050000 0 40 255
-1.050000 -1.450000 -0.050000 0 40 255
-0.950000 -1.550000 -0.050000 0 40 255
-0.850000 -1.550000 -0.050000 0 40 255
-0.950000 -1.450000 -0.050000 0 40 255
-0.850000 -1.450000 -0.050000 0 40 255
-1.150000 -1.350000 -0.050000 0 40 255
-1.050000 -1.350000 -0.050000 0 40 255
-1.150000 -1.250000 -0.050000 0 40 255
-1.050000 -1.250000 -0.050000 0 40 255
-0.950000 -1.350000 -0.050000 0 40 255
-0.850000 -1.350000 -0.050000 0 40 255
-0.950000 -1.250000 -0.050000 0 40 255
-0.850000 -1.250000 -0.050000 0 40 255
-1.550000 -1.150000 -0.050000 0 40 255
-1.450000 -1.150000 -0.050000 0 40 255
-1.550000 -1.050000 -0.050000 0 40 255
-1.450000 -1.050000 -0.050000 0 40 255
-1.350000 -1.150000 -0.050000 0 40 255
-1.250000 -1.150000 -0.050000 0 40 255
-1.350000 -1.050000 -0.050000 0 40 255
-1.250000 -1.050000 -0.050000 0 40 255
-1.550000 -0.950000 -0.050000 0 40 255
-1.450000 -0.950000 -0.050000 0 40 255
-1.550000 -0.850000 -0.050000 0 40 255
-1.450000 -0.850000 -0.050000 0 40 255
-1.350000 -0.950000 -0.050000 0 40 255
-1.250000 -0.950000 -0.050000 0 40 255
-1.350000 -0.850000 -0.050000 0 40 255
-1.250000 -0.850000 -0.050000 0 40 255
-1.150000 -1.150000 -0.050000 0 40 255
-1.050000 -1.150000 -0.050000 0 40 255
-1.150000 -1.050000 -0.050000 0 40 255
-1.050000 -1.050000 -0.050000 0 40 255
-0.950000 -1.150000 -0.050000 0 40 255
-0.850000 -1.150000 -0.050000 0 40 255
-0.950000 -1.050000 -0.050000 0 40 255
-0.850000 -1.050000 -0.050000 0 40 255
-1.150000 -0.950000 -0.050000 0 40 255
-1.050000 -0.950000 -0.050000 0 40 255
-1.150000 -0.850000 -0.050000 0 40 255
-1.050000 -0.850000 -0.050000 0 40 255
-0.950000 -0.950000 -0.050000 0 40 255
-0.850000 -0.950000 -0.050000 0 40 255
-0.950000 -0.850000 -0.050000 0 40 255
-0.850000 -0.850000 -0.050000 0 40 255
-0.750000 -1.550000 -0.050000 0 40 255
-0.650000 -1.550000 -0.050000 0 40 255
-0.750000 -1.450000 -0.050000 0 40 255
-0.650000 -1.450000 -0.050000 0 40 255
-0.550000 -1.550000 -0.050000 0 40 255
-0.450000 -1.550000 -0.050000 0 40 255
-0.550000 -1.450000 -0.050000 0 40 255
-0.450000 -1.450000 -0.050000 0 40 255
-0.750000 -1.350000 -0.050000 0 40 255
-0.650000 -1.350000 -0.050000 0 40 255
-0.750000 -1.250000 -0.050000 0 40 255
-0.650000 -1.250000 -0.050000 0 40 255
-0.550000 -1.350000 -0.050000 0 40 255
-0.450000 -1.350000 -0.050000 0 40 255
-0.550000 -1.250000 -0.050000 0 40 255
-0.450000 -1.250000 -0.050000 0 40 255
-0.350000 -1.550000 -0.050000 0 40 255
-0.250000 -1.550000 -0.050000 0 40 255
-0.350000 -1.450000 -0.050000 0 40 255
-0.250000 -1.450000 -0.050000 0 40 255
-0.150000 -1.550000 -0.050000 0 40 255
-0.050000 -1.550000 -0.050000 0 40 255
-0.150000 -1.450000 -0.050000 0 40 255
-0.050000 -1.450000 -0.050000 0 40 255
-0.350000 -1.350000 -0.050000 0 40 255
-0.250000 -1.350000 -0.050000 0 40 255
-0.350000 -1.250000 -0.050000 0 40 255
-0.250000 -1.250000 -0.050000 0 40 255
-0.150000 -1.350000 -0.050000 0 40 255
-0.050000 -1.350000 -0.050000 0 40 255
-0.150000 -1.250000 -0.050000 0 40 255
-0.050000 -1.250000 -0.050000 0 40 255
-0.750000 -1.150000 -0.050000 0 40 255
-0.650000 -1.150000 -0.050000 0 40 255
-0.750000 -1.050000 -0.050000 0 40 255
-0.650000 -1.050000 -0.050000 0 40 255
-0.550000 -1.150000 -0.050000 0 40 255
-0.450000 -1.150000 -0.050000 0 40 255
-0.550000 -1.050000 -0.050000 0 40 255
-0.450000 -1.050000 -0.050000 0 40 255
-0.750000 -0.950000 -0.050000 0 40 255
-0.650000 -0.950000 -0.050000 0 40 255
-0.750000 -0.850000 -0.050000 0 40 255
-0.650000 -0.850000 -0.050000 0 40 255
-0.550000 -0.950000 -0.050000 0 40 255
-0.450000 -0.950000 -0.050000 0 40 255
-0.550000 -0.850000 -0.050000 0 40 255
-0.450000 -0.850000 -0.050000 0 40 255
-0.350000 -1.150000 -0.050000 0 40 255
-0.250000 -1.150000 -0.050000 0 40 255
-0.350000 -1.050000 -0.050000 0 40 255
-0.250000 -1.050000 -0.050000 0 40 255
-0.150000 -1.150000 -0.050000 0 40 255
-0.050000 -1.150000 -0.050000 0 40 255
-0.150000 -1.050000 -0.050000 0 40 255
-0.050000 -1.050000 -0.050000 0 40 255
-0.350000 -0.950000 -0.050000 0 40 255
-0.250000 -0.950000 -0.050000 0 40 255
-0.350000 -0.850000 -0.050000 0 40 255
-0.250000 -0.850000 -0.050000 0 40 255
-0.150000 -0.950000 -0.050000 0 40 255
-0.050000 -0.950000 -0.050000 0 40 255
-0.150000 -0.850000 -0.050000 0 40 255
-0.050000 -0.850000 -0.050000 0 40 255
-1.550000 -0.750000 -0.050000 0 40 255
-1.450000 -0.750000 -0.050000 0 40 255
-1.550000 -0.650000 -0.050000 0 40 255
-1.450000 -0.650000 -0.050000 0 40 255
-1.350000 -0.750000 -0.050000 0 40 255
-1.250000 -0.750000 -0.050000 0 40 255
-1.350000 -0.650000 -0.050000 0 40 255
-1.250000 -0.650000 -0.050000 0 40 255
-1.550000 -0.550000 -0.050000 0 40 255
-1.450000 -0.550000 -0.050000 0 40 255
-1.550000 -0.450000 -0.050000 0 40 255
-1.450000 -0.450000 -0.050000 0 40 255
-1.350000 -0.550000 -0.050000 0 40 255
-1.250000 -0.550000 -0.050000 0 40 255
-1.350000 -0.450000 -0.050000 0 40 255
-1.250000 -0.450000 -0.050000 0 40 255
-1.150000 -0.750000 -0.050000 0 40 255
-1.050000 -0.750000 -0.050000 0 40 255
-1.150000 -0.650000 -0.050000 0 40 255
-1.050000 -0.650000 -0.050000 0 40 255
-0.950000 -0.750000 -0.050000 0 40 255
-0.850000 -0.750000 -0.050000 0 40 255
-0.950000 -0.650000 -0.050000 0 40 255
-0.850000 -0.650000 -0.050000 0 40 255
-1.150000 -0.550000 -0.050000 0 40 255
-1.050000 -0.550000 -0.050000 0 40 255
-1.150000 -0.450000 -0.050000 0 40 255
-1.050000 -0.450000 -0.050000 0 40 255
-0.950000 -0.550000 -0.050000 0 40 255
-0.850000 -0.550000 -0.050000 0 40 255
-0.950000 -0.450000 -0.050000 0 40 255
-0.850000 -0.450000 -0.050000 0 40 255
-1.550000 -0.350000 -0.050000 0 40 255
-1.450000 -0.350000 -0.050000 0 40 255
-1.550000 -0.250000 -0.050000 0 40 255
-1.450000 -0.250000 -0.050000 0 40 255
-1.350000 -0.350000 -0.050000 0 40 255
-1.250000 -0.350000 -0.050000 0 40 255
-1.350000 -0.250000 -0.050000 0 40 255
-1.250000 -0.250000 -0.050000 0 40 255
-1.550000 -0.150000 -0.050000 0 40 255
-1.450000 -0.150000 -0.050000 0 40 255
-1.550000 -0.050000 -0.050000 0 40 255
-1.450000 -0.050000 -0.050000 0 40 255
-1.350000 -0.150000 -0.050000 0 40 255
-1.250000 -0.150000 -0.050000 0 40 255
-1.350000 -0.050000 -0.050000 0 40 255
-1.250000 -0.050000 -0.050000 0 40 255
-1.150000 -0.350000 -0.050000 0 40 255
-1.050000 -0.350000 -0.050000 0 40 255
-1.150000 -0.250000 -0.050000 0 40 255
-1.050000 -0.250000 -0.050000 0 40 255
-0.950000 -0.350000 -0.050000 0 40 255
-0.850000 -0.350000 -0.050000 0 40 255
-0.950000 -0.250000 -0.050000 0 40 255
-0.850000 -0.250000 -0.050000 0 40 255
-1.150000 -0.150000 -0.050000 0 40 255
-1.050000 -0.150000 -0.050000 0 40 255
-1.150000 -0.050000 -0.050000 0 40 255
-1.050000 -0.050000 -0.050000 0 40 255
-0.950000 -0.150000 -0.050000 0 40 255
-0.850000 -0.150000 -0.050000 0 40 255
-0.950000 -0.050000 -0.050000 0 40 255
-0.850000 -0.050000 -0.050000 0 40 255
-0.750000 -0.750000 -0.050000 0 40 255
-0.650000 -0.750000 -0.050000 0 40 255
-0.750000 -0.650000 -0.050000 0 40 255
-0.650000 -0.650000 -0.050000 0 40 255
-0.550000 -0.750000 -0.050000 0 40 255
-0.450000 -0.750000 -0.050000 0 40 255
-0.550000 -0.650000 -0.050000 0 40 255
-0.450000 -0.650000 -0.050000 0 40 255
-0.750000 -0.550000 -0.050000 0 40 255
-0.650000 -0.550000 -0.050000 0 40 255
-0.750000 -0.450000 -0.050000 0 40 255
-0.650000 -0.450000 -0.050000 0 40 255
-0.550000 -0.550000 -0.050000 0 40 255
-0.450000 -0.550000 -0.050000 0 40 255
-0.550000 -0.450000 -0.050000 0 40 255
-0.450000 -0.450000 -0.050000 0 40 255
-0.350000 -0.750000 -0.050000 0 40 255
-0.250000 -0.750000 -0.050000 0 40 255
-0.150000 -0.750000 -0.050000 0 40 255
-0.050000 -0.750000 -0.050000 0 40 255
-0.350000 -0.550000 -0.050000 0 40 255
-0.350000 -0.450000 -0.050000 0 40 255
-0.750000 -0.350000 -0.050000 0 40 255
-0.650000 -0.350000 -0.050000 0 40 255
-0.750000 -0.250000 -0.050000 0 40 255
-0.650000 -0.250000 -0.050000 0 40 255
-0.550000 -0.350000 -0.050000 0 40 255
-0.450000 -0.350000 -0.050000 0 40 255
-0.550000 -0.250000 -0.050000 0 40 255
-0.450000 -0.250000 -0.050000 0 40 255
-0.750000 -0.150000 -0.050000 0 40 255
-0.650000 -0.150000 -0.050000 0 40 255
-0.750000 -0.050000 -0.050000 0 40 255
-0.650000 -0.050000 -0.050000 0 40 255
-0.550000 -0.150000 -0.050000 0 40 255
-0.450000 -0.150000 -0.050000 0 40 255
-0.550000 -0.050000 -0.050000 0 40 255
-0.450000 -0.050000 -0.050000 0 40 255
0.850000 -3.250000 -0.050000 0 40 255
0.950000 -3.250000 -0.050000 0 40 255
1.050000 -3.250000 -0.050000 0 40 255
1.150000 -3.250000 -0.050000 0 40 255
1.350000 -3.450000 -0.050000 0 40 255
1.550000 -3.450000 -0.050000 0 40 255
1.250000 -3.350000 -0.050000 0 40 255
1.250000 -3.250000 -0.050000 0 40 255
1.350000 -3.250000 -0.050000 0 40 255
1.450000 -3.350000 -0.050000 0 40 255
1.550000 -3.350000 -0.050000 0 40 255
1.450000 -3.250000 -0.050000 0 40 255
1.550000 -3.250000 -0.050000 0 40 255
1.750000 -3.950000 -0.050000 0 40 255
1.750000 -3.850000 -0.050000 0 40 255
1.850000 -3.950000 -0.050000 0 40 255
1.950000 -3.950000 -0.050000 0 40 255
1.850000 -3.850000 -0.050000 0 40 255
1.950000 -3.850000 -0.050000 0 40 255
1.750000 -3.750000 -0.050000 0 40 255
1.750000 -3.650000 -0.050000 0 40 255
1.850000 -3.750000 -0.050000 0 40 255
1.950000 -3.750000 -0.050000 0 40 255
1.850000 -3.650000 -0.050000 0 40 255
1.950000 -3.650000 -0.050000 0 40 255
2.050000 -3.950000 -0.050000 0 40 255
2.150000 -3.950000 -0.050000 0 40 255
2.050000 -3.850000 -0.050000 0 40 255
2.150000 -3.850000 -0.050000 0 40 255
2.250000 -3.950000 -0.050000 0 40 255
2.350000 -3.950000 -0.050000 0 40 255
2.250000 -3.850000 -0.050000 0 40 255
2.350000 -3.850000 -0.050000 0 40 255
2.050000 -3.750000 -0.050000 0 40 255
2.150000 -3.750000 -0.050000 0 40 255
2.050000 -3.650000 -0.050000 0 40 255
2.150000 -3.650000 -0.050000 0 40 255
2.250000 -3.750000 -0.050000 0 40 255
2.350000 -3.750000 -0.050000 0 40 255
2.250000 -3.650000 -0.050000 0 40 255
2.350000 -3.650000 -0.050000 0 40 255
1.750000 -3.550000 -0.050000 0 40 255
1.650000 -3.450000 -0.050000 0 40 255
1.750000 -3.450000 -0.050000 0 40 255
1.850000 -3.550000 -0.050000 0 40 255
1.950000 -3.550000 -0.050000 0 40 255
1.850000 -3.450000 -0.050000 0 40 255
1.950000 -3.450000 -0.050000 0 40 255
1.650000 -3.350000 -0.050000 0 40 255
1.750000 -3.350000 -0.050000 0 40 255
1.650000 -3.250000 -0.050000 0 40 255
1.750000 -3.250000 -0.050000 0 40 255
1.850000 -3.350000 -0.050000 0 40 255
1.950000 -3.350000 -0.050000 0 40 255
1.850000 -3.250000 -0.050000 0 40 255
1.950000 -3.250000 -0.050000 0 40 255
2.050000 -3.550000 -0.050000 0 40 255
2.150000 -3.550000 -0.050000 0 40 255
2.050000 -3.450000 -0.050000 0 40 255
2.150000 -3.450000 -0.050000 0 40 255
2.250000 -3.550000 -0.050000 0 40 255
2.350000 -3.550000 -0.050000 0 40 255
2.250000 -3.450000 -0.050000 0 40 255
2.350000 -3.450000 -0.050000 0 40 255
2.050000 -3.350000 -0.050000 0 40 255
2.150000 -3.350000 -0.050000 0 40 255
2.050000 -3.250000 -0.050000 0 40 255
2.150000 -3.250000 -0.050000 0 40 255
2.250000 -3.350000 -0.050000 0 40 255
2.350000 -3.350000 -0.050000 0 40 255
2.250000 -3.250000 -0.050000 0 40 255
2.350000 -3.250000 -0.050000 0 40 255
2.450000 -3.950000 -0.050000 0 40 255
2.550000 -3.950000 -0.050000 0 40 255
2.450000 -3.850000 -0.050000 0 40 255
2.550000 -3.850000 -0.050000 0 40 255
2.650000 -3.950000 -0.050000 0 40 255
2.750000 -3.950000 -0.050000 0 40 255
2.650000 -3.850000 -0.050000 0 40 255
2.750000 -3.850000 -0.050000 0 40 255
2.450000 -3.750000 -0.050000 0 40 255
2.550000 -3.750000 -0.050000 0 40 255
2.450000 -3.650000 -0.050000 0 40 255
2.550000 -3.650000 -0.050000 0 40 255
2.650000 -3.750000 -0.050000 0 40 255
2.750000 -3.750000 -0.050000 0 40 255
2.650000 -3.650000 -0.050000 0 40 255
2.750000 -3.650000 -0.050000 0 40 255
2.850000 -3.950000 -0.050000 0 40 255
2.950000 -3.950000 -0.050000 0 40 255
2.850000 -3.850000 -0.050000 0 40 255
2.950000 -3.850000 -0.050000 0 40 255
3.050000 -3.950000 -0.050000 0 40 255
3.150000 -3.950000 -0.050000 0 40 255
3.050000 -3.850000 -0.050000 0 40 255
3.150000 -3.850000 -0.050000 0 40 255
2.850000 -3.750000 -0.050000 0 40 255
2.950000 -3.750000 -0.050000 0 40 255
2.850000 -3.650000 -0.050000 0 40 255
2.950000 -3.650000 -0.050000 0 40 255
3.050000 -3.750000 -0.050000 0 40 255
3.150000 -3.750000 -0.050000 0 40 255
3.050000 -3.650000 -0.050000 0 40 255
3.150000 -3.650000 -0.050000 0 40 255
2.450000 -3.550000 -0.050000 0 40 255
2.550000 -3.550000 -0.050000 0 40 255
2.450000 -3.450000 -0.050000 0 40 255
2.550000 -3.450000 -0.050000 0 40 255
2.650000 -3.550000 -0.050000 0 40 255
2.750000 -3.550000 -0.050000 0 40 255
2.650000 -3.450000 -0.050000 0 40 255
2.750000 -3.450000 -0.050000 0 40 255
2.450000 -3.350000 -0.050000 0 40 255
2.550000 -3.350000 -0.050000 0 40 255
2.450000 -3.250000 -0.050000 0 40 255
2.550000 -3.250000 -0.050000 0 40 255
2.650000 -3.350000 -0.050000 0 40 255
2.750000 -3.350000 -0.050000 0 40 255
2.650000 -3.250000 -0.050000 0 40 255
2.750000 -3.250000 -0.050000 0 40 255
2.850000 -3.550000 -0.050000 0 40 255
2.950000 -3.550000 -0.050000 0 40 255
2.850000 -3.450000 -0.050000 0 40 255
2.950000 -3.450000 -0.050000 0 40 255
3.050000 -3.550000 -0.050000 0 40 255
3.150000 -3.550000 -0.050000 0 40 255
3.050000 -3.450000 -0.050000 0 40 255
3.150000 -3.450000 -0.050000 0 40 255
2.850000 -3.350000 -0.050000 0 40 255
2.950000 -3.350000 -0.050000 0 40 255
2.850000 -3.250000 -0.050000 0 40 255
2.950000 -3.250000 -0.050000 0 40 255
3.050000 -3.350000 -0.050000 0 40 255
3.150000 -3.350000 -0.050000 0 40 255
3.050000 -3.250000 -0.050000 0 40 255
3.150000 -3.250000 -0.050000 0 40 255
3.250000 -3.950000 -0.050000 0 40 255
3.350000 -3.950000 -0.050000 0 40 255
3.250000 -3.850000 -0.050000 0 40 255
3.350000 -3.850000 -0.050000 0 40 255
3.450000 -3.950000 -0.050000 0 40 255
3.550000 -3.950000 -0.050000 0 40 255
3.450000 -3.850000 -0.050000 0 40 255
3.550000 -3.850000 -0.050000 0 40 255
3.250000 -3.750000 -0.050000 0 40 255
3.350000 -3.750000 -0.050000 0 40 255
3.250000 -3.650000 -0.050000 0 40 255
3.350000 -3.650000 -0.050000 0 40 255
3.450000 -3.750000 -0.050000 0 40 255
3.550000 -3.750000 -0.050000 0 40 255
3.450000 -3.650000 -0.050000 0 40 255
3.550000 -3.650000 -0.050000 0 40 255
3.650000 -3.950000 -0.050000 0 40 255
3.750000 -3.950000 -0.050000 0 40 255
3.650000 -3.850000 -0.050000 0 40 255
3.750000 -3.850000 -0.050000 0 40 255
3.850000 -3.950000 -0.050000 0 40 255
3.950000 -3.950000 -0.050000 0 40 255
3.850000 -3.850000 -0.050000 0 40 255
3.950000 -3.850000 -0.050000 0 40 255
3.650000 -3.750000 -0.050000 0 40 255
3.750000 -3.750000 -0.050000 0 40 255
3.650000 -3.650000 -0.050000 0 40 255
3.750000 -3.650000 -0.050000 0 40 255
3.850000 -3.750000 -0.050000 0 40 255
3.950000 -3.750000 -0.050000 0 40 255
3.850000 -3.650000 -0.050000 0 40 255
3.950000 -3.650000 -0.050000 0 40 255
3.250000 -3.550000 -0.050000 0 40 255
3.350000 -3.550000 -0.050000 0 40 255
3.250000 -3.450000 -0.050000 0 40 255
3.350000 -3.450000 -0.050000 0 40 255
3.450000 -3.550000 -0.050000 0 40 255
3.550000 -3.550000 -0.050000 0 40 255
3.450000 -3.450000 -0.050000 0 40 255
3.550000 -3.450000 -0.050000 0 40 255
3.250000 -3.350000 -0.050000 0 40 255
3.350000 -3.350000 -0.050000 0 40 255
3.250000 -3.250000 -0.050000 0 40 255
3.350000 -3.250000 -0.050000 0 40 255
3.450000 -3.350000 -0.050000 0 40 255
3.550000 -3.350000 -0.050000 0 40 255
3.450000 -3.250000 -0.050000 0 40 255
3.550000 -3.250000 -0.050000 0 40 255
3.650000 -3.550000 -0.050000 0 40 255
3.750000 -3.550000 -0.050000 0 40 255
3.650000 -3.450000 -0.050000 0 40 255
3.750000 -3.450000 -0.050000 0 40 255
3.850000 -3.550000 -0.050000 0 40 255
3.950000 -3.550000 -0.050000 0 40 255
3.850000 -3.450000 -0.050000 0 40 255
3.950000 -3.450000 -0.050000 0 40 255
3.650000 -3.350000 -0.050000 0 40 255
3.750000 -3.350000 -0.050000 0 40 255
3.650000 -3.250000 -0.050000 0 40 255
3.750000 -3.250000 -0.050000 0 40 255
3.850000 -3.350000 -0.050000 0 40 255
3.950000 -3.350000 -0.050000 0 40 255
3.850000 -3.250000 -0.050000 0 40 255
3.950000 -3.250000 -0.050000 0 40 255
4.050000 -3.950000 -0.050000 0 40 255
4.150000 -3.950000 -0.050000 0 40 255
4.050000 -3.850000 -0.050000 0 40 255
4.150000 -3.850000 -0.050000 0 40 255
4.250000 -3.950000 -0.050000 0 40 255
4.350000 -3.950000 -0.050000 0 40 255
4.250000 -3.850000 -0.050000 0 40 255
4.350000 -3.850000 -0.050000 0 40 255
4.050000 -3.750000 -0.050000 0 40 255
4.150000 -3.750000 -0.050000 0 40 255
4.050000 -3.650000 -0.050000 0 40 255
4.150000 -3.650000 -0.050000 0 40 255
4.250000 -3.750000 -0.050000 0 40 255
4.350000 -3.750000 -0.050000 0 40 255
4.250000 -3.650000 -0.050000 0 40 255
4.350000 -3.650000 -0.050000 0 40 255
4.450000 -3.950000 -0.050000 0 40 255
4.550000 -3.950000 -0.050000 0 40 255
4.450000 -3.850000 -0.050000 0 40 255
4.550000 -3.850000 -0.050000 0 40 255
4.650000 -3.950000 -0.050000 0 40 255
4.750000 -3.950000 -0.050000 0 40 255
4.650000 -3.850000 -0.050000 0 40 255
4.750000 -3.850000 -0.050000 0 40 255
4.450000 -3.750000 -0.050000 0 40 255
4.550000 -3.750000 -0.050000 0 40 255
4.450000 -3.650000 -0.050000 0 40 255
4.550000 -3.650000 -0.050000 0 40 255
4.650000 -3.750000 -0.050000 0 40 255
4.750000 -3.750000 -0.050000 0 40 255
4.650000 -3.650000 -0.050000 0 40 255
4.750000 -3.650000 -0.050000 0 40 255
4.050000 -3.550000 -0.050000 0 40 255
4.150000 -3.550000 -0.050000 0 40 255
4.050000 -3.450000 -0.050000 0 40 255
4.150000 -3.450000 -0.050000 0 40 255
4.250000 -3.550000 -0.050000 0 40 255
4.350000 -3.550000 -0.050000 0 40 255
4.250000 -3.450000 -0.050000 0 40 255
4.350000 -3.450000 -0.050000 0 40 255
4.050000 -3.350000 -0.050000 0 40 255
4.150000 -3.350000 -0.050000 0 40 255
4.050000 -3.250000 -0.050000 0 40 255
4.150000 -3.250000 -0.050000 0 40 255
4.250000 -3.350000 -0.050000 0 40 255
4.350000 -3.350000 -0.050000 0 40 255
4.250000 -3.250000 -0.050000 0 40 255
4.350000 -3.250000 -0.050000 0 40 255
4.450000 -3.550000 -0.050000 0 40 255
4.550000 -3.550000 -0.050000 0 40 255
4.450000 -3.450000 -0.050000 0 40 255
4.550000 -3.450000 -0.050000 0 40 255
4.650000 -3.550000 -0.050000 0 40 255
4.750000 -3.550000 -0.050000 0 40 255
4.650000 -3.450000 -0.050000 0 40 255
4.750000 -3.450000 -0.050000 0 40 255
4.450000 -3.350000 -0.050000 0 40 255
4.550000 -3.350000 -0.050000 0 40 255
4.450000 -3.250000 -0.050000 0 40 255
4.550000 -3.250000 -0.050000 0 40 255
4.650000 -3.350000 -0.050000 0 40 255
4.750000 -3.350000 -0.050000 0 40 255
4.650000 -3.250000 -0.050000 0 40 255
4.750000 -3.250000 -0.050000 0 40 255
4.850000 -3.950000 -0.050000 0 40 255
4.950000 -3.950000 -0.050000 0 40 255
4.850000 -3.850000 -0.050000 0 40 255
4.950000 -3.850000 -0.050000 0 40 255
5.050000 -3.850000 -0.050000 0 40 255
4.850000 -3.750000 -0.050000 0 40 255
4.950000 -3.750000 -0.050000 0 40 255
4.850000 -3.650000 -0.050000 0 40 255
4.950000 -3.650000 -0.050000 0 40 255
5.050000 -3.750000 -0.050000 0 40 255
5.150000 -3.750000 -0.050000 0 40 255
5.050000 -3.650000 -0.050000 0 40 255
4.850000 -3.550000 -0.050000 0 40 255
4.950000 -3.550000 -0.050000 0 40 255
4.850000 -3.450000 -0.050000 0 40 255
4.950000 -3.450000 -0.050000 0 40 255
5.050000 -3.550000 -0.050000 0 40 255
5.050000 -3.450000 -0.050000 0 40 255
4.850000 -3.350000 -0.050000 0 40 255
4.950000 -3.350000 -0.050000 0 40 255
4.850000 -3.250000 -0.050000 0 40 255
4.950000 -3.250000 -0.050000 0 40 255
5.050000 -3.350000 -0.050000 0 40 255
0.350000 -3.050000 -0.050000 0 40 255
0.150000 -2.950000 -0.050000 0 40 255
0.050000 -2.850000 -0.050000 0 40 255
0.150000 -2.850000 -0.050000 0 40 255
0.250000 -2.950000 -0.050000 0 40 255
0.350000 -2.950000 -0.050000 0 40 255
0.250000 -2.850000 -0.050000 0 40 255
0.350000 -2.850000 -0.050000 0 40 255
0.450000 -3.050000 -0.050000 0 40 255
0.550000 -3.050000 -0.050000 0 40 255
0.650000 -3.150000 -0.050000 0 40 255
0.750000 -3.150000 -0.050000 0 40 255
0.650000 -3.050000 -0.050000 0 40 255
0.750000 -3.050000 -0.050000 0 40 255
0.450000 -2.950000 -0.050000 0 40 255
0.550000 -2.950000 -0.050000 0 40 255
0.450000 -2.850000 -0.050000 0 40 255
0.550000 -2.850000 -0.050000 0 40 255
0.650000 -2.950000 -0.050000 0 40 255
0.750000 -2.950000 -0.050000 0 40 255
0.650000 -2.850000 -0.050000 0 40 255
0.750000 -2.850000 -0.050000 0 40 255
0.050000 -2.750000 -0.050000 0 40 255
0.150000 -2.750000 -0.050000 0 40 255
0.050000 -2.650000 -0.050000 0 40 255
0.150000 -2.650000 -0.050000 0 40 255
0.250000 -2.750000 -0.050000 0 40 255
0.350000 -2.750000 -0.050000 0 40 255
0.250000 -2.650000 -0.050000 0 40 255
0.350000 -2.650000 -0.050000 0 40 255
0.050000 -2.550000 -0.050000 0 40 255
0.150000 -2.550000 -0.050000 0 40 255
0.050000 -2.450000 -0.050000 0 40 255
0.150000 -2.450000 -0.050000 0 40 255
0.250000 -2.550000 -0.050000 0 40 255
0.350000 -2.550000 -0.050000 0 40 255
0.250000 -2.450000 -0.050000 0 40 255
0.350000 -2.450000 -0.050000 0 40 255
0.450000 -2.750000 -0.050000 0 40 255
0.550000 -2.750000 -0.050000 0 40 255
0.450000 -2.650000 -0.050000 0 40 255
0.550000 -2.650000 -0.050000 0 40 255
0.650000 -2.750000 -0.050000 0 40 255
0.750000 -2.750000 -0.050000 0 40 255
0.650000 -2.650000 -0.050000 0 40 255
0.750000 -2.650000 -0.050000 0 40 255
0.450000 -2.550000 -0.050000 0 40 255
0.550000 -2.550000 -0.050000 0 40 255
0.450000 -2.450000 -0.050000 0 40 255
0.550000 -2.450000 -0.050000 0 40 255
0.650000 -2.550000 -0.050000 0 40 255
0.750000 -2.550000 -0.050000 0 40 255
0.650000 -2.450000 -0.050000 0 40 255
0.750000 -2.450000 -0.050000 0 40 255
0.850000 -3.150000 -0.050000 0 40 255
0.950000 -3.150000 -0.050000 0 40 255
0.850000 -3.050000 -0.050000 0 40 255
0.950000 -3.050000 -0.050000 0 40 255
1.050000 -3.150000 -0.050000 0 40 255
1.150000 -3.150000 -0.050000 0 40 255
1.050000 -3.050000 -0.050000 0 40 255
1.150000 -3.050000 -0.050000 0 40 255
0.850000 -2.950000 -0.050000 0 40 255
0.950000 -2.950000 -0.050000 0 40 255
0.850000 -2.850000 -0.050000 0 40 255
0.950000 -2.850000 -0.050000 0 40 255
1.050000 -2.950000 -0.050000 0 40 255
1.150000 -2.950000 -0.050000 0 40 255
1.050000 -2.850000 -0.050000 0 40 255
1.150000 -2.850000 -0.050000 0 40 255
1.250000 -3.150000 -0.050000 0 40 255
1.350000 -3.150000 -0.050000 0 40 255
1.250000 -3.050000 -0.050000 0 40 255
1.350000 -3.050000 -0.050000 0 40 255
1.450000 -3.150000 -0.050000 0 40 255
1.550000 -3.150000 -0.050000 0 40 255
1.450000 -3.050000 -0.050000 0 40 255
1.550000 -3.050000 -0.050000 0 40 255
1.250000 -2.950000 -0.050000 0 40 255
1.350000 -2.950000 -0.050000 0 40 255
1.250000 -2.850000 -0.050000 0 40 255
1.350000 -2.850000 -0.050000 0 40 255
1.450000 -2.950000 -0.050000 0 40 255
1.550000 -2.950000 -0.050000 0 40 255
1.450000 -2.850000 -0.050000 0 40 255
1.550000 -2.850000 -0.050000 0 40 255
0.850000 -2.750000 -0.050000 0 40 255
0.950000 -2.750000 -0.050000 0 40 255
0.850000 -2.650000 -0.050000 0 40 255
0.950000 -2.650000 -0.050000 0 40 255
1.050000 -2.750000 -0.050000 0 40 255
1.150000 -2.750000 -0.050000 0 40 255
1.050000 -2.650000 -0.050000 0 40 255
1.150000 -2.650000 -0.050000 0 40 255
0.850000 -2.550000 -0.050000 0 40 255
0.950000 -2.550000 -0.050000 0 40 255
0.850000 -2.450000 -0.050000 0 40 255
0.950000 -2.450000 -0.050000 0 40 255
1.050000 -2.550000 -0.050000 0 40 255
1.150000 -2.550000 -0.050000 0 40 255
1.050000 -2.450000 -0.050000 0 40 255
1.150000 -2.450000 -0.050000 0 40 255
1.250000 -2.750000 -0.050000 0 40 255
1.350000 -2.750000 -0.050000 0 40 255
1.250000 -2.650000 -0.050000 0 40 255
1.350000 -2.650000 -0.050000 0 40 255
1.450000 -2.750000 -0.050000 0 40 255
1.550000 -2.750000 -0.050000 0 40 255
1.450000 -2.650000 -0.050000 0 40 255
1.550000 -2.650000 -0.050000 0 40 255
1.250000 -2.550000 -0.050000 0 40 255
1.350000 -2.550000 -0.050000 0 40 255
1.250000 -2.450000 -0.050000 0 40 255
1.350000 -2.450000 -0.050000 0 40 255
1.450000 -2.550000 -0.050000 0 40 255
1.550000 -2.550000 -0.050000 0 40 255
1.450000 -2.450000 -0.050000 0 40 255
1.550000 -2.450000 -0.050000 0 40 255
0.050000 -2.350000 -0.050000 0 40 255
0.150000 -2.350000 -0.050000 0 40 255
0.050000 -2.250000 -0.050000 0 40 255
0.150000 -2.250000 -0.050000 0 40 255
0.250000 -2.350000 -0.050000 0 40 255
0.350000 -2.350000 -0.050000 0 40 255
0.250000 -2.250000 -0.050000 0 40 255
0.350000 -2.250000 -0.050000 0 40 255
0.050000 -2.150000 -0.050000 0 40 255
0.150000 -2.150000 -0.050000 0 40 255
0.050000 -2.050000 -0.050000 0 40 255
0.150000 -2.050000 -0.050000 0 40 255
0.250000 -2.150000 -0.050000 0 40 255
0.350000 -2.150000 -0.050000 0 40 255
0.250000 -2.050000 -0.050000 0 40 255
0.350000 -2.050000 -0.050000 0 40 255
0.450000 -2.350000 -0.050000 0 40 255
0.550000 -2.350000 -0.050000 0 40 255
0.450000 -2.250000 -0.050000 0 40 255
0.550000 -2.250000 -0.050000 0 40 255
0.650000 -2.350000 -0.050000 0 40 255
0.750000 -2.350000 -0.050000 0 40 255
0.650000 -2.250000 -0.050000 0 40 255
0.750000 -2.250000 -0.050000 0 40 255
0.450000 -2.150000 -0.050000 0 40 255
0.550000 -2.150000 -0.050000 0 40 255
0.450000 -2.050000 -0.050000 0 40 255
0.550000 -2.050000 -0.050000 0 40 255
0.650000 -2.150000 -0.050000 0 40 255
0.750000 -2.150000 -0.050000 0 40 255
0.650000 -2.050000 -0.050000 0 40 255
0.750000 -2.050000 -0.050000 0 40 255
0.050000 -1.950000 -0.050000 0 40 255
0.150000 -1.950000 -0.050000 0 40 255
0.050000 -1.850000 -0.050000 0 40 255
0.150000 -1.850000 -0.050000 0 40 255
0.250000 -1.950000 -0.050000 0 40 255
0.350000 -1.950000 -0.050000 0 40 255
0.250000 -1.850000 -0.050000 0 40 255
0.350000 -1.850000 -0.050000 0 40 255
0.050000 -1.750000 -0.050000 0 40 255
0.150000 -1.750000 -0.050000 0 40 255
0.050000 -1.650000 -0.050000 0 40 255
0.150000 -1.650000 -0.050000 0 40 255
0.250000 -1.750000 -0.050000 0 40 255
0.350000 -1.750000 -0.050000 0 40 255
0.250000 -1.650000 -0.050000 0 40 255
0.350000 -1.650000 -0.050000 0 40 255
0.450000 -1.950000 -0.050000 0 40 255
0.550000 -1.950000 -0.050000 0 40 255
0.450000 -1.850000 -0.050000 0 40 255
0.550000 -1.850000 -0.050000 0 40 255
0.650000 -1.950000 -0.050000 0 40 255
0.750000 -1.950000 -0.050000 0 40 255
0.650000 -1.850000 -0.050000 0 40 255
0.750000 -1.850000 -0.050000 0 40 255
0.450000 -1.750000 -0.050000 0 40 255
0.550000 -1.750000 -0.050000 0 40 255
0.450000 -1.650000 -0.050000 0 40 255
0.550000 -1.650000 -0.050000 0 40 255
0.650000 -1.750000 -0.050000 0 40 255
0.750000 -1.750000 -0.050000 0 40 255
0.650000 -1.650000 -0.050000 0 40 255
0.750000 -1.650000 -0.050000 0 40 255
0.850000 -2.350000 -0.050000 0 40 255
0.950000 -2.350000 -0.050000 0 40 255
0.850000 -2.250000 -0.050000 0 40 255
0.950000 -2.250000 -0.050000 0 40 255
1.050000 -2.350000 -0.050000 0 40 255
1.150000 -2.350000 -0.050000 0 40 255
1.050000 -2.250000 -0.050000 0 40 255
1.150000 -2.250000 -0.050000 0 40 255
0.850000 -2.150000 -0.050000 0 40 255
0.950000 -2.150000 -0.050000 0 40 255
0.850000 -2.050000 -0.050000 0 40 255
0.950000 -2.050000 -0.050000 0 40 255
1.050000 -2.150000 -0.050000 0 40 255
1.150000 -2.150000 -0.050000 0 40 255
1.050000 -2.050000 -0.050000 0 40 255
1.150000 -2.050000 -0.050000 0 40 255
1.250000 -2.350000 -0.050000 0 40 255
1.350000 -2.350000 -0.050000 0 40 255
1.250000 -2.250000 -0.050000 0 40 255
1.350000 -2.250000 -0.050000 0 40 255
1.450000 -2.350000 -0.050000 0 40 255
1.550000 -2.350000 -0.050000 0 40 255
1.450000 -2.250000 -0.050000 0 40 255
1.550000 -2.250000 -0.050000 0 40 255
1.250000 -2.150000 -0.050000 0 40 255
1.350000 -2.150000 -0.050000 0 40 255
1.250000 -2.050000 -0.050000 0 40 255
1.350000 -2.050000 -0.050000 0 40 255
1.450000 -2.150000 -0.050000 0 40 255
1.550000 -2.150000 -0.050000 0 40 255
1.450000 -2.050000 -0.050000 0 40 255
1.550000 -2.050000 -0.050000 0 40 255
0.850000 -1.950000 -0.050000 0 40 255
0.950000 -1.950000 -0.050000 0 40 255
0.850000 -1.850000 -0.050000 0 40 255
0.950000 -1.850000 -0.050000 0 40 255
1.050000 -1.950000 -0.050000 0 40 255
1.150000 -1.950000 -0.050000 0 40 255
1.050000 -1.850000 -0.050000 0 40 255
1.150000 -1.850000 -0.050000 0 40 255
0.850000 -1.750000 -0.050000 0 40 255
0.950000 -1.750000 -0.050000 0 40 255
0.850000 -1.650000 -0.050000 0 40 255
0.950000 -1.650000 -0.050000 0 40 255
1.050000 -1.750000 -0.050000 0 40 255
1.150000 -1.750000 -0.050000 0 40 255
1.050000 -1.650000 -0.050000 0 40 255
1.150000 -1.650000 -0.050000 0 40 255
1.250000 -1.950000 -0.050000 0 40 255
1.350000 -1.950000 -0.050000 0 40 255
1.250000 -1.850000 -0.050000 0 40 255
1.350000 -1.850000 -0.050000 0 40 255
1.450000 -1.950000 -0.050000 0 40 255
1.550000 -1.950000 -0.050000 0 40 255
1.450000 -1.850000 -0.050000 0 40 255
1.550000 -1.850000 -0.050000 0 40 255
1.250000 -1.750000 -0.050000 0 40 255
1.350000 -1.750000 -0.050000 0 40 255
1.250000 -1.650000 -0.050000 0 40 255
1.350000 -1.650000 -0.050000 0 40 255
1.450000 -1.750000 -0.050000 0 40 255
1.550000 -1.750000 -0.050000 0 40 255
1.450000 -1.650000 -0.050000 0 40 255
1.550000 -1.650000 -0.050000 0 40 255
1.650000 -3.150000 -0.050000 0 40 255
1.750000 -3.150000 -0.050000 0 40 255
1.650000 -3.050000 -0.050000 0 40 255
1.750000 -3.050000 -0.050000 0 40 255
1.850000 -3.150000 -0.050000 0 40 255
1.950000 -3.150000 -0.050000 0 40 255
1.850000 -3.050000 -0.050000 0 40 255
1.950000 -3.050000 -0.050000 0 40 255
1.650000 -2.950000 -0.050000 0 40 255
1.750000 -2.950000 -0.050000 0 40 255
1.650000 -2.850000 -0.050000 0 40 255
1.750000 -2.850000 -0.050000 0 40 255
1.850000 -2.950000 -0.050000 0 40 255
1.950000 -2.950000 -0.050000 0 40 255
1.850000 -2.850000 -0.050000 0 40 255
1.950000 -2.850000 -0.050000 0 40 255
2.050000 -3.150000 -0.050000 0 40 255
2.150000 -3.150000 -0.050000 0 40 255
2.050000 -3.050000 -0.050000 0 40 255
2.150000 -3.050000 -0.050000 0 40 255
2.250000 -3.150000 -0.050000 0 40 255
2.350000 -3.150000 -0.050000 0 40 255
2.250000 -3.050000 -0.050000 0 40 255
2.350000 -3.050000 -0.050000 0 40 255
2.050000 -2.950000 -0.050000 0 40 255
2.150000 -2.950000 -0.050000 0 40 255
2.050000 -2.850000 -0.050000 0 40 255
2.150000 -2.850000 -0.050000 0 40 255
2.250000 -2.950000 -0.050000 0 40 255
2.350000 -2.950000 -0.050000 0 40 255
2.250000 -2.850000 -0.050000 0 40 255
2.350000 -2.850000 -0.050000 0 40 255
1.650000 -2.750000 -0.050000 0 40 255
1.750000 -2.750000 -0.050000 0 40 255
1.650000 -2.650000 -0.050000 0 40 255
1.750000 -2.650000 -0.050000 0 40 255
1.850000 -2.750000 -0.050000 0 40 255
1.950000 -2.750000 -0.050000 0 40 255
1.850000 -2.650000 -0.050000 0 40 255
1.950000 -2.650000 -0.050000 0 40 255
1.650000 -2.550000 -0.050000 0 40 255
1.750000 -2.550000 -0.050000 0 40 255
1.650000 -2.450000 -0.050000 0 40 255
1.750000 -2.450000 -0.050000 0 40 255
1.850000 -2.550000 -0.050000 0 40 255
1.950000 -2.550000 -0.050000 0 40 255
1.850000 -2.450000 -0.050000 0 40 255
1.950000 -2.450000 -0.050000 0 40 255
2.050000 -2.750000 -0.050000 0 40 255
2.150000 -2.750000 -0.050000 0 40 255
2.050000 -2.650000 -0.050000 0 40 255
2.150000 -2.650000 -0.050000 0 40 255
2.250000 -2.750000 -0.050000 0 40 255
2.350000 -2.750000 -0.050000 0 40 255
2.250000 -2.650000 -0.050000 0 40 255
2.350000 -2.650000 -0.050000 0 40 255
2.050000 -2.550000 -0.050000 0 40 255
2.150000 -2.550000 -0.050000 0 40 255
2.050000 -2.450000 -0.050000 0 40 255
2.150000 -2.450000 -0.050000 0 40 255
2.250000 -2.550000 -0.050000 0 40 255
2.350000 -2.550000 -0.050000 0 40 255
2.250000 -2.450000 -0.050000 0 40 255
2.350000 -2.450000 -0.050000 0 40 255
2.450000 -3.150000 -0.050000 0 40 255
2.550000 -3.150000 -0.050000 0 40 255
2.450000 -3.050000 -0.050000 0 40 255
2.550000 -3.050000 -0.050000 0 40 255
2.650000 -3.150000 -0.050000 0 40 255
2.750000 -3.150000 -0.050000 0 40 255
2.650000 -3.050000 -0.050000 0 40 255
2.750000 -3.050000 -0.050000 0 40 255
2.450000 -2.950000 -0.050000 0 40 255
2.550000 -2.950000 -0.050000 0 40 255
2.450000 -2.850000 -0.050000 0 40 255
2.550000 -2.850000 -0.050000 0 40 255
2.650000 -2.950000 -0.050000 0 40 255
2.750000 -2.950000 -0.050000 0 40 255
2.650000 -2.850000 -0.050000 0 40 255
2.750000 -2.850000 -0.050000 0 40 255
2.850000 -3.150000 -0.050000 0 40 255
2.950000 -3.150000 -0.050000 0 40 255
2.850000 -3.050000 -0.050000 0 40 255
2.950000 -3.050000 -0.050000 0 40 255
3.050000 -3.150000 -0.050000 0 40 255
3.150000 -3.150000 -0.050000 0 40 255
3.050000 -3.050000 -0.050000 0 40 255
3.150000 -3.050000 -0.050000 0 40 255
2.850000 -2.950000 -0.050000 0 40 255
2.950000 -2.950000 -0.050000 0 40 255
2.850000 -2.850000 -0.050000 0 40 255
2.950000 -2.850000 -0.050000 0 40 255
3.050000 -2.950000 -0.050000 0 40 255
3.150000 -2.950000 -0.050000 0 40 255
3.050000 -2.850000 -0.050000 0 40 255
3.150000 -2.850000 -0.050000 0 40 255
2.450000 -2.750000 -0.050000 0 40 255
2.550000 -2.750000 -0.050000 0 40 255
2.450000 -2.650000 -0.050000 0 40 255
2.550000 -2.650000 -0.050000 0 40 255
2.650000 -2.750000 -0.050000 0 40 255
2.750000 -2.750000 -0.050000 0 40 255
2.650000 -2.650000 -0.050000 0 40 255
2.750000 -2.650000 -0.050000 0 40 255
2.450000 -2.550000 -0.050000 0 40 255
2.550000 -2.550000 -0.050000 0 40 255
2.450000 -2.450000 -0.050000 0 40 255
2.550000 -2.450000 -0.050000 0 40 255
2.650000 -2.550000 -0.050000 0 40 255
2.750000 -2.550000 -0.050000 0 40 255
2.650000 -2.450000 -0.050000 0 40 255
2.750000 -2.450000 -0.050000 0 40 255
2.850000 -2.750000 -0.050000 0 40 255
2.950000 -2.750000 -0.050000 0 40 255
2.850000 -2.650000 -0.050000 0 40 255
2.950000 -2.650000 -0.050000 0 40 255
3.050000 -2.750000 -0.050000 0 40 255
3.150000 -2.750000 -0.050000 0 40 255
3.050000 -2.650000 -0.050000 0 40 255
3.150000 -2.650000 -0.050000 0 40 255
2.850000 -2.550000 -0.050000 0 40 255
2.950000 -2.550000 -0.050000 0 40 255
2.850000 -2.450000 -0.050000 0 40 255
2.950000 -2.450000 -0.050000 0 40 255
3.050000 -2.550000 -0.050000 0 40 255
3.150000 -2.550000 -0.050000 0 40 255
3.050000 -2.450000 -0.050000 0 40 255
3.150000 -2.450000 -0.050000 0 40 255
1.650000 -2.350000 -0.050000 0 40 255
1.750000 -2.350000 -0.050000 0 40 255
1.650000 -2.250000 -0.050000 0 40 255
1.750000 -2.250000 -0.050000 0 40 255
1.850000 -2.350000 -0.050000 0 40 255
1.950000 -2.350000 -0.050000 0 40 255
1.850000 -2.250000 -0.050000 0 40 255
1.950000 -2.250000 -0.050000 0 40 255
1.650000 -2.150000 -0.050000 0 40 255
1.750000 -2.150000 -0.050000 0 40 255
1.650000 -2.050000 -0.050000 0 40 255
1.750000 -2.050000 -0.050000 0 40 255
1.850000 -2.150000 -0.050000 0 40 255
1.950000 -2.150000 -0.050000 0 40 255
1.850000 -2.050000 -0.050000 0 40 255
1.950000 -2.050000 -0.050000 0 40 255
2.050000 -2.350000 -0.050000 0 40 255
2.150000 -2.350000 -0.050000 0 40 255
2.050000 -2.250000 -0.050000 0 40 255
2.150000 -2.250000 -0.050000 0 40 255
2.250000 -2.350000 -0.050000 0 40 255
2.350000 -2.350000 -0.050000 0 40 255
2.250000 -2.250000 -0.050000 0 40 255
2.350000 -2.250000 -0.050000 0 40 255
2.050000 -2.150000 -0.050000 0 40 255
2.150000 -2.150000 -0.050000 0 40 255
2.050000 -2.050000 -0.050000 0 40 255
2.150000 -2.050000 -0.050000 0 40 255
2.250000 -2.150000 -0.050000 0 40 255
2.350000 -2.150000 -0.050000 0 40 255
2.250000 -2.050000 -0.050000 0 40 255
2.350000 -2.050000 -0.050000 0 40 255
1.650000 -1.950000 -0.050000 0 40 255
1.750000 -1.950000 -0.050000 0 40 255
1.650000 -1.850000 -0.050000 0 40 255
1.750000 -1.850000 -0.050000 0 40 255
1.850000 -1.950000 -0.050000 0 40 255
1.950000 -1.950000 -0.050000 0 40 255
1.850000 -1.850000 -0.050000 0 40 255
1.950000 -1.850000 -0.050000 0 40 255
1.650000 -1.750000 -0.050000 0 40 255
1.750000 -1.750000 -0.050000 0 40 255
1.650000 -1.650000 -0.050000 0 40 255
1.750000 -1.650000 -0.050000 0 40 255
1.850000 -1.750000 -0.050000 0 40 255
1.950000 -1.750000 -0.050000 0 40 255
1.850000 -1.650000 -0.050000 0 40 255
1.950000 -1.650000 -0.050000 0 40 255
2.050000 -1.950000 -0.050000 0 40 255
2.150000 -1.950000 -0.050000 0 40 255
2.050000 -1.850000 -0.050000 0 40 255
2.150000 -1.850000 -0.050000 0 40 255
2.250000 -1.950000 -0.050000 0 40 255
2.350000 -1.950000 -0.050000 0 40 255
2.250000 -1.850000 -0.050000 0 40 255
2.350000 -1.850000 -0.050000 0 40 255
2.050000 -1.750000 -0.050000 0 40 255
2.150000 -1.750000 -0.050000 0 40 255
2.050000 -1.650000 -0.050000 0 40 255
2.150000 -1.650000 -0.050000 0 40 255
2.250000 -1.750000 -0.050000 0 40 255
2.350000 -1.750000 -0.050000 0 40 255
2.250000 -1.650000 -0.050000 0 40 255
2.350000 -1.650000 -0.050000 0 40 255
2.450000 -2.350000 -0.050000 0 40 255
2.550000 -2.350000 -0.050000 0 40 255
2.450000 -2.250000 -0.050000 0 40 255
2.550000 -2.250000 -0.050000 0 40 255
2.650000 -2.350000 -0.050000 0 40 255
2.750000 -2.350000 -0.050000 0 40 255
2.650000 -2.250000 -0.050000 0 40 255
2.750000 -2.250000 -0.050000 0 40 255
2.450000 -2.150000 -0.050000 0 40 255
2.550000 -2.150000 -0.050000 0 40 255
2.450000 -2.050000 -0.050000 0 40 255
2.550000 -2.050000 -0.050000 0 40 255
2.650000 -2.150000 -0.050000 0 40 255
2.750000 -2.150000 -0.050000 0 40 255
2.650000 -2.050000 -0.050000 0 40 255
2.750000 -2.050000 -0.050000 0 40 255
2.850000 -2.350000 -0.050000 0 40 255
2.950000 -2.350000 -0.050000 0 40 255
2.850000 -2.250000 -0.050000 0 40 255
2.950000 -2.250000 -0.050000 0 40 255
3.050000 -2.350000 -0.050000 0 40 255
3.150000 -2.350000 -0.050000 0 40 255
3.050000 -2.250000 -0.050000 0 40 255
3.150000 -2.250000 -0.050000 0 40 255
2.850000 -2.150000 -0.050000 0 40 255
2.950000 -2.150000 -0.050000 0 40 255
2.850000 -2.050000 -0.050000 0 40 255
2.950000 -2.050000 -0.050000 0 40 255
3.050000 -2.150000 -0.050000 0 40 255
3.150000 -2.150000 -0.050000 0 40 255
3.050000 -2.050000 -0.050000 0 40 255
3.150000 -2.050000 -0.050000 0 40 255
2.450000 -1.950000 -0.050000 0 40 255
2.550000 -1.950000 -0.050000 0 40 255
2.450000 -1.850000 -0.050000 0 40 255
2.550000 -1.850000 -0.050000 0 40 255
2.650000 -1.950000 -0.050000 0 40 255
2.750000 -1.950000 -0.050000 0 40 255
2.650000 -1.850000 -0.050000 0 40 255
2.750000 -1.850000 -0.050000 0 40 255
2.450000 -1.750000 -0.050000 0 40 255
2.550000 -1.750000 -0.050000 0 40 255
2.450000 -1.650000 -0.050000 0 40 255
2.550000 -1.650000 -0.050000 0 40 255
2.650000 -1.750000 -0.050000 0 40 255
2.750000 -1.750000 -0.050000 0 40 255
2.650000 -1.650000 -0.050000 0 40 255
2.750000 -1.650000 -0.050000 0 40 255
2.850000 -1.950000 -0.050000 0 40 255
2.950000 -1.950000 -0.050000 0 40 255
2.850000 -1.850000 -0.050000 0 40 255
2.950000 -1.850000 -0.050000 0 40 255
3.050000 -1.950000 -0.050000 0 40 255
3.150000 -1.950000 -0.050000 0 40 255
3.050000 -1.850000 -0.050000 0 40 255
3.150000 -1.850000 -0.050000 0 40 255
2.850000 -1.750000 -0.050000 0 40 255
2.950000 -1.750000 -0.050000 0 40 255
2.850000 -1.650000 -0.050000 0 40 255
2.950000 -1.650000 -0.050000 0 40 255
3.050000 -1.750000 -0.050000 0 40 255
3.150000 -1.750000 -0.050000 0 40 255
3.050000 -1.650000 -0.050000 0 40 255
3.150000 -1.650000 -0.050000 0 40 255
0.050000 -1.550000 -0.050000 0 40 255
0.150000 -1.550000 -0.050000 0 40 255
0.050000 -1.450000 -0.050000 0 40 255
0.150000 -1.450000 -0.050000 0 40 255
0.250000 -1.550000 -0.050000 0 40 255
0.350000 -1.550000 -0.050000 0 40 255
0.250000 -1.450000 -0.050000 0 40 255
0.350000 -1.450000 -0.050000 0 40 255
0.050000 -1.350000 -0.050000 0 40 255
0.150000 -1.350000 -0.050000 0 40 255
0.050000 -1.250000 -0.050000 0 40 255
0.150000 -1.250000 -0.050000 0 40 255
0.250000 -1.350000 -0.050000 0 40 255
0.350000 -1.350000 -0.050000 0 40 255
0.250000 -1.250000 -0.050000 0 40 255
0.350000 -1.250000 -0.050000 0 40 255
0.450000 -1.550000 -0.050000 0 40 255
0.550000 -1.550000 -0.050000 0 40 255
0.450000 -1.450000 -0.050000 0 40 255
0.550000 -1.450000 -0.050000 0 40 255
0.650000 -1.550000 -0.050000 0 40 255
0.750000 -1.550000 -0.050000 0 40 255
0.650000 -1.450000 -0.050000 0 40 255
0.750000 -1.450000 -0.050000 0 40 255
0.450000 -1.350000 -0.050000 0 40 255
0.550000 -1.350000 -0.050000 0 40 255
0.450000 -1.250000 -0.050000 0 40 255
0.550000 -1.250000 -0.050000 0 40 255
0.650000 -1.350000 -0.050000 0 40 255
0.750000 -1.350000 -0.050000 0 40 255
0.650000 -1.250000 -0.050000 0 40 255
0.750000 -1.250000 -0.050000 0 40 255
0.050000 -1.150000 -0.050000 0 40 255
0.150000 -1.150000 -0.050000 0 40 255
0.050000 -1.050000 -0.050000 0 40 255
0.150000 -1.050000 -0.050000 0 40 255
0.250000 -1.150000 -0.050000 0 40 255
0.350000 -1.150000 -0.050000 0 40 255
0.250000 -1.050000 -0.050000 0 40 255
0.350000 -1.050000 -0.050000 0 40 255
0.050000 -0.950000 -0.050000 0 40 255
0.150000 -0.950000 -0.050000 0 40 255
0.050000 -0.850000 -0.050000 0 40 255
0.150000 -0.850000 -0.050000 0 40 255
0.250000 -0.950000 -0.050000 0 40 255
0.350000 -0.950000 -0.050000 0 40 255
0.250000 -0.850000 -0.050000 0 40 255
0.350000 -0.850000 -0.050000 0 40 255
0.450000 -1.150000 -0.050000 0 40 255
0.550000 -1.150000 -0.050000 0 40 255
0.450000 -1.050000 -0.050000 0 40 255
0.550000 -1.050000 -0.050000 0 40 255
0.650000 -1.150000 -0.050000 0 40 255
0.750000 -1.150000 -0.050000 0 40 255
0.650000 -1.050000 -0.050000 0 40 255
0.750000 -1.050000 -0.050000 0 40 255
0.450000 -0.950000 -0.050000 0 40 255
0.550000 -0.950000 -0.050000 0 40 255
0.450000 -0.850000 -0.050000 0 40 255
0.550000 -0.850000 -0.050000 0 40 255
0.650000 -0.950000 -0.050000 0 40 255
0.750000 -0.950000 -0.050000 0 40 255
0.650000 -0.850000 -0.050000 0 40 255
0.750000 -0.850000 -0.050000 0 40 255
0.850000 -1.550000 -0.050000 0 40 255
0.950000 -1.550000 -0.050000 0 40 255
0.850000 -1.450000 -0.050000 0 40 255
0.950000 -1.450000 -0.050000 0 40 255
1.050000 -1.550000 -0.050000 0 40 255
1.150000 -1.550000 -0.050000 0 40 255
1.050000 -1.450000 -0.050000 0 40 255
1.150000 -1.450000 -0.050000 0 40 255
0.850000 -1.350000 -0.050000 0 40 255
0.950000 -1.350000 -0.050000 0 40 255
0.850000 -1.250000 -0.050000 0 40 255
0.950000 -1.250000 -0.050000 0 40 255
1.050000 -1.350000 -0.050000 0 40 255
1.150000 -1.350000 -0.050000 0 40 255
1.050000 -1.250000 -0.050000 0 40 255
1.150000 -1.250000 -0.050000 0 40 255
1.250000 -1.550000 -0.050000 0 40 255
1.350000 -1.550000 -0.050000 0 40 255
1.250000 -1.450000 -0.050000 0 40 255
1.350000 -1.450000 -0.050000 0 40 255
1.450000 -1.550000 -0.050000 0 40 255
1.550000 -1.550000 -0.050000 0 40 255
1.450000 -1.450000 -0.050000 0 40 255
1.550000 -1.450000 -0.050000 0 40 255
1.250000 -1.350000 -0.050000 0 40 255
1.350000 -1.350000 -0.050000 0 40 255
1.250000 -1.250000 -0.050000 0 40 255
1.350000 -1.250000 -0.050000 0 40 255
1.450000 -1.350000 -0.050000 0 40 255
1.550000 -1.350000 -0.050000 0 40 255
1.450000 -1.250000 -0.050000 0 40 255
1.550000 -1.250000 -0.050000 0 40 255
0.850000 -1.150000 -0.050000 0 40 255
0.950000 -1.150000 -0.050000 0 40 255
0.850000 -1.050000 -0.050000 0 40 255
0.950000 -1.050000 -0.050000 0 40 255
1.050000 -1.150000 -0.050000 0 40 255
1.150000 -1.150000 -0.050000 0 40 255
1.050000 -1.050000 -0.050000 0 40 255
1.150000 -1.050000 -0.050000 0 40 255
0.850000 -0.950000 -0.050000 0 40 255
0.950000 -0.950000 -0.050000 0 40 255
0.850000 -0.850000 -0.050000 0 40 255
0.950000 -0.850000 -0.050000 0 40 255
1.050000 -0.950000 -0.050000 0 40 255
1.150000 -0.950000 -0.050000 0 40 255
1.050000 -0.850000 -0.050000 0 40 255
1.150000 -0.850000 -0.050000 0 40 255
1.250000 -1.150000 -0.050000 0 40 255
1.350000 -1.150000 -0.050000 0 40 255
1.250000 -1.050000 -0.050000 0 40 255
1.350000 -1.050000 -0.050000 0 40 255
1.450000 -1.150000 -0.050000 0 40 255
1.550000 -1.150000 -0.050000 0 40 255
1.450000 -1.050000 -0.050000 0 40 255
1.550000 -1.050000 -0.050000 0 40 255
1.250000 -0.950000 -0.050000 0 40 255
1.350000 -0.950000 -0.050000 0 40 255
1.250000 -0.850000 -0.050000 0 40 255
1.350000 -0.850000 -0.050000 0 40 255
1.450000 -0.950000 -0.050000 0 40 255
1.550000 -0.950000 -0.050000 0 40 255
1.450000 -0.850000 -0.050000 0 40 255
1.550000 -0.850000 -0.050000 0 40 255
0.050000 -0.750000 -0.050000 0 40 255
0.150000 -0.750000 -0.050000 0 40 255
0.250000 -0.750000 -0.050000 0 40 255
0.350000 -0.750000 -0.050000 0 40 255
0.450000 -0.750000 -0.050000 0 40 255
0.550000 -0.750000 -0.050000 0 40 255
0.650000 -0.750000 -0.050000 0 40 255
0.750000 -0.750000 -0.050000 0 40 255
0.650000 -0.650000 -0.050000 0 40 255
0.750000 -0.650000 -0.050000 0 40 255
0.550000 -0.550000 -0.050000 0 40 255
0.550000 -0.450000 -0.050000 0 40 255
0.650000 -0.550000 -0.050000 0 40 255
0.750000 -0.550000 -0.050000 0 40 255
0.650000 -0.450000 -0.050000 0 40 255
0.750000 -0.450000 -0.050000 0 40 255
0.550000 -0.350000 -0.050000 0 40 255
0.450000 -0.250000 -0.050000 0 40 255
0.550000 -0.250000 -0.050000 0 40 255
0.650000 -0.350000 -0.050000 0 40 255
0.750000 -0.350000 -0.050000 0 40 255
0.650000 -0.250000 -0.050000 0 40 255
0.750000 -0.250000 -0.050000 0 40 255
0.450000 -0.150000 -0.050000 0 40 255
0.550000 -0.150000 -0.050000 0 40 255
0.450000 -0.050000 -0.050000 0 40 255
0.550000 -0.050000 -0.050000 0 40 255
0.650000 -0.150000 -0.050000 0 40 255
0.750000 -0.150000 -0.050000 0 40 255
0.650000 -0.050000 -0.050000 0 40 255
0.750000 -0.050000 -0.050000 0 40 255
0.850000 -0.750000 -0.050000 0 40 255
0.950000 -0.750000 -0.050000 0 40 255
0.850000 -0.650000 -0.050000 0 40 255
0.950000 -0.650000 -0.050000 0 40 255
1.050000 -0.750000 -0.050000 0 40 255
1.150000 -0.750000 -0.050000 0 40 255
1.050000 -0.650000 -0.050000 0 40 255
1.150000 -0.650000 -0.050000 0 40 255
0.850000 -0.550000 -0.050000 0 40 255
0.950000 -0.550000 -0.050000 0 40 255
0.850000 -0.450000 -0.050000 0 40 255
0.950000 -0.450000 -0.050000 0 40 255
1.050000 -0.550000 -0.050000 0 40 255
1.150000 -0.550000 -0.050000 0 40 255
1.050000 -0.450000 -0.050000 0 40 255
1.150000 -0.450000 -0.050000 0 40 255
1.250000 -0.750000 -0.050000 0 40 255
1.350000 -0.750000 -0.050000 0 40 255
1.250000 -0.650000 -0.050000 0 40 255
1.350000 -0.650000 -0.050000 0 40 255
1.450000 -0.750000 -0.050000 0 40 255
1.550000 -0.750000 -0.050000 0 40 255
1.450000 -0.650000 -0.050000 0 40 255
1.550000 -0.650000 -0.050000 0 40 255
1.250000 -0.550000 -0.050000 0 40 255
1.350000 -0.550000 -0.050000 0 40 255
1.250000 -0.450000 -0.050000 0 40 255
1.350000 -0.450000 -0.050000 0 40 255
1.450000 -0.550000 -0.050000 0 40 255
1.550000 -0.550000 -0.050000 0 40 255
1.450000 -0.450000 -0.050000 0 40 255
1.550000 -0.450000 -0.050000 0 40 255
0.850000 -0.350000 -0.050000 0 40 255
0.950000 -0.350000 -0.050000 0 40 255
0.850000 -0.250000 -0.050000 0 40 255
0.950000 -0.250000 -0.050000 0 40 255
1.050000 -0.350000 -0.050000 0 40 255
1.150000 -0.350000 -0.050000 0 40 255
1.050000 -0.250000 -0.050000 0 40 255
1.150000 -0.250000 -0.050000 0 40 255
0.850000 -0.150000 -0.050000 0 40 255
0.950000 -0.150000 -0.050000 0 40 255
0.850000 -0.050000 -0.050000 0 40 255
0.950000 -0.050000 -0.050000 0 40 255
1.050000 -0.150000 -0.050000 0 40 255
1.150000 -0.150000 -0.050000 0 40 255
1.050000 -0.050000 -0.050000 0 40 255
1.150000 -0.050000 -0.050000 0 40 255
1.250000 -0.350000 -0.050000 0 40 255
1.350000 -0.350000 -0.050000 0 40 255
1.250000 -0.250000 -0.050000 0 40 255
1.350000 -0.250000 -0.050000 0 40 255
1.450000 -0.350000 -0.050000 0 40 255
1.550000 -0.350000 -0.050000 0 40 255
1.450000 -0.250000 -0.050000 0 40 255
1.550000 -0.250000 -0.050000 0 40 255
1.250000 -0.150000 -0.050000 0 40 255
1.350000 -0.150000 -0.050000 0 40 255
1.250000 -0.050000 -0.050000 0 40 255
1.350000 -0.050000 -0.050000 0 40 255
1.450000 -0.150000 -0.050000 0 40 255
1.550000 -0.150000 -0.050000 0 40 255
1.450000 -0.050000 -0.050000 0 40 255
1.550000 -0.050000 -0.050000 0 40 255
1.650000 -1.550000 -0.050000 0 40 255
1.750000 -1.550000 -0.050000 0 40 255
1.650000 -1.450000 -0.050000 0 40 255
1.750000 -1.450000 -0.050000 0 40 255
1.850000 -1.550000 -0.050000 0 40 255
1.950000 -1.550000 -0.050000 0 40 255
1.850000 -1.450000 -0.050000 0 40 255
1.950000 -1.450000 -0.050000 0 40 255
1.650000 -1.350000 -0.050000 0 40 255
1.750000 -1.350000 -0.050000 0 40 255
1.650000 -1.250000 -0.050000 0 40 255
1.750000 -1.250000 -0.050000 0 40 255
1.850000 -1.350000 -0.050000 0 40 255
1.950000 -1.350000 -0.050000 0 40 255
1.850000 -1.250000 -0.050000 0 40 255
1.950000 -1.250000 -0.050000 0 40 255
2.050000 -1.550000 -0.050000 0 40 255
2.150000 -1.550000 -0.050000 0 40 255
2.050000 -1.450000 -0.050000 0 40 255
2.150000 -1.450000 -0.050000 0 40 255
2.250000 -1.550000 -0.050000 0 40 255
2.350000 -1.550000 -0.050000 0 40 255
2.250000 -1.450000 -0.050000 0 40 255
2.350000 -1.450000 -0.050000 0 40 255
2.050000 -1.350000 -0.050000 0 40 255
2.150000 -1.350000 -0.050000 0 40 255
2.050000 -1.250000 -0.050000 0 40 255
2.150000 -1.250000 -0.050000 0 40 255
2.250000 -1.350000 -0.050000 0 40 255
2.350000 -1.350000 -0.050000 0 40 255
2.250000 -1.250000 -0.050000 0 40 255
2.350000 -1.250000 -0.050000 0 40 255
1.650000 -1.150000 -0.050000 0 40 255
1.750000 -1.150000 -0.050000 0 40 255
1.650000 -1.050000 -0.050000 0 40 255
1.750000 -1.050000 -0.050000 0 40 255
1.850000 -1.150000 -0.050000 0 40 255
1.950000 -1.150000 -0.050000 0 40 255
1.850000 -1.050000 -0.050000 0 40 255
1.950000 -1.050000 -0.050000 0 40 255
1.650000 -0.950000 -0.050000 0 40 255
1.750000 -0.950000 -0.050000 0 40 255
1.650000 -0.850000 -0.050000 0 40 255
1.750000 -0.850000 -0.050000 0 40 255
1.850000 -0.950000 -0.050000 0 40 255
1.950000 -0.950000 -0.050000 0 40 255
1.850000 -0.850000 -0.050000 0 40 255
1.950000 -0.850000 -0.050000 0 40 255
2.050000 -1.150000 -0.050000 0 40 255
2.150000 -1.150000 -0.050000 0 40 255
2.050000 -1.050000 -0.050000 0 40 255
2.150000 -1.050000 -0.050000 0 40 255
2.250000 -1.150000 -0.050000 0 40 255
2.350000 -1.150000 -0.050000 0 40 255
2.250000 -1.050000 -0.050000 0 40 255
2.350000 -1.050000 -0.050000 0 40 255
2.050000 -0.950000 -0.050000 0 40 255
2.150000 -0.950000 -0.050000 0 40 255
2.050000 -0.850000 -0.050000 0 40 255
2.150000 -0.850000 -0.050000 0 40 255
2.250000 -0.950000 -0.050000 0 40 255
2.350000 -0.950000 -0.050000 0 40 255
2.250000 -0.850000 -0.050000 0 40 255
2.350000 -0.850000 -0.050000 0 40 255
2.450000 -1.550000 -0.050000 0 40 255
2.550000 -1.550000 -0.050000 0 40 255
2.450000 -1.450000 -0.050000 0 40 255
2.550000 -1.450000 -0.050000 0 40 255
2.650000 -1.550000 -0.050000 0 40 255
2.750000 -1.550000 -0.050000 0 40 255
2.650000 -1.450000 -0.050000 0 40 255
2.750000 -1.450000 -0.050000 0 40 255
2.450000 -1.350000 -0.050000 0 40 255
2.550000 -1.350000 -0.050000 0 40 255
2.450000 -1.250000 -0.050000 0 40 255
2.550000 -1.250000 -0.050000 0 40 255
2.650000 -1.350000 -0.050000 0 40 255
2.750000 -1.350000 -0.050000 0 40 255
2.650000 -1.250000 -0.050000 0 40 255
2.750000 -1.250000 -0.050000 0 40 255
2.850000 -1.550000 -0.050000 0 40 255
2.950000 -1.550000 -0.050000 0 40 255
2.850000 -1.450000 -0.050000 0 40 255
2.950000 -1.450000 -0.050000 0 40 255
3.050000 -1.550000 -0.050000 0 40 255
3.150000 -1.550000 -0.050000 0 40 255
3.050000 -1.450000 -0.050000 0 40 255
3.150000 -1.450000 -0.050000 0 40 255
2.850000 -1.350000 -0.050000 0 40 255
2.950000 -1.350000 -0.050000 0 40 255
2.850000 -1.250000 -0.050000 0 40 255
2.950000 -1.250000 -0.050000 0 40 255
3.050000 -1.350000 -0.050000 0 40 255
3.150000 -1.350000 -0.050000 0 40 255
3.050000 -1.250000 -0.050000 0 40 255
3.150000 -1.250000 -0.050000 0 40 255
2.450000 -1.150000 -0.050000 0 40 255
2.550000 -1.150000 -0.050000 0 40 255
2.450000 -1.050000 -0.050000 0 40 255
2.550000 -1.050000 -0.050000 0 40 255
2.650000 -1.150000 -0.050000 0 40 255
2.750000 -1.150000 -0.050000 0 40 255
2.650000 -1.050000 -0.050000 0 40 255
2.750000 -1.050000 -0.050000 0 40 255
2.450000 -0.950000 -0.050000 0 40 255
2.550000 -0.950000 -0.050000 0 40 255
2.450000 -0.850000 -0.050000 0 40 255
2.550000 -0.850000 -0.050000 0 40 255
2.650000 -0.950000 -0.050000 0 40 255
2.750000 -0.950000 -0.050000 0 40 255
2.650000 -0.850000 -0.050000 0 40 255
2.750000 -0.850000 -0.050000 0 40 255
2.850000 -1.150000 -0.050000 0 40 255
2.950000 -1.150000 -0.050000 0 40 255
2.850000 -1.050000 -0.050000 0 40 255
2.950000 -1.050000 -0.050000 0 40 255
3.050000 -1.150000 -0.050000 0 40 255
3.150000 -1.150000 -0.050000 0 40 255
3.050000 -1.050000 -0.050000 0 40 255
3.150000 -1.050000 -0.050000 0 40 255
2.850000 -0.950000 -0.050000 0 40 255
2.950000 -0.950000 -0.050000 0 40 255
2.850000 -0.850000 -0.050000 0 40 255
2.950000 -0.850000 -0.050000 0 40 255
3.050000 -0.950000 -0.050000 0 40 255
3.150000 -0.950000 -0.050000 0 40 255
3.050000 -0.850000 -0.050000 0 40 255
3.150000 -0.850000 -0.050000 0 40 255
1.650000 -0.750000 -0.050000 0 40 255
1.750000 -0.750000 -0.050000 0 40 255
1.650000 -0.650000 -0.050000 0 40 255
1.750000 -0.650000 -0.050000 0 40 255
1.850000 -0.750000 -0.050000 0 40 255
1.950000 -0.750000 -0.050000 0 40 255
1.850000 -0.650000 -0.050000 0 40 255
1.950000 -0.650000 -0.050000 0 40 255
1.650000 -0.550000 -0.050000 0 40 255
1.750000 -0.550000 -0.050000 0 40 255
1.650000 -0.450000 -0.050000 0 40 255
1.750000 -0.450000 -0.050000 0 40 255
1.850000 -0.550000 -0.050000 0 40 255
1.950000 -0.550000 -0.050000 0 40 255
1.850000 -0.450000 -0.050000 0 40 255
1.950000 -0.450000 -0.050000 0 40 255
2.050000 -0.750000 -0.050000 0 40 255
2.150000 -0.750000 -0.050000 0 40 255
2.050000 -0.650000 -0.050000 0 40 255
2.150000 -0.650000 -0.050000 0 40 255
2.250000 -0.750000 -0.050000 0 40 255
2.350000 -0.750000 -0.050000 0 40 255
2.250000 -0.650000 -0.050000 0 40 255
2.350000 -0.650000 -0.050000 0 40 255
2.050000 -0.550000 -0.050000 0 40 255
2.150000 -0.550000 -0.050000 0 40 255
2.050000 -0.450000 -0.050000 0 40 255
2.150000 -0.450000 -0.050000 0 40 255
2.250000 -0.550000 -0.050000 0 40 255
2.350000 -0.550000 -0.050000 0 40 255
2.250000 -0.450000 -0.050000 0 40 255
2.350000 -0.450000 -0.050000 0 40 255
1.650000 -0.350000 -0.050000 0 40 255
1.750000 -0.350000 -0.050000 0 40 255
1.650000 -0.250000 -0.050000 0 40 255
1.750000 -0.250000 -0.050000 0 40 255
1.850000 -0.350000 -0.050000 0 40 255
1.950000 -0.350000 -0.050000 0 40 255
1.850000 -0.250000 -0.050000 0 40 255
1.950000 -0.250000 -0.050000 0 40 255
1.650000 -0.150000 -0.050000 0 40 255
1.750000 -0.150000 -0.050000 0 40 255
1.650000 -0.050000 -0.050000 0 40 255
1.750000 -0.050000 -0.050000 0 40 255
1.850000 -0.150000 -0.050000 0 40 255
1.950000 -0.150000 -0.050000 0 40 255
1.850000 -0.050000 -0.050000 0 40 255
1.950000 -0.050000 -0.050000 0 40 255
2.050000 -0.350000 -0.050000 0 40 255
2.150000 -0.350000 -0.050000 0 40 255
2.050000 -0.250000 -0.050000 0 40 255
2.150000 -0.250000 -0.050000 0 40 255
2.250000 -0.350000 -0.050000 0 40 255
2.350000 -0.350000 -0.050000 0 40 255
2.250000 -0.250000 -0.050000 0 40 255
2.350000 -0.250000 -0.050000 0 40 255
2.050000 -0.150000 -0.050000 0 40 255
2.150000 -0.150000 -0.050000 0 40 255
2.050000 -0.050000 -0.050000 0 40 255
2.150000 -0.050000 -0.050000 0 40 255
2.250000 -0.150000 -0.050000 0 40 255
2.350000 -0.150000 -0.050000 0 40 255
2.250000 -0.050000 -0.050000 0 40 255
2.350000 -0.050000 -0.050000 0 40 255
2.450000 -0.750000 -0.050000 0 40 255
2.550000 -0.750000 -0.050000 0 40 255
2.450000 -0.650000 -0.050000 0 40 255
2.550000 -0.650000 -0.050000 0 40 255
2.650000 -0.750000 -0.050000 0 40 255
2.750000 -0.750000 -0.050000 0 40 255
2.650000 -0.650000 -0.050000 0 40 255
2.750000 -0.650000 -0.050000 0 40 255
2.450000 -0.550000 -0.050000 0 40 255
2.550000 -0.550000 -0.050000 0 40 255
2.450000 -0.450000 -0.050000 0 40 255
2.550000 -0.450000 -0.050000 0 40 255
2.650000 -0.550000 -0.050000 0 40 255
2.750000 -0.550000 -0.050000 0 40 255
2.650000 -0.450000 -0.050000 0 40 255
2.750000 -0.450000 -0.050000 0 40 255
2.850000 -0.750000 -0.050000 0 40 255
2.950000 -0.750000 -0.050000 0 40 255
2.850000 -0.650000 -0.050000 0 40 255
2.950000 -0.650000 -0.050000 0 40 255
3.050000 -0.750000 -0.050000 0 40 255
3.150000 -0.750000 -0.050000 0 40 255
3.050000 -0.650000 -0.050000 0 40 255
3.150000 -0.650000 -0.050000 0 40 255
2.850000 -0.550000 -0.050000 0 40 255
2.950000 -0.550000 -0.050000 0 40 255
2.850000 -0.450000 -0.050000 0 40 255
2.950000 -0.450000 -0.050000 0 40 255
3.050000 -0.550000 -0.050000 0 40 255
3.150000 -0.550000 -0.050000 0 40 255
3.050000 -0.450000 -0.050000 0 40 255
3.150000 -0.450000 -0.050000 0 40 255
2.450000 -0.350000 -0.050000 0 40 255
2.550000 -0.350000 -0.050000 0 40 255
2.450000 -0.250000 -0.050000 0 40 255
2.550000 -0.250000 -0.050000 0 40 255
2.650000 -0.350000 -0.050000 0 40 255
2.750000 -0.350000 -0.050000 0 40 255
2.650000 -0.250000 -0.050000 0 40 255
2.750000 -0.250000 -0.050000 0 40 255
2.450000 -0.150000 -0.050000 0 40 255
2.550000 -0.150000 -0.050000 0 40 255
2.450000 -0.050000 -0.050000 0 40 255
2.550000 -0.050000 -0.050000 0 40 255
2.650000 -0.150000 -0.050000 0 40 255
2.750000 -0.150000 -0.050000 0 40 255
2.650000 -0.050000 -0.050000 0 40 255
2.850000 -0.350000 -0.050000 0 40 255
2.950000 -0.350000 -0.050000 0 40 255
2.850000 -0.250000 -0.050000 0 40 255
3.050000 -0.350000 -0.050000 0 40 255
3.150000 -0.350000 -0.050000 0 40 255
3.150000 -0.250000 -0.050000 0 40 255
3.250000 -3.150000 -0.050000 0 40 255
3.350000 -3.150000 -0.050000 0 40 255
3.250000 -3.050000 -0.050000 0 40 255
3.350000 -3.050000 -0.050000 0 40 255
3.450000 -3.150000 -0.050000 0 40 255
3.550000 -3.150000 -0.050000 0 40 255
3.450000 -3.050000 -0.050000 0 40 255
3.550000 -3.050000 -0.050000 0 40 255
3.250000 -2.950000 -0.050000 0 40 255
3.350000 -2.950000 -0.050000 0 40 255
3.250000 -2.850000 -0.050000 0 40 255
3.350000 -2.850000 -0.050000 0 40 255
3.450000 -2.950000 -0.050000 0 40 255
3.550000 -2.950000 -0.050000 0 40 255
3.450000 -2.850000 -0.050000 0 40 255
3.550000 -2.850000 -0.050000 0 40 255
3.650000 -3.150000 -0.050000 0 40 255
3.750000 -3.150000 -0.050000 0 40 255
3.650000 -3.050000 -0.050000 0 40 255
3.750000 -3.050000 -0.050000 0 40 255
3.850000 -3.150000 -0.050000 0 40 255
3.950000 -3.150000 -0.050000 0 40 255
3.850000 -3.050000 -0.050000 0 40 255
3.950000 -3.050000 -0.050000 0 40 255
3.650000 -2.950000 -0.050000 0 40 255
3.750000 -2.950000 -0.050000 0 40 255
3.650000 -2.850000 -0.050000 0 40 255
3.750000 -2.850000 -0.050000 0 40 255
3.850000 -2.950000 -0.050000 0 40 255
3.950000 -2.950000 -0.050000 0 40 255
3.850000 -2.850000 -0.050000 0 40 255
3.950000 -2.850000 -0.050000 0 40 255
3.250000 -2.750000 -0.050000 0 40 255
3.350000 -2.750000 -0.050000 0 40 255
3.250000 -2.650000 -0.050000 0 40 255
3.350000 -2.650000 -0.050000 0 40 255
3.450000 -2.750000 -0.050000 0 40 255
3.550000 -2.750000 -0.050000 0 40 255
3.450000 -2.650000 -0.050000 0 40 255
3.550000 -2.650000 -0.050000 0 40 255
3.250000 -2.550000 -0.050000 0 40 255
3.350000 -2.550000 -0.050000 0 40 255
3.250000 -2.450000 -0.050000 0 40 255
3.350000 -2.450000 -0.050000 0 40 255
3.450000 -2.550000 -0.050000 0 40 255
3.550000 -2.550000 -0.050000 0 40 255
3.450000 -2.450000 -0.050000 0 40 255
3.550000 -2.450000 -0.050000 0 40 255
3.650000 -2.750000 -0.050000 0 40 255
3.750000 -2.750000 -0.050000 0 40 255
3.650000 -2.650000 -0.050000 0 40 255
3.750000 -2.650000 -0.050000 0 40 255
3.850000 -2.750000 -0.050000 0 40 255
3.950000 -2.750000 -0.050000 0 40 255
3.850000 -2.650000 -0.050000 0 40 255
3.950000 -2.650000 -0.050000 0 40 255
3.650000 -2.550000 -0.050000 0 40 255
3.750000 -2.550000 -0.050000 0 40 255
3.650000 -2.450000 -0.050000 0 40 255
3.750000 -2.450000 -0.050000 0 40 255
3.850000 -2.550000 -0.050000 0 40 255
3.950000 -2.550000 -0.050000 0 40 255
3.850000 -2.450000 -0.050000 0 40 255
3.950000 -2.450000 -0.050000 0 40 255
4.050000 -3.150000 -0.050000 0 40 255
4.150000 -3.150000 -0.050000 0 40 255
4.050000 -3.050000 -0.050000 0 40 255
4.150000 -3.050000 -0.050000 0 40 255
4.250000 -3.150000 -0.050000 0 40 255
4.350000 -3.150000 -0.050000 0 40 255
4.250000 -3.050000 -0.050000 0 40 255
4.350000 -3.050000 -0.050000 0 40 255
4.050000 -2.950000 -0.050000 0 40 255
4.150000 -2.950000 -0.050000 0 40 255
4.050000 -2.850000 -0.050000 0 40 255
4.150000 -2.850000 -0.050000 0 40 255
4.250000 -2.950000 -0.050000 0 40 255
4.350000 -2.950000 -0.050000 0 40 255
4.250000 -2.850000 -0.050000 0 40 255
4.350000 -2.850000 -0.050000 0 40 255
4.450000 -3.150000 -0.050000 0 40 255
4.550000 -3.150000 -0.050000 0 40 255
4.450000 -3.050000 -0.050000 0 40 255
4.550000 -3.050000 -0.050000 0 40 255
4.650000 -3.150000 -0.050000 0 40 255
4.750000 -3.150000 -0.050000 0 40 255
4.650000 -3.050000 -0.050000 0 40 255
4.750000 -3.050000 -0.050000 0 40 255
4.450000 -2.950000 -0.050000 0 40 255
4.550000 -2.950000 -0.050000 0 40 255
4.450000 -2.850000 -0.050000 0 40 255
4.550000 -2.850000 -0.050000 0 40 255
4.650000 -2.950000 -0.050000 0 40 255
4.750000 -2.950000 -0.050000 0 40 255
4.650000 -2.850000 -0.050000 0 40 255
4.750000 -2.850000 -0.050000 0 40 255
4.050000 -2.750000 -0.050000 0 40 255
4.150000 -2.750000 -0.050000 0 40 255
4.050000 -2.650000 -0.050000 0 40 255
4.150000 -2.650000 -0.050000 0 40 255
4.250000 -2.750000 -0.050000 0 40 255
4.350000 -2.750000 -0.050000 0 40 255
4.250000 -2.650000 -0.050000 0 40 255
4.350000 -2.650000 -0.050000 0 40 255
4.050000 -2.550000 -0.050000 0 40 255
4.150000 -2.550000 -0.050000 0 40 255
4.050000 -2.450000 -0.050000 0 40 255
4.150000 -2.450000 -0.050000 0 40 255
4.250000 -2.550000 -0.050000 0 40 255
4.350000 -2.550000 -0.050000 0 40 255
4.250000 -2.450000 -0.050000 0 40 255
4.350000 -2.450000 -0.050000 0 40 255
4.450000 -2.750000 -0.050000 0 40 255
4.550000 -2.750000 -0.050000 0 40 255
4.450000 -2.650000 -0.050000 0 40 255
4.550000 -2.650000 -0.050000 0 40 255
4.650000 -2.750000 -0.050000 0 40 255
4.750000 -2.750000 -0.050000 0 40 255
4.650000 -2.650000 -0.050000 0 40 255
4.750000 -2.650000 -0.050000 0 40 255
4.450000 -2.550000 -0.050000 0 40 255
4.550000 -2.550000 -0.050000 0 40 255
4.450000 -2.450000 -0.050000 0 40 255
4.550000 -2.450000 -0.050000 0 40 255
4.650000 -2.550000 -0.050000 0 40 255
4.750000 -2.550000 -0.050000 0 40 255
4.650000 -2.450000 -0.050000 0 40 255
4.750000 -2.450000 -0.050000 0 40 255
3.250000 -2.350000 -0.050000 0 40 255
3.350000 -2.350000 -0.050000 0 40 255
3.250000 -2.250000 -0.050000 0 40 255
3.350000 -2.250000 -0.050000 0 40 255
3.450000 -2.350000 -0.050000 0 40 255
3.550000 -2.350000 -0.050000 0 40 255
3.450000 -2.250000 -0.050000 0 40 255
3.550000 -2.250000 -0.050000 0 40 255
3.250000 -2.150000 -0.050000 0 40 255
3.350000 -2.150000 -0.050000 0 40 255
3.250000 -2.050000 -0.050000 0 40 255
3.350000 -2.050000 -0.050000 0 40 255
3.450000 -2.150000 -0.050000 0 40 255
3.550000 -2.150000 -0.050000 0 40 255
3.450000 -2.050000 -0.050000 0 40 255
3.550000 -2.050000 -0.050000 0 40 255
3.650000 -2.350000 -0.050000 0 40 255
3.750000 -2.350000 -0.050000 0 40 255
3.650000 -2.250000 -0.050000 0 40 255
3.750000 -2.250000 -0.050000 0 40 255
3.850000 -2.350000 -0.050000 0 40 255
3.950000 -2.350000 -0.050000 0 40 255
3.850000 -2.250000 -0.050000 0 40 255
3.950000 -2.250000 -0.050000 0 40 255
3.650000 -2.150000 -0.050000 0 40 255
3.750000 -2.150000 -0.050000 0 40 255
3.650000 -2.050000 -0.050000 0 40 255
3.750000 -2.050000 -0.050000 0 40 255
3.850000 -2.150000 -0.050000 0 40 255
3.950000 -2.150000 -0.050000 0 40 255
3.850000 -2.050000 -0.050000 0 40 255
3.950000 -2.050000 -0.050000 0 40 255
3.250000 -1.950000 -0.050000 0 40 255
3.350000 -1.950000 -0.050000 0 40 255
3.250000 -1.850000 -0.050000 0 40 255
3.350000 -1.850000 -0.050000 0 40 255
3.450000 -1.950000 -0.050000 0 40 255
3.550000 -1.950000 -0.050000 0 40 255
3.450000 -1.850000 -0.050000 0 40 255
3.550000 -1.850000 -0.050000 0 40 255
3.250000 -1.750000 -0.050000 0 40 255
3.350000 -1.750000 -0.050000 0 40 255
3.250000 -1.650000 -0.050000 0 40 255
3.350000 -1.650000 -0.050000 0 40 255
3.450000 -1.750000 -0.050000 0 40 255
3.550000 -1.750000 -0.050000 0 40 255
3.450000 -1.650000 -0.050000 0 40 255
3.550000 -1.650000 -0.050000 0 40 255
3.650000 -1.950000 -0.050000 0 40 255
3.750000 -1.950000 -0.050000 0 40 255
3.650000 -1.850000 -0.050000 0 40 255
3.750000 -1.850000 -0.050000 0 40 255
3.850000 -1.950000 -0.050000 0 40 255
3.950000 -1.950000 -0.050000 0 40 255
3.850000 -1.850000 -0.050000 0 40 255
3.950000 -1.850000 -0.050000 0 40 255
3.650000 -1.750000 -0.050000 0 40 255
3.750000 -1.750000 -0.050000 0 40 255
3.650000 -1.650000 -0.050000 0 40 255
3.750000 -1.650000 -0.050000 0 40 255
3.850000 -1.750000 -0.050000 0 40 255
3.950000 -1.750000 -0.050000 0 40 255
3.850000 -1.650000 -0.050000 0 40 255
3.950000 -1.650000 -0.050000 0 40 255
4.050000 -2.350000 -0.050000 0 40 255
4.150000 -2.350000 -0.050000 0 40 255
4.050000 -2.250000 -0.050000 0 40 255
4.150000 -2.250000 -0.050000 0 40 255
4.250000 -2.350000 -0.050000 0 40 255
4.350000 -2.350000 -0.050000 0 40 255
4.250000 -2.250000 -0.050000 0 40 255
4.350000 -2.250000 -0.050000 0 40 255
4.050000 -2.150000 -0.050000 0 40 255
4.150000 -2.150000 -0.050000 0 40 255
4.050000 -2.050000 -0.050000 0 40 255
4.150000 -2.050000 -0.050000 0 40 255
4.250000 -2.150000 -0.050000 0 40 255
4.350000 -2.150000 -0.050000 0 40 255
4.250000 -2.050000 -0.050000 0 40 255
4.350000 -2.050000 -0.050000 0 40 255
4.450000 -2.350000 -0.050000 0 40 255
4.550000 -2.350000 -0.050000 0 40 255
4.450000 -2.250000 -0.050000 0 40 255
4.550000 -2.250000 -0.050000 0 40 255
4.650000 -2.350000 -0.050000 0 40 255
4.750000 -2.350000 -0.050000 0 40 255
4.650000 -2.250000 -0.050000 0 40 255
4.750000 -2.250000 -0.050000 0 40 255
4.450000 -2.150000 -0.050000 0 40 255
4.550000 -2.150000 -0.050000 0 40 255
4.450000 -2.050000 -0.050000 0 40 255
4.550000 -2.050000 -0.050000 0 40 255
4.650000 -2.150000 -0.050000 0 40 255
4.750000 -2.150000 -0.050000 0 40 255
4.650000 -2.050000 -0.050000 0 40 255
4.750000 -2.050000 -0.050000 0 40 255
4.050000 -1.950000 -0.050000 0 40 255
4.150000 -1.950000 -0.050000 0 40 255
4.050000 -1.850000 -0.050000 0 40 255
4.150000 -1.850000 -0.050000 0 40 255
4.250000 -1.950000 -0.050000 0 40 255
4.350000 -1.950000 -0.050000 0 40 255
4.250000 -1.850000 -0.050000 0 40 255
4.350000 -1.850000 -0.050000 0 40 255
4.050000 -1.750000 -0.050000 0 40 255
4.150000 -1.750000 -0.050000 0 40 255
4.050000 -1.650000 -0.050000 0 40 255
4.150000 -1.650000 -0.050000 0 40 255
4.250000 -1.750000 -0.050000 0 40 255
4.350000 -1.750000 -0.050000 0 40 255
4.250000 -1.650000 -0.050000 0 40 255
4.350000 -1.650000 -0.050000 0 40 255
4.450000 -1.950000 -0.050000 0 40 255
4.550000 -1.950000 -0.050000 0 40 255
4.450000 -1.850000 -0.050000 0 40 255
4.550000 -1.850000 -0.050000 0 40 255
4.650000 -1.950000 -0.050000 0 40 255
4.750000 -1.950000 -0.050000 0 40 255
4.650000 -1.850000 -0.050000 0 40 255
4.750000 -1.850000 -0.050000 0 40 255
4.450000 -1.750000 -0.050000 0 40 255
4.550000 -1.750000 -0.050000 0 40 255
4.450000 -1.650000 -0.050000 0 40 255
4.550000 -1.650000 -0.050000 0 40 255
4.650000 -1.750000 -0.050000 0 40 255
4.750000 -1.750000 -0.050000 0 40 255
4.650000 -1.650000 -0.050000 0 40 255
4.750000 -1.650000 -0.050000 0 40 255
4.850000 -3.150000 -0.050000 0 40 255
4.950000 -3.150000 -0.050000 0 40 255
4.850000 -3.050000 -0.050000 0 40 255
4.950000 -3.050000 -0.050000 0 40 255
5.050000 -3.150000 -0.050000 0 40 255
5.050000 -3.050000 -0.050000 0 40 255
4.850000 -2.950000 -0.050000 0 40 255
4.950000 -2.950000 -0.050000 0 40 255
4.850000 -2.850000 -0.050000 0 40 255
4.950000 -2.850000 -0.050000 0 40 255
5.050000 -2.950000 -0.050000 0 40 255
5.050000 -2.850000 -0.050000 0 40 255
4.850000 -2.750000 -0.050000 0 40 255
4.950000 -2.750000 -0.050000 0 40 255
4.850000 -2.650000 -0.050000 0 40 255
4.950000 -2.650000 -0.050000 0 40 255
4.850000 -2.550000 -0.050000 0 40 255
4.950000 -2.550000 -0.050000 0 40 255
4.850000 -2.450000 -0.050000 0 40 255
4.950000 -2.450000 -0.050000 0 40 255
5.050000 -2.550000 -0.050000 0 40 255
5.050000 -2.450000 -0.050000 0 40 255
4.850000 -2.350000 -0.050000 0 40 255
4.950000 -2.350000 -0.050000 0 40 255
4.850000 -2.250000 -0.050000 0 40 255
4.950000 -2.250000 -0.050000 0 40 255
5.050000 -2.350000 -0.050000 0 40 255
5.050000 -2.250000 -0.050000 0 40 255
4.850000 -2.150000 -0.050000 0 40 255
4.950000 -2.150000 -0.050000 0 40 255
4.850000 -2.050000 -0.050000 0 40 255
4.950000 -2.050000 -0.050000 0 40 255
5.050000 -2.150000 -0.050000 0 40 255
5.050000 -2.050000 -0.050000 0 40 255
4.850000 -1.950000 -0.050000 0 40 255
4.950000 -1.950000 -0.050000 0 40 255
4.850000 -1.850000 -0.050000 0 40 255
4.950000 -1.850000 -0.050000 0 40 255
5.050000 -1.950000 -0.050000 0 40 255
4.850000 -1.750000 -0.050000 0 40 255
4.950000 -1.750000 -0.050000 0 40 255
4.850000 -1.650000 -0.050000 0 40 255
4.950000 -1.650000 -0.050000 0 40 255
5.050000 -1.750000 -0.050000 0 40 255
5.050000 -1.650000 -0.050000 0 40 255
3.250000 -1.550000 -0.050000 0 40 255
3.350000 -1.550000 -0.050000 0 40 255
3.250000 -1.450000 -0.050000 0 40 255
3.350000 -1.450000 -0.050000 0 40 255
3.450000 -1.550000 -0.050000 0 40 255
3.550000 -1.550000 -0.050000 0 40 255
3.450000 -1.450000 -0.050000 0 40 255
3.550000 -1.450000 -0.050000 0 40 255
3.250000 -1.350000 -0.050000 0 40 255
3.350000 -1.350000 -0.050000 0 40 255
3.250000 -1.250000 -0.050000 0 40 255
3.350000 -1.250000 -0.050000 0 40 255
3.450000 -1.350000 -0.050000 0 40 255
3.550000 -1.350000 -0.050000 0 40 255
3.450000 -1.250000 -0.050000 0 40 255
3.550000 -1.250000 -0.050000 0 40 255
3.650000 -1.550000 -0.050000 0 40 255
3.750000 -1.550000 -0.050000 0 40 255
3.650000 -1.450000 -0.050000 0 40 255
3.750000 -1.450000 -0.050000 0 40 255
3.850000 -1.550000 -0.050000 0 40 255
3.950000 -1.550000 -0.050000 0 40 255
3.850000 -1.450000 -0.050000 0 40 255
3.950000 -1.450000 -0.050000 0 40 255
3.650000 -1.350000 -0.050000 0 40 255
3.750000 -1.350000 -0.050000 0 40 255
3.650000 -1.250000 -0.050000 0 40 255
3.750000 -1.250000 -0.050000 0 40 255
3.850000 -1.350000 -0.050000 0 40 255
3.950000 -1.350000 -0.050000 0 40 255
3.850000 -1.250000 -0.050000 0 40 255
3.950000 -1.250000 -0.050000 0 40 255
3.250000 -1.150000 -0.050000 0 40 255
3.350000 -1.150000 -0.050000 0 40 255
3.250000 -1.050000 -0.050000 0 40 255
3.350000 -1.050000 -0.050000 0 40 255
3.450000 -1.150000 -0.050000 0 40 255
3.550000 -1.150000 -0.050000 0 40 255
3.450000 -1.050000 -0.050000 0 40 255
3.550000 -1.050000 -0.050000 0 40 255
3.250000 -0.950000 -0.050000 0 40 255
3.350000 -0.950000 -0.050000 0 40 255
3.250000 -0.850000 -0.050000 0 40 255
3.350000 -0.850000 -0.050000 0 40 255
3.450000 -0.950000 -0.050000 0 40 255
3.550000 -0.950000 -0.050000 0 40 255
3.450000 -0.850000 -0.050000 0 40 255
3.550000 -0.850000 -0.050000 0 40 255
3.650000 -1.150000 -0.050000 0 40 255
3.750000 -1.150000 -0.050000 0 40 255
3.650000 -1.050000 -0.050000 0 40 255
3.750000 -1.050000 -0.050000 0 40 255
3.850000 -1.150000 -0.050000 0 40 255
3.950000 -1.150000 -0.050000 0 40 255
3.850000 -1.050000 -0.050000 0 40 255
3.950000 -1.050000 -0.050000 0 40 255
3.650000 -0.950000 -0.050000 0 40 255
3.750000 -0.950000 -0.050000 0 40 255
3.650000 -0.850000 -0.050000 0 40 255
3.750000 -0.850000 -0.050000 0 40 255
3.850000 -0.950000 -0.050000 0 40 255
3.950000 -0.950000 -0.050000 0 40 255
3.850000 -0.850000 -0.050000 0 40 255
3.950000 -0.850000 -0.050000 0 40 255
4.050000 -1.550000 -0.050000 0 40 255
4.150000 -1.550000 -0.050000 0 40 255
4.050000 -1.450000 -0.050000 0 40 255
4.150000 -1.450000 -0.050000 0 40 255
4.250000 -1.550000 -0.050000 0 40 255
4.350000 -1.550000 -0.050000 0 40 255
4.250000 -1.450000 -0.050000 0 40 255
4.350000 -1.450000 -0.050000 0 40 255
4.050000 -1.350000 -0.050000 0 40 255
4.150000 -1.350000 -0.050000 0 40 255
4.050000 -1.250000 -0.050000 0 40 255
4.150000 -1.250000 -0.050000 0 40 255
4.250000 -1.350000 -0.050000 0 40 255
4.350000 -1.350000 -0.050000 0 40 255
4.250000 -1.250000 -0.050000 0 40 255
4.350000 -1.250000 -0.050000 0 40 255
4.450000 -1.550000 -0.050000 0 40 255
4.550000 -1.550000 -0.050000 0 40 255
4.450000 -1.450000 -0.050000 0 40 255
4.550000 -1.450000 -0.050000 0 40 255
4.650000 -1.550000 -0.050000 0 40 255
4.750000 -1.550000 -0.050000 0 40 255
4.650000 -1.450000 -0.050000 0 40 255
4.750000 -1.450000 -0.050000 0 40 255
4.450000 -1.350000 -0.050000 0 40 255
4.550000 -1.350000 -0.050000 0 40 255
4.450000 -1.250000 -0.050000 0 40 255
4.550000 -1.250000 -0.050000 0 40 255
4.650000 -1.350000 -0.050000 0 40 255
4.750000 -1.350000 -0.050000 0 40 255
4.650000 -1.250000 -0.050000 0 40 255
4.750000 -1.250000 -0.050000 0 40 255
4.050000 -1.150000 -0.050000 0 40 255
4.150000 -1.150000 -0.050000 0 40 255
4.050000 -1.050000 -0.050000 0 40 255
4.150000 -1.050000 -0.050000 0 40 255
4.250000 -1.150000 -0.050000 0 40 255
4.350000 -1.150000 -0.050000 0 40 255
4.250000 -1.050000 -0.050000 0 40 255
4.350000 -1.050000 -0.050000 0 40 255
4.050000 -0.950000 -0.050000 0 40 255
4.150000 -0.950000 -0.050000 0 40 255
4.050000 -0.850000 -0.050000 0 40 255
4.150000 -0.850000 -0.050000 0 40 255
4.250000 -0.950000 -0.050000 0 40 255
4.350000 -0.950000 -0.050000 0 40 255
4.250000 -0.850000 -0.050000 0 40 255
4.350000 -0.850000 -0.050000 0 40 255
4.450000 -1.150000 -0.050000 0 40 255
4.550000 -1.150000 -0.050000 0 40 255
4.450000 -1.050000 -0.050000 0 40 255
4.550000 -1.050000 -0.050000 0 40 255
4.650000 -1.150000 -0.050000 0 40 255
4.750000 -1.150000 -0.050000 0 40 255
4.650000 -1.050000 -0.050000 0 40 255
4.750000 -1.050000 -0.050000 0 40 255
4.450000 -0.950000 -0.050000 0 40 255
4.550000 -0.950000 -0.050000 0 40 255
4.450000 -0.850000 -0.050000 0 40 255
4.550000 -0.850000 -0.050000 0 40 255
4.650000 -0.950000 -0.050000 0 40 255
4.750000 -0.950000 -0.050000 0 40 255
4.650000 -0.850000 -0.050000 0 40 255
4.750000 -0.850000 -0.050000 0 40 255
3.250000 -0.750000 -0.050000 0 40 255
3.350000 -0.750000 -0.050000 0 40 255
3.250000 -0.650000 -0.050000 0 40 255
3.350000 -0.650000 -0.050000 0 40 255
3.450000 -0.750000 -0.050000 0 40 255
3.550000 -0.750000 -0.050000 0 40 255
3.450000 -0.650000 -0.050000 0 40 255
3.550000 -0.650000 -0.050000 0 40 255
3.250000 -0.550000 -0.050000 0 40 255
3.350000 -0.550000 -0.050000 0 40 255
3.250000 -0.450000 -0.050000 0 40 255
3.350000 -0.450000 -0.050000 0 40 255
3.450000 -0.550000 -0.050000 0 40 255
3.550000 -0.550000 -0.050000 0 40 255
3.450000 -0.450000 -0.050000 0 40 255
3.550000 -0.450000 -0.050000 0 40 255
3.650000 -0.750000 -0.050000 0 40 255
3.750000 -0.750000 -0.050000 0 40 255
3.650000 -0.650000 -0.050000 0 40 255
3.750000 -0.650000 -0.050000 0 40 255
3.850000 -0.750000 -0.050000 0 40 255
3.950000 -0.750000 -0.050000 0 40 255
3.850000 -0.650000 -0.050000 0 40 255
3.950000 -0.650000 -0.050000 0 40 255
3.650000 -0.550000 -0.050000 0 40 255
3.750000 -0.550000 -0.050000 0 40 255
3.650000 -0.450000 -0.050000 0 40 255
3.750000 -0.450000 -0.050000 0 40 255
3.850000 -0.550000 -0.050000 0 40 255
3.950000 -0.550000 -0.050000 0 40 255
3.850000 -0.450000 -0.050000 0 40 255
3.950000 -0.450000 -0.050000 0 40 255
3.250000 -0.350000 -0.050000 0 40 255
3.350000 -0.350000 -0.050000 0 40 255
3.250000 -0.250000 -0.050000 0 40 255
3.350000 -0.250000 -0.050000 0 40 255
3.450000 -0.350000 -0.050000 0 40 255
3.550000 -0.350000 -0.050000 0 40 255
3.450000 -0.250000 -0.050000 0 40 255
3.550000 -0.250000 -0.050000 0 40 255
3.250000 -0.150000 -0.050000 0 40 255
3.350000 -0.150000 -0.050000 0 40 255
3.350000 -0.050000 -0.050000 0 40 255
3.450000 -0.150000 -0.050000 0 40 255
3.550000 -0.150000 -0.050000 0 40 255
3.450000 -0.050000 -0.050000 0 40 255
3.550000 -0.050000 -0.050000 0 40 255
3.650000 -0.350000 -0.050000 0 40 255
3.750000 -0.350000 -0.050000 0 40 255
3.650000 -0.250000 -0.050000 0 40 255
3.750000 -0.250000 -0.050000 0 40 255
3.850000 -0.350000 -0.050000 0 40 255
3.950000 -0.350000 -0.050000 0 40 255
3.850000 -0.250000 -0.050000 0 40 255
3.950000 -0.250000 -0.050000 0 40 255
3.650000 -0.150000 -0.050000 0 40 255
3.750000 -0.150000 -0.050000 0 40 255
3.650000 -0.050000 -0.050000 0 40 255
3.750000 -0.050000 -0.050000 0 40 255
3.850000 -0.150000 -0.050000 0 40 255
3.950000 -0.150000 -0.050000 0 40 255
3.850000 -0.050000 -0.050000 0 40 255
3.950000 -0.050000 -0.050000 0 40 255
4.050000 -0.750000 -0.050000 0 40 255
4.150000 -0.750000 -0.050000 0 40 255
4.050000 -0.650000 -0.050000 0 40 255
4.150000 -0.650000 -0.050000 0 40 255
4.250000 -0.750000 -0.050000 0 40 255
4.350000 -0.750000 -0.050000 0 40 255
4.250000 -0.650000 -0.050000 0 40 255
4.350000 -0.650000 -0.050000 0 40 255
4.050000 -0.550000 -0.050000 0 40 255
4.150000 -0.550000 -0.050000 0 40 255
4.050000 -0.450000 -0.050000 0 40 255
4.150000 -0.450000 -0.050000 0 40 255
4.250000 -0.550000 -0.050000 0 40 255
4.350000 -0.550000 -0.050000 0 40 255
4.250000 -0.450000 -0.050000 0 40 255
4.350000 -0.450000 -0.050000 0 40 255
4.450000 -0.750000 -0.050000 0 40 255
4.550000 -0.750000 -0.050000 0 40 255
4.450000 -0.650000 -0.050000 0 40 255
4.550000 -0.650000 -0.050000 0 40 255
4.650000 -0.750000 -0.050000 0 40 255
4.750000 -0.750000 -0.050000 0 40 255
4.650000 -0.650000 -0.050000 0 40 255
4.750000 -0.650000 -0.050000 0 40 255
4.450000 -0.550000 -0.050000 0 40 255
4.550000 -0.550000 -0.050000 0 40 255
4.450000 -0.450000 -0.050000 0 40 255
4.550000 -0.450000 -0.050000 0 40 255
4.650000 -0.550000 -0.050000 0 40 255
4.750000 -0.550000 -0.050000 0 40 255
4.650000 -0.450000 -0.050000 0 40 255
4.750000 -0.450000 -0.050000 0 40 255
4.050000 -0.350000 -0.050000 0 40 255
4.150000 -0.350000 -0.050000 0 40 255
4.050000 -0.250000 -0.050000 0 40 255
4.150000 -0.250000 -0.050000 0 40 255
4.250000 -0.350000 -0.050000 0 40 255
4.350000 -0.350000 -0.050000 0 40 255
4.250000 -0.250000 -0.050000 0 40 255
4.350000 -0.250000 -0.050000 0 40 255
4.050000 -0.150000 -0.050000 0 40 255
4.150000 -0.150000 -0.050000 0 40 255
4.050000 -0.050000 -0.050000 0 40 255
4.150000 -0.050000 -0.050000 0 40 255
4.250000 -0.150000 -0.050000 0 40 255
4.350000 -0.150000 -0.050000 0 40 255
4.250000 -0.050000 -0.050000 0 40 255
4.350000 -0.050000 -0.050000 0 40 255
4.450000 -0.350000 -0.050000 0 40 255
4.550000 -0.350000 -0.050000 0 40 255
4.450000 -0.250000 -0.050000 0 40 255
4.550000 -0.250000 -0.050000 0 40 255
4.650000 -0.350000 -0.050000 0 40 255
4.750000 -0.350000 -0.050000 0 40 255
4.650000 -0.250000 -0.050000 0 40 255
4.750000 -0.250000 -0.050000 0 40 255
4.450000 -0.150000 -0.050000 0 40 255
4.550000 -0.150000 -0.050000 0 40 255
4.450000 -0.050000 -0.050000 0 40 255
4.550000 -0.050000 -0.050000 0 40 255
4.650000 -0.150000 -0.050000 0 40 255
4.750000 -0.150000 -0.050000 0 40 255
4.650000 -0.050000 -0.050000 0 40 255
4.750000 -0.050000 -0.050000 0 40 255
4.850000 -1.550000 -0.050000 0 40 255
4.950000 -1.550000 -0.050000 0 40 255
4.850000 -1.450000 -0.050000 0 40 255
4.950000 -1.450000 -0.050000 0 40 255
5.050000 -1.550000 -0.050000 0 40 255
4.850000 -1.350000 -0.050000 0 40 255
4.950000 -1.350000 -0.050000 0 40 255
4.850000 -1.250000 -0.050000 0 40 255
4.950000 -1.250000 -0.050000 0 40 255
4.850000 -1.150000 -0.050000 0 40 255
4.950000 -1.150000 -0.050000 0 40 255
4.850000 -1.050000 -0.050000 0 40 255
4.950000 -1.050000 -0.050000 0 40 255
4.850000 -0.950000 -0.050000 0 40 255
4.950000 -0.950000 -0.050000 0 40 255
4.850000 -0.850000 -0.050000 0 40 255
4.950000 -0.850000 -0.050000 0 40 255
4.850000 -0.750000 -0.050000 0 40 255
4.950000 -0.750000 -0.050000 0 40 255
4.850000 -0.650000 -0.050000 0 40 255
4.950000 -0.650000 -0.050000 0 40 255
4.850000 -0.550000 -0.050000 0 40 255
4.950000 -0.550000 -0.050000 0 40 255
4.850000 -0.450000 -0.050000 0 40 255
4.950000 -0.450000 -0.050000 0 40 255
4.850000 -0.350000 -0.050000 0 40 255
4.850000 -0.250000 -0.050000 0 40 255
4.850000 -0.150000 -0.050000 0 40 255
4.850000 -0.050000 -0.050000 0 40 255
-4.850000 0.450000 -0.050000 0 40 255
-4.850000 0.550000 -0.050000 0 40 255
-4.850000 0.650000 -0.050000 0 40 255
-4.850000 0.750000 -0.050000 0 40 255
-4.950000 0.850000 -0.050000 0 40 255
-4.850000 0.850000 -0.050000 0 40 255
-4.950000 0.950000 -0.050000 0 40 255
-4.850000 0.950000 -0.050000 0 40 255
-4.950000 1.050000 -0.050000 0 40 255
-4.850000 1.050000 -0.050000 0 40 255
-4.950000 1.150000 -0.050000 0 40 255
-4.850000 1.150000 -0.050000 0 40 255
-4.950000 1.250000 -0.050000 0 40 255
-4.850000 1.250000 -0.050000 0 40 255
-4.950000 1.350000 -0.050000 0 40 255
-4.850000 1.350000 -0.050000 0 40 255
-4.950000 1.450000 -0.050000 0 40 255
-4.850000 1.450000 -0.050000 0 40 255
-4.950000 1.550000 -0.050000 0 40 255
-4.850000 1.550000 -0.050000 0 40 255
-4.750000 0.050000 -0.050000 0 40 255
-4.650000 0.050000 -0.050000 0 40 255
-4.750000 0.150000 -0.050000 0 40 255
-4.650000 0.150000 -0.050000 0 40 255
-4.550000 0.050000 -0.050000 0 40 255
-4.450000 0.050000 -0.050000 0 40 255
-4.550000 0.150000 -0.050000 0 40 255
-4.450000 0.150000 -0.050000 0 40 255
-4.650000 0.250000 -0.050000 0 40 255
-4.650000 0.350000 -0.050000 0 40 255
-4.550000 0.250000 -0.050000 0 40 255
-4.450000 0.250000 -0.050000 0 40 255
-4.550000 0.350000 -0.050000 0 40 255
-4.450000 0.350000 -0.050000 0 40 255
-4.350000 0.050000 -0.050000 0 40 255
-4.250000 0.050000 -0.050000 0 40 255
-4.350000 0.150000 -0.050000 0 40 255
-4.250000 0.150000 -0.050000 0 40 255
-4.150000 0.050000 -0.050000 0 40 255
-4.050000 0.050000 -0.050000 0 40 255
-4.150000 0.150000 -0.050000 0 40 255
-4.050000 0.150000 -0.050000 0 40 255
-4.350000 0.250000 -0.050000 0 40 255
-4.250000 0.250000 -0.050000 0 40 255
-4.350000 0.350000 -0.050000 0 40 255
-4.250000 0.350000 -0.050000 0 40 255
-4.150000 0.250000 -0.050000 0 40 255
-4.050000 0.250000 -0.050000 0 40 255
-4.150000 0.350000 -0.050000 0 40 255
-4.050000 0.350000 -0.050000 0 40 255
-4.750000 0.450000 -0.050000 0 40 255
-4.650000 0.450000 -0.050000 0 40 255
-4.750000 0.550000 -0.050000 0 40 255
-4.650000 0.550000 -0.050000 0 40 255
-4.550000 0.450000 -0.050000 0 40 255
-4.450000 0.450000 -0.050000 0 40 255
-4.550000 0.550000 -0.050000 0 40 255
-4.450000 0.550000 -0.050000 0 40 255
-4.750000 0.650000 -0.050000 0 40 255
-4.650000 0.650000 -0.050000 0 40 255
-4.750000 0.750000 -0.050000 0 40 255
-4.650000 0.750000 -0.050000 0 40 255
-4.550000 0.650000 -0.050000 0 40 255
-4.450000 0.650000 -0.050000 0 40 255
-4.550000 0.750000 -0.050000 0 40 255
-4.450000 0.750000 -0.050000 0 40 255
-4.350000 0.450000 -0.050000 0 40 255
-4.250000 0.450000 -0.050000 0 40 255
-4.350000 0.550000 -0.050000 0 40 255
-4.250000 0.550000 -0.050000 0 40 255
-4.150000 0.450000 -0.050000 0 40 255
-4.050000 0.450000 -0.050000 0 40 255
-4.150000 0.550000 -0.050000 0 40 255
-4.050000 0.550000 -0.050000 0 40 255
-4.350000 0.650000 -0.050000 0 40 255
-4.250000 0.650000 -0.050000 0 40 255
-4.350000 0.750000 -0.050000 0 40 255
-4.250000 0.750000 -0.050000 0 40 255
-4.150000 0.650000 -0.050000 0 40 255
-4.050000 0.650000 -0.050000 0 40 255
-4.150000 0.750000 -0.050000 0 40 255
-4.050000 0.750000 -0.050000 0 40 255
-3.950000 0.050000 -0.050000 0 40 255
-3.850000 0.050000 -0.050000 0 40 255
-3.950000 0.150000 -0.050000 0 40 255
-3.850000 0.150000 -0.050000 0 40 255
-3.750000 0.050000 -0.050000 0 40 255
-3.650000 0.050000 -0.050000 0 40 255
-3.750000 0.150000 -0.050000 0 40 255
-3.650000 0.150000 -0.050000 0 40 255
-3.950000 0.250000 -0.050000 0 40 255
-3.850000 0.250000 -0.050000 0 40 255
-3.950000 0.350000 -0.050000 0 40 255
-3.850000 0.350000 -0.050000 0 40 255
-3.750000 0.250000 -0.050000 0 40 255
-3.650000 0.250000 -0.050000 0 40 255
-3.750000 0.350000 -0.050000 0 40 255
-3.650000 0.350000 -0.050000 0 40 255
-3.550000 0.050000 -0.050000 0 40 255
-3.450000 0.050000 -0.050000 0 40 255
-3.550000 0.150000 -0.050000 0 40 255
-3.450000 0.150000 -0.050000 0 40 255
-3.350000 0.050000 -0.050000 0 40 255
-3.350000 0.150000 -0.050000 0 40 255
-3.250000 0.150000 -0.050000 0 40 255
-3.550000 0.250000 -0.050000 0 40 255
-3.450000 0.250000 -0.050000 0 40 255
-3.550000 0.350000 -0.050000 0 40 255
-3.450000 0.350000 -0.050000 0 40 255
-3.350000 0.250000 -0.050000 0 40 255
-3.250000 0.250000 -0.050000 0 40 255
-3.350000 0.350000 -0.050000 0 40 255
-3.250000 0.350000 -0.050000 0 40 255
-3.950000 0.450000 -0.050000 0 40 255
-3.850000 0.450000 -0.050000 0 40 255
-3.950000 0.550000 -0.050000 0 40 255
-3.850000 0.550000 -0.050000 0 40 255
-3.750000 0.450000 -0.050000 0 40 255
-3.650000 0.450000 -0.050000 0 40 255
-3.750000 0.550000 -0.050000 0 40 255
-3.650000 0.550000 -0.050000 0 40 255
-3.950000 0.650000 -0.050000 0 40 255
-3.850000 0.650000 -0.050000 0 40 255
-3.950000 0.750000 -0.050000 0 40 255
-3.850000 0.750000 -0.050000 0 40 255
-3.750000 0.650000 -0.050000 0 40 255
-3.650000 0.650000 -0.050000 0 40 255
-3.750000 0.750000 -0.050000 0 40 255
-3.650000 0.750000 -0.050000 0 40 255
-3.550000 0.450000 -0.050000 0 40 255
-3.450000 0.450000 -0.050000 0 40 255
-3.550000 0.550000 -0.050000 0 40 255
-3.450000 0.550000 -0.050000 0 40 255
-3.350000 0.450000 -0.050000 0 40 255
-3.250000 0.450000 -0.050000 0 40 255
-3.350000 0.550000 -0.050000 0 40 255
-3.250000 0.550000 -0.050000 0 40 255
-3.550000 0.650000 -0.050000 0 40 255
-3.450000 0.650000 -0.050000 0 40 255
-3.550000 0.750000 -0.050000 0 40 255
-3.450000 0.750000 -0.050000 0 40 255
-3.350000 0.650000 -0.050000 0 40 255
-3.250000 0.650000 -0.050000 0 40 255
-3.350000 0.750000 -0.050000 0 40 255
-3.250000 0.750000 -0.050000 0 40 255
-4.750000 0.850000 -0.050000 0 40 255
-4.650000 0.850000 -0.050000 0 40 255
-4.750000 0.950000 -0.050000 0 40 255
-4.650000 0.950000 -0.050000 0 40 255
-4.550000 0.850000 -0.050000 0 40 255
-4.450000 0.850000 -0.050000 0 40 255
-4.550000 0.950000 -0.050000 0 40 255
-4.450000 0.950000 -0.050000 0 40 255
-4.750000 1.050000 -0.050000 0 40 255
-4.650000 1.050000 -0.050000 0 40 255
-4.750000 1.150000 -0.050000 0 40 255
-4.650000 1.150000 -0.050000 0 40 255
-4.550000 1.050000 -0.050000 0 40 255
-4.450000 1.050000 -0.050000 0 40 255
-4.550000 1.150000 -0.050000 0 40 255
-4.450000 1.150000 -0.050000 0 40 255
-4.350000 0.850000 -0.050000 0 40 255
-4.250000 0.850000 -0.050000 0 40 255
-4.350000 0.950000 -0.050000 0 40 255
-4.250000 0.950000 -0.050000 0 40 255
-4.150000 0.850000 -0.050000 0 40 255
-4.050000 0.850000 -0.050000 0 40 255
-4.150000 0.950000 -0.050000 0 40 255
-4.050000 0.950000 -0.050000 0 40 255
-4.350000 1.050000 -0.050000 0 40 255
-4.250000 1.050000 -0.050000 0 40 255
-4.350000 1.150000 -0.050000 0 40 255
-4.250000 1.150000 -0.050000 0 40 255
-4.150000 1.050000 -0.050000 0 40 255
-4.050000 1.050000 -0.050000 0 40 255
-4.150000 1.150000 -0.050000 0 40 255
-4.050000 1.150000 -0.050000 0 40 255
-4.750000 1.250000 -0.050000 0 40 255
-4.650000 1.250000 -0.050000 0 40 255
-4.750000 1.350000 -0.050000 0 40 255
-4.650000 1.350000 -0.050000 0 40 255
-4.550000 1.250000 -0.050000 0 40 255
-4.450000 1.250000 -0.050000 0 40 255
-4.550000 1.350000 -0.050000 0 40 255
-4.450000 1.350000 -0.050000 0 40 255
-4.750000 1.450000 -0.050000 0 40 255
-4.650000 1.450000 -0.050000 0 40 255
-4.750000 1.550000 -0.050000 0 40 255
-4.650000 1.550000 -0.050000 0 40 255
-4.550000 1.450000 -0.050000 0 40 255
-4.450000 1.450000 -0.050000 0 40 255
-4.550000 1.550000 -0.050000 0 40 255
-4.450000 1.550000 -0.050000 0 40 255
-4.350000 1.250000 -0.050000 0 40 255
-4.250000 1.250000 -0.050000 0 40 255
-4.350000 1.350000 -0.050000 0 40 255
-4.250000 1.350000 -0.050000 0 40 255
-4.150000 1.250000 -0.050000 0 40 255
-4.050000 1.250000 -0.050000 0 40 255
-4.150000 1.350000 -0.050000 0 40 255
-4.050000 1.350000 -0.050000 0 40 255
-4.350000 1.450000 -0.050000 0 40 255
-4.250000 1.450000 -0.050000 0 40 255
-4.350000 1.550000 -0.050000 0 40 255
-4.250000 1.550000 -0.050000 0 40 255
-4.150000 1.450000 -0.050000 0 40 255
-4.050000 1.450000 -0.050000 0 40 255
-4.150000 1.550000 -0.050000 0 40 255
-4.050000 1.550000 -0.050000 0 40 255
-3.950000 0.850000 -0.050000 0 40 255
-3.850000 0.850000 -0.050000 0 40 255
-3.950000 0.950000 -0.050000 0 40 255
-3.850000 0.950000 -0.050000 0 40 255
-3.750000 0.850000 -0.050000 0 40 255
-3.650000 0.850000 -0.050000 0 40 255
-3.750000 0.950000 -0.050000 0 40 255
-3.650000 0.950000 -0.050000 0 40 255
-3.950000 1.050000 -0.050000 0 40 255
-3.850000 1.050000 -0.050000 0 40 255
-3.950000 1.150000 -0.050000 0 40 255
-3.850000 1.150000 -0.050000 0 40 255
-3.750000 1.050000 -0.050000 0 40 255
-3.650000 1.050000 -0.050000 0 40 255
-3.750000 1.150000 -0.050000 0 40 255
-3.650000 1.150000 -0.050000 0 40 255
-3.550000 0.850000 -0.050000 0 40 255
-3.450000 0.850000 -0.050000 0 40 255
-3.550000 0.950000 -0.050000 0 40 255
-3.450000 0.950000 -0.050000 0 40 255
-3.350000 0.850000 -0.050000 0 40 255
-3.250000 0.850000 -0.050000 0 40 255
-3.350000 0.950000 -0.050000 0 40 255
-3.250000 0.950000 -0.050000 0 40 255
-3.550000 1.050000 -0.050000 0 40 255
-3.450000 1.050000 -0.050000 0 40 255
-3.550000 1.150000 -0.050000 0 40 255
-3.450000 1.150000 -0.050000 0 40 255
-3.350000 1.050000 -0.050000 0 40 255
-3.250000 1.050000 -0.050000 0 40 255
-3.350000 1.150000 -0.050000 0 40 255
-3.250000 1.150000 -0.050000 0 40 255
-3.950000 1.250000 -0.050000 0 40 255
-3.850000 1.250000 -0.050000 0 40 255
-3.950000 1.350000 -0.050000 0 40 255
-3.850000 1.350000 -0.050000 0 40 255
-3.750000 1.250000 -0.050000 0 40 255
-3.650000 1.250000 -0.050000 0 40 255
-3.750000 1.350000 -0.050000 0 40 255
-3.650000 1.350000 -0.050000 0 40 255
-3.950000 1.450000 -0.050000 0 40 255
-3.850000 1.450000 -0.050000 0 40 255
-3.950000 1.550000 -0.050000 0 40 255
-3.850000 1.550000 -0.050000 0 40 255
-3.750000 1.450000 -0.050000 0 40 255
-3.650000 1.450000 -0.050000 0 40 255
-3.750000 1.550000 -0.050000 0 40 255
-3.650000 1.550000 -0.050000 0 40 255
-3.550000 1.250000 -0.050000 0 40 255
-3.450000 1.250000 -0.050000 0 40 255
-3.550000 1.350000 -0.050000 0 40 255
-3.450000 1.350000 -0.050000 0 40 255
-3.350000 1.250000 -0.050000 0 40 255
-3.250000 1.250000 -0.050000 0 40 255
-3.350000 1.350000 -0.050000 0 40 255
-3.250000 1.350000 -0.050000 0 40 255
-3.550000 1.450000 -0.050000 0 40 255
-3.450000 1.450000 -0.050000 0 40 255
-3.550000 1.550000 -0.050000 0 40 255
-3.450000 1.550000 -0.050000 0 40 255
-3.350000 1.450000 -0.050000 0 40 255
-3.250000 1.450000 -0.050000 0 40 255
-3.350000 1.550000 -0.050000 0 40 255
-3.250000 1.550000 -0.050000 0 40 255
-4.950000 1.650000 -0.050000 0 40 255
-4.850000 1.650000 -0.050000 0 40 255
-4.750000 1.650000 -0.050000 0 40 255
-4.650000 1.650000 -0.050000 0 40 255
-4.550000 1.650000 -0.050000 0 40 255
-4.450000 1.650000 -0.050000 0 40 255
-4.350000 1.650000 -0.050000 0 40 255
-4.250000 1.650000 -0.050000 0 40 255
-4.150000 1.650000 -0.050000 0 40 255
-4.050000 1.650000 -0.050000 0 40 255
-4.150000 1.750000 -0.050000 0 40 255
-4.050000 1.750000 -0.050000 0 40 255
-4.150000 1.850000 -0.050000 0 40 255
-4.050000 1.850000 -0.050000 0 40 255
-4.150000 1.950000 -0.050000 0 40 255
-4.050000 1.950000 -0.050000 0 40 255
-4.150000 2.050000 -0.050000 0 40 255
-4.050000 2.050000 -0.050000 0 40 255
-4.150000 2.150000 -0.050000 0 40 255
-4.050000 2.150000 -0.050000 0 40 255
-4.150000 2.250000 -0.050000 0 40 255
-4.050000 2.250000 -0.050000 0 40 255
-4.150000 2.350000 -0.050000 0 40 255
-4.050000 2.350000 -0.050000 0 40 255
-3.950000 1.650000 -0.050000 0 40 255
-3.850000 1.650000 -0.050000 0 40 255
-3.950000 1.750000 -0.050000 0 40 255
-3.850000 1.750000 -0.050000 0 40 255
-3.750000 1.650000 -0.050000 0 40 255
-3.650000 1.650000 -0.050000 0 40 255
-3.750000 1.750000 -0.050000 0 40 255
-3.650000 1.750000 -0.050000 0 40 255
-3.950000 1.850000 -0.050000 0 40 255
-3.850000 1.850000 -0.050000 0 40 255
-3.950000 1.950000 -0.050000 0 40 255
-3.850000 1.950000 -0.050000 0 40 255
-3.750000 1.850000 -0.050000 0 40 255
-3.650000 1.850000 -0.050000 0 40 255
-3.750000 1.950000 -0.050000 0 40 255
-3.650000 1.950000 -0.050000 0 40 255
-3.550000 1.650000 -0.050000 0 40 255
-3.450000 1.650000 -0.050000 0 40 255
-3.550000 1.750000 -0.050000 0 40 255
-3.450000 1.750000 -0.050000 0 40 255
-3.350000 1.650000 -0.050000 0 40 255
-3.250000 1.650000 -0.050000 0 40 255
-3.350000 1.750000 -0.050000 0 40 255
-3.250000 1.750000 -0.050000 0 40 255
-3.550000 1.850000 -0.050000 0 40 255
-3.450000 1.850000 -0.050000 0 40 255
-3.550000 1.950000 -0.050000 0 40 255
-3.450000 1.950000 -0.050000 0 40 255
-3.350000 1.850000 -0.050000 0 40 255
-3.250000 1.850000 -0.050000 0 40 255
-3.350000 1.950000 -0.050000 0 40 255
-3.250000 1.950000 -0.050000 0 40 255
-3.950000 2.050000 -0.050000 0 40 255
-3.850000 2.050000 -0.050000 0 40 255
-3.950000 2.150000 -0.050000 0 40 255
-3.850000 2.150000 -0.050000 0 40 255
-3.750000 2.050000 -0.050000 0 40 255
-3.650000 2.050000 -0.050000 0 40 255
-3.750000 2.150000 -0.050000 0 40 255
-3.650000 2.150000 -0.050000 0 40 255
-3.950000 2.250000 -0.050000 0 40 255
-3.850000 2.250000 -0.050000 0 40 255
-3.950000 2.350000 -0.050000 0 40 255
-3.850000 2.350000 -0.050000 0 40 255
-3.750000 2.250000 -0.050000 0 40 255
-3.650000 2.250000 -0.050000 0 40 255
-3.750000 2.350000 -0.050000 0 40 255
-3.650000 2.350000 -0.050000 0 40 255
-3.550000 2.050000 -0.050000 0 40 255
-3.450000 2.050000 -0.050000 0 40 255
-3.550000 2.150000 -0.050000 0 40 255
-3.450000 2.150000 -0.050000 0 40 255
-3.350000 2.050000 -0.050000 0 40 255
-3.250000 2.050000 -0.050000 0 40 255
-3.350000 2.150000 -0.050000 0 40 255
-3.250000 2.150000 -0.050000 0 40 255
-3.550000 2.250000 -0.050000 0 40 255
-3.450000 2.250000 -0.050000 0 40 255
-3.550000 2.350000 -0.050000 0 40 255
-3.450000 2.350000 -0.050000 0 40 255
-3.350000 2.250000 -0.050000 0 40 255
-3.250000 2.250000 -0.050000 0 40 255
-3.350000 2.350000 -0.050000 0 40 255
-3.250000 2.350000 -0.050000 0 40 255
-4.250000 2.550000 -0.050000 0 40 255
-4.150000 2.450000 -0.050000 0 40 255
-4.050000 2.450000 -0.050000 0 40 255
-4.150000 2.550000 -0.050000 0 40 255
-4.050000 2.550000 -0.050000 0 40 255
-4.250000 2.650000 -0.050000 0 40 255
-4.250000 2.750000 -0.050000 0 40 255
-4.150000 2.650000 -0.050000 0 40 255
-4.050000 2.650000 -0.050000 0 40 255
-4.150000 2.750000 -0.050000 0 40 255
-4.050000 2.750000 -0.050000 0 40 255
-4.250000 2.850000 -0.050000 0 40 255
-4.250000 2.950000 -0.050000 0 40 255
-4.150000 2.850000 -0.050000 0 40 255
-4.050000 2.850000 -0.050000 0 40 255
-4.150000 2.950000 -0.050000 0 40 255
-4.050000 2.950000 -0.050000 0 40 255
-4.250000 3.050000 -0.050000 0 40 255
-4.250000 3.150000 -0.050000 0 40 255
-4.150000 3.050000 -0.050000 0 40 255
-4.050000 3.050000 -0.050000 0 40 255
-4.150000 3.150000 -0.050000 0 40 255
-4.050000 3.150000 -0.050000 0 40 255
-3.950000 2.450000 -0.050000 0 40 255
-3.850000 2.450000 -0.050000 0 40 255
-3.950000 2.550000 -0.050000 0 40 255
-3.850000 2.550000 -0.050000 0 40 255
-3.750000 2.450000 -0.050000 0 40 255
-3.650000 2.450000 -0.050000 0 40 255
-3.750000 2.550000 -0.050000 0 40 255
-3.650000 2.550000 -0.050000 0 40 255
-3.950000 2.650000 -0.050000 0 40 255
-3.850000 2.650000 -0.050000 0 40 255
-3.950000 2.750000 -0.050000 0 40 255
-3.850000 2.750000 -0.050000 0 40 255
-3.750000 2.650000 -0.050000 0 40 255
-3.650000 2.650000 -0.050000 0 40 255
-3.750000 2.750000 -0.050000 0 40 255
-3.650000 2.750000 -0.050000 0 40 255
-3.550000 2.450000 -0.050000 0 40 255
-3.450000 2.450000 -0.050000 0 40 255
-3.550000 2.550000 -0.050000 0 40 255
-3.450000 2.550000 -0.050000 0 40 255
-3.350000 2.450000 -0.050000 0 40 255
-3.250000 2.450000 -0.050000 0 40 255
-3.350000 2.550000 -0.050000 0 40 255
-3.250000 2.550000 -0.050000 0 40 255
-3.550000 2.650000 -0.050000 0 40 255
-3.450000 2.650000 -0.050000 0 40 255
-3.550000 2.750000 -0.050000 0 40 255
-3.450000 2.750000 -0.050000 0 40 255
-3.350000 2.650000 -0.050000 0 40 255
-3.250000 2.650000 -0.050000 0 40 255
-3.350000 2.750000 -0.050000 0 40 255
-3.250000 2.750000 -0.050000 0 40 255
-3.950000 2.850000 -0.050000 0 40 255
-3.850000 2.850000 -0.050000 0 40 255
-3.950000 2.950000 -0.050000 0 40 255
-3.850000 2.950000 -0.050000 0 40 255
-3.750000 2.850000 -0.050000 0 40 255
-3.650000 2.850000 -0.050000 0 40 255
-3.750000 2.950000 -0.050000 0 40 255
-3.650000 2.950000 -0.050000 0 40 255
-3.950000 3.050000 -0.050000 0 40 255
-3.850000 3.050000 -0.050000 0 40 255
-3.950000 3.150000 -0.050000 0 40 255
-3.850000 3.150000 -0.050000 0 40 255
-3.750000 3.050000 -0.050000 0 40 255
-3.650000 3.050000 -0.050000 0 40 255
-3.750000 3.150000 -0.050000 0 40 255
-3.650000 3.150000 -0.050000 0 40 255
-3.550000 2.850000 -0.050000 0 40 255
-3.450000 2.850000 -0.050000 0 40 255
-3.550000 2.950000 -0.050000 0 40 255
-3.450000 2.950000 -0.050000 0 40 255
-3.350000 2.850000 -0.050000 0 40 255
-3.250000 2.850000 -0.050000 0 40 255
-3.350000 2.950000 -0.050000 0 40 255
-3.250000 2.950000 -0.050000 0 40 255
-3.550000 3.050000 -0.050000 0 40 255
-3.450000 3.050000 -0.050000 0 40 255
-3.550000 3.150000 -0.050000 0 40 255
-3.450000 3.150000 -0.050000 0 40 255
-3.350000 3.050000 -0.050000 0 40 255
-3.250000 3.050000 -0.050000 0 40 255
-3.350000 3.150000 -0.050000 0 40 255
-3.250000 3.150000 -0.050000 0 40 255
-3.150000 0.250000 -0.050000 0 40 255
-3.150000 0.350000 -0.050000 0 40 255
-3.050000 0.350000 -0.050000 0 40 255
-2.850000 0.250000 -0.050000 0 40 255
-2.950000 0.350000 -0.050000 0 40 255
-2.850000 0.350000 -0.050000 0 40 255
-2.650000 0.050000 -0.050000 0 40 255
-2.750000 0.150000 -0.050000 0 40 255
-2.650000 0.150000 -0.050000 0 40 255
-2.550000 0.050000 -0.050000 0 40 255
-2.450000 0.050000 -0.050000 0 40 255
-2.550000 0.150000 -0.050000 0 40 255
-2.450000 0.150000 -0.050000 0 40 255
-2.750000 0.250000 -0.050000 0 40 255
-2.650000 0.250000 -0.050000 0 40 255
-2.750000 0.350000 -0.050000 0 40 255
-2.650000 0.350000 -0.050000 0 40 255
-2.550000 0.250000 -0.050000 0 40 255
-2.450000 0.250000 -0.050000 0 40 255
-2.550000 0.350000 -0.050000 0 40 255
-2.450000 0.350000 -0.050000 0 40 255
-3.150000 0.450000 -0.050000 0 40 255
-3.050000 0.450000 -0.050000 0 40 255
-3.150000 0.550000 -0.050000 0 40 255
-3.050000 0.550000 -0.050000 0 40 255
-2.950000 0.450000 -0.050000 0 40 255
-2.850000 0.450000 -0.050000 0 40 255
-2.950000 0.550000 -0.050000 0 40 255
-2.850000 0.550000 -0.050000 0 40 255
-3.150000 0.650000 -0.050000 0 40 255
-3.050000 0.650000 -0.050000 0 40 255
-3.150000 0.750000 -0.050000 0 40 255
-3.050000 0.750000 -0.050000 0 40 255
-2.950000 0.650000 -0.050000 0 40 255
-2.850000 0.650000 -0.050000 0 40 255
-2.950000 0.750000 -0.050000 0 40 255
-2.850000 0.750000 -0.050000 0 40 255
-2.750000 0.450000 -0.050000 0 40 255
-2.650000 0.450000 -0.050000 0 40 255
-2.750000 0.550000 -0.050000 0 40 255
-2.650000 0.550000 -0.050000 0 40 255
-2.550000 0.450000 -0.050000 0 40 255
-2.450000 0.450000 -0.050000 0 40 255
-2.550000 0.550000 -0.050000 0 40 255
-2.450000 0.550000 -0.050000 0 40 255
-2.750000 0.650000 -0.050000 0 40 255
-2.650000 0.650000 -0.050000 0 40 255
-2.750000 0.750000 -0.050000 0 40 255
-2.650000 0.750000 -0.050000 0 40 255
-2.550000 0.650000 -0.050000 0 40 255
-2.450000 0.650000 -0.050000 0 40 255
-2.550000 0.750000 -0.050000 0 40 255
-2.450000 0.750000 -0.050000 0 40 255
-2.350000 0.050000 -0.050000 0 40 255
-2.250000 0.050000 -0.050000 0 40 255
-2.350000 0.150000 -0.050000 0 40 255
-2.250000 0.150000 -0.050000 0 40 255
-2.150000 0.050000 -0.050000 0 40 255
-2.050000 0.050000 -0.050000 0 40 255
-2.150000 0.150000 -0.050000 0 40 255
-2.050000 0.150000 -0.050000 0 40 255
-2.350000 0.250000 -0.050000 0 40 255
-2.250000 0.250000 -0.050000 0 40 255
-2.350000 0.350000 -0.050000 0 40 255
-2.250000 0.350000 -0.050000 0 40 255
-2.150000 0.250000 -0.050000 0 40 255
-2.050000 0.250000 -0.050000 0 40 255
-2.150000 0.350000 -0.050000 0 40 255
-2.050000 0.350000 -0.050000 0 40 255
-1.950000 0.050000 -0.050000 0 40 255
-1.850000 0.050000 -0.050000 0 40 255
-1.950000 0.150000 -0.050000 0 40 255
-1.850000 0.150000 -0.050000 0 40 255
-1.750000 0.050000 -0.050000 0 40 255
-1.650000 0.050000 -0.050000 0 40 255
-1.750000 0.150000 -0.050000 0 40 255
-1.650000 0.150000 -0.050000 0 40 255
-1.950000 0.250000 -0.050000 0 40 255
-1.850000 0.250000 -0.050000 0 40 255
-1.950000 0.350000 -0.050000 0 40 255
-1.850000 0.350000 -0.050000 0 40 255
-1.750000 0.250000 -0.050000 0 40 255
-1.650000 0.250000 -0.050000 0 40 255
-1.750000 0.350000 -0.050000 0 40 255
-1.650000 0.350000 -0.050000 0 40 255
-2.350000 0.450000 -0.050000 0 40 255
-2.250000 0.450000 -0.050000 0 40 255
-2.350000 0.550000 -0.050000 0 40 255
-2.250000 0.550000 -0.050000 0 40 255
-2.150000 0.450000 -0.050000 0 40 255
-2.050000 0.450000 -0.050000 0 40 255
-2.150000 0.550000 -0.050000 0 40 255
-2.050000 0.550000 -0.050000 0 40 255
-2.350000 0.650000 -0.050000 0 40 255
-2.250000 0.650000 -0.050000 0 40 255
-2.350000 0.750000 -0.050000 0 40 255
-2.250000 0.750000 -0.050000 0 40 255
-2.150000 0.650000 -0.050000 0 40 255
-2.050000 0.650000 -0.050000 0 40 255
-2.150000 0.750000 -0.050000 0 40 255
-2.050000 0.750000 -0.050000 0 40 255
-1.950000 0.450000 -0.050000 0 40 255
-1.850000 0.450000 -0.050000 0 40 255
-1.950000 0.550000 -0.050000 0 40 255
-1.850000 0.550000 -0.050000 0 40 255
-1.750000 0.450000 -0.050000 0 40 255
-1.650000 0.450000 -0.050000 0 40 255
-1.750000 0.550000 -0.050000 0 40 255
-1.650000 0.550000 -0.050000 0 40 255
-1.950000 0.650000 -0.050000 0 40 255
-1.850000 0.650000 -0.050000 0 40 255
-1.950000 0.750000 -0.050000 0 40 255
-1.850000 0.750000 -0.050000 0 40 255
-1.750000 0.650000 -0.050000 0 40 255
-1.650000 0.650000 -0.050000 0 40 255
-1.750000 0.750000 -0.050000 0 40 255
-1.650000 0.750000 -0.050000 0 40 255
-3.150000 0.850000 -0.050000 0 40 255
-3.050000 0.850000 -0.050000 0 40 255
-3.150000 0.950000 -0.050000 0 40 255
-3.050000 0.950000 -0.050000 0 40 255
-2.950000 0.850000 -0.050000 0 40 255
-2.850000 0.850000 -0.050000 0 40 255
-2.950000 0.950000 -0.050000 0 40 255
-2.850000 0.950000 -0.050000 0 40 255
-3.150000 1.050000 -0.050000 0 40 255
-3.050000 1.050000 -0.050000 0 40 255
-3.150000 1.150000 -0.050000 0 40 255
-3.050000 1.150000 -0.050000 0 40 255
-2.950000 1.050000 -0.050000 0 40 255
-2.850000 1.050000 -0.050000 0 40 255
-2.950000 1.150000 -0.050000 0 40 255
-2.850000 1.150000 -0.050000 0 40 255
-2.750000 0.850000 -0.050000 0 40 255
-2.650000 0.850000 -0.050000 0 40 255
-2.750000 0.950000 -0.050000 0 40 255
-2.650000 0.950000 -0.050000 0 40 255
-2.550000 0.850000 -0.050000 0 40 255
-2.450000 0.850000 -0.050000 0 40 255
-2.550000 0.950000 -0.050000 0 40 255
-2.450000 0.950000 -0.050000 0 40 255
-2.750000 1.050000 -0.050000 0 40 255
-2.650000 1.050000 -0.050000 0 40 255
-2.750000 1.150000 -0.050000 0 40 255
-2.650000 1.150000 -0.050000 0 40 255
-2.550000 1.050000 -0.050000 0 40 255
-2.450000 1.050000 -0.050000 0 40 255
-2.550000 1.150000 -0.050000 0 40 255
-2.450000 1.150000 -0.050000 0 40 255
-3.150000 1.250000 -0.050000 0 40 255
-3.050000 1.250000 -0.050000 0 40 255
-3.150000 1.350000 -0.050000 0 40 255
-3.050000 1.350000 -0.050000 0 40 255
-2.950000 1.250000 -0.050000 0 40 255
-2.850000 1.250000 -0.050000 0 40 255
-2.950000 1.350000 -0.050000 0 40 255
-2.850000 1.350000 -0.050000 0 40 255
-3.150000 1.450000 -0.050000 0 40 255
-3.050000 1.450000 -0.050000 0 40 255
-3.150000 1.550000 -0.050000 0 40 255
-3.050000 1.550000 -0.050000 0 40 255
-2.950000 1.450000 -0.050000 0 40 255
-2.850000 1.450000 -0.050000 0 40 255
-2.950000 1.550000 -0.050000 0 40 255
-2.850000 1.550000 -0.050000 0 40 255
-2.750000 1.250000 -0.050000 0 40 255
-2.650000 1.250000 -0.050000 0 40 255
-2.750000 1.350000 -0.050000 0 40 255
-2.650000 1.350000 -0.050000 0 40 255
-2.550000 1.250000 -0.050000 0 40 255
-2.450000 1.250000 -0.050000 0 40 255
-2.550000 1.350000 -0.050000 0 40 255
-2.450000 1.350000 -0.050000 0 40 255
-2.750000 1.450000 -0.050000 0 40 255
-2.650000 1.450000 -0.050000 0 40 255
-2.750000 1.550000 -0.050000 0 40 255
-2.650000 1.550000 -0.050000 0 40 255
-2.550000 1.450000 -0.050000 0 40 255
-2.450000 1.450000 -0.050000 0 40 255
-2.550000 1.550000 -0.050000 0 40 255
-2.450000 1.550000 -0.050000 0 40 255
-2.350000 0.850000 -0.050000 0 40 255
-2.250000 0.850000 -0.050000 0 40 255
-2.350000 0.950000 -0.050000 0 40 255
-2.250000 0.950000 -0.050000 0 40 255
-2.150000 0.850000 -0.050000 0 40 255
-2.050000 0.850000 -0.050000 0 40 255
-2.150000 0.950000 -0.050000 0 40 255
-2.050000 0.950000 -0.050000 0 40 255
-2.350000 1.050000 -0.050000 0 40 255
-2.250000 1.050000 -0.050000 0 40 255
-2.350000 1.150000 -0.050000 0 40 255
-2.250000 1.150000 -0.050000 0 40 255
-2.150000 1.050000 -0.050000 0 40 255
-2.050000 1.050000 -0.050000 0 40 255
-2.150000 1.150000 -0.050000 0 40 255
-2.050000 1.150000 -0.050000 0 40 255
-1.950000 0.850000 -0.050000 0 40 255
-1.850000 0.850000 -0.050000 0 40 255
-1.950000 0.950000 -0.050000 0 40 255
-1.850000 0.950000 -0.050000 0 40 255
-1.750000 0.850000 -0.050000 0 40 255
-1.650000 0.850000 -0.050000 0 40 255
-1.750000 0.950000 -0.050000 0 40 255
-1.650000 0.950000 -0.050000 0 40 255
-1.950000 1.050000 -0.050000 0 40 255
-1.850000 1.050000 -0.050000 0 40 255
-1.950000 1.150000 -0.050000 0 40 255
-1.850000 1.150000 -0.050000 0 40 255
-1.750000 1.050000 -0.050000 0 40 255
-1.650000 1.050000 -0.050000 0 40 255
-1.750000 1.150000 -0.050000 0 40 255
-1.650000 1.150000 -0.050000 0 40 255
-2.350000 1.250000 -0.050000 0 40 255
-2.250000 1.250000 -0.050000 0 40 255
-2.350000 1.350000 -0.050000 0 40 255
-2.250000 1.350000 -0.050000 0 40 255
-2.150000 1.250000 -0.050000 0 40 255
-2.050000 1.250000 -0.050000 0 40 255
-2.150000 1.350000 -0.050000 0 40 255
-2.050000 1.350000 -0.050000 0 40 255
-2.350000 1.450000 -0.050000 0 40 255
-2.250000 1.450000 -0.050000 0 40 255
-2.350000 1.550000 -0.050000 0 40 255
-2.250000 1.550000 -0.050000 0 40 255
-2.150000 1.450000 -0.050000 0 40 255
-2.050000 1.450000 -0.050000 0 40 255
-2.150000 1.550000 -0.050000 0 40 255
-2.050000 1.550000 -0.050000 0 40 255
-1.950000 1.250000 -0.050000 0 40 255
-1.850000 1.250000 -0.050000 0 40 255
-1.950000 1.350000 -0.050000 0 40 255
-1.850000 1.350000 -0.050000 0 40 255
-1.750000 1.250000 -0.050000 0 40 255
-1.650000 1.250000 -0.050000 0 40 255
-1.750000 1.350000 -0.050000 0 40 255
-1.650000 1.350000 -0.050000 0 40 255
-1.950000 1.450000 -0.050000 0 40 255
-1.850000 1.450000 -0.050000 0 40 255
-1.950000 1.550000 -0.050000 0 40 255
-1.850000 1.550000 -0.050000 0 40 255
-1.750000 1.450000 -0.050000 0 40 255
-1.650000 1.450000 -0.050000 0 40 255
-1.750000 1.550000 -0.050000 0 40 255
-1.650000 1.550000 -0.050000 0 40 255
-1.550000 0.050000 -0.050000 0 40 255
-1.450000 0.050000 -0.050000 0 40 255
-1.550000 0.150000 -0.050000 0 40 255
-1.450000 0.150000 -0.050000 0 40 255
-1.350000 0.050000 -0.050000 0 40 255
-1.250000 0.050000 -0.050000 0 40 255
-1.350000 0.150000 -0.050000 0 40 255
-1.250000 0.150000 -0.050000 0 40 255
-1.550000 0.250000 -0.050000 0 40 255
-1.450000 0.250000 -0.050000 0 40 255
-1.550000 0.350000 -0.050000 0 40 255
-1.450000 0.350000 -0.050000 0 40 255
-1.350000 0.250000 -0.050000 0 40 255
-1.250000 0.250000 -0.050000 0 40 255
-1.350000 0.350000 -0.050000 0 40 255
-1.250000 0.350000 -0.050000 0 40 255
-1.150000 0.050000 -0.050000 0 40 255
-1.050000 0.050000 -0.050000 0 40 255
-1.150000 0.150000 -0.050000 0 40 255
-1.050000 0.150000 -0.050000 0 40 255
-0.950000 0.050000 -0.050000 0 40 255
-0.850000 0.050000 -0.050000 0 40 255
-0.950000 0.150000 -0.050000 0 40 255
-0.850000 0.150000 -0.050000 0 40 255
-1.150000 0.250000 -0.050000 0 40 255
-1.050000 0.250000 -0.050000 0 40 255
-1.150000 0.350000 -0.050000 0 40 255
-1.050000 0.350000 -0.050000 0 40 255
-0.950000 0.250000 -0.050000 0 40 255
-0.850000 0.250000 -0.050000 0 40 255
-0.950000 0.350000 -0.050000 0 40 255
-0.850000 0.350000 -0.050000 0 40 255
-1.550000 0.450000 -0.050000 0 40 255
-1.450000 0.450000 -0.050000 0 40 255
-1.550000 0.550000 -0.050000 0 40 255
-1.450000 0.550000 -0.050000 0 40 255
-1.350000 0.450000 -0.050000 0 40 255
-1.250000 0.450000 -0.050000 0 40 255
-1.350000 0.550000 -0.050000 0 40 255
-1.250000 0.550000 -0.050000 0 40 255
-1.550000 0.650000 -0.050000 0 40 255
-1.450000 0.650000 -0.050000 0 40 255
-1.550000 0.750000 -0.050000 0 40 255
-1.450000 0.750000 -0.050000 0 40 255
-1.350000 0.650000 -0.050000 0 40 255
-1.250000 0.650000 -0.050000 0 40 255
-1.350000 0.750000 -0.050000 0 40 255
-1.250000 0.750000 -0.050000 0 40 255
-1.150000 0.450000 -0.050000 0 40 255
-1.050000 0.450000 -0.050000 0 40 255
-1.150000 0.550000 -0.050000 0 40 255
-1.050000 0.550000 -0.050000 0 40 255
-0.950000 0.450000 -0.050000 0 40 255
-0.850000 0.450000 -0.050000 0 40 255
-0.950000 0.550000 -0.050000 0 40 255
-0.850000 0.550000 -0.050000 0 40 255
-1.150000 0.650000 -0.050000 0 40 255
-1.050000 0.650000 -0.050000 0 40 255
-1.150000 0.750000 -0.050000 0 40 255
-1.050000 0.750000 -0.050000 0 40 255
-0.950000 0.650000 -0.050000 0 40 255
-0.850000 0.650000 -0.050000 0 40 255
-0.950000 0.750000 -0.050000 0 40 255
-0.850000 0.750000 -0.050000 0 40 255
-0.750000 0.050000 -0.050000 0 40 255
-0.650000 0.050000 -0.050000 0 40 255
-0.750000 0.150000 -0.050000 0 40 255
-0.650000 0.150000 -0.050000 0 40 255
-0.550000 0.050000 -0.050000 0 40 255
-0.450000 0.050000 -0.050000 0 40 255
-0.550000 0.150000 -0.050000 0 40 255
-0.450000 0.150000 -0.050000 0 40 255
-0.750000 0.250000 -0.050000 0 40 255
-0.650000 0.250000 -0.050000 0 40 255
-0.750000 0.350000 -0.050000 0 40 255
-0.650000 0.350000 -0.050000 0 40 255
-0.550000 0.250000 -0.050000 0 40 255
-0.450000 0.250000 -0.050000 0 40 255
-0.550000 0.350000 -0.050000 0 40 255
-0.450000 0.350000 -0.050000 0 40 255
-0.350000 0.050000 -0.050000 0 40 255
-0.250000 0.050000 -0.050000 0 40 255
-0.350000 0.150000 -0.050000 0 40 255
-0.250000 0.150000 -0.050000 0 40 255
-0.150000 0.050000 -0.050000 0 40 255
-0.050000 0.050000 -0.050000 0 40 255
-0.150000 0.150000 -0.050000 0 40 255
-0.050000 0.150000 -0.050000 0 40 255
-0.350000 0.250000 -0.050000 0 40 255
-0.250000 0.250000 -0.050000 0 40 255
-0.150000 0.250000 -0.050000 0 40 255
-0.050000 0.250000 -0.050000 0 40 255
-0.150000 0.350000 -0.050000 0 40 255
-0.050000 0.350000 -0.050000 0 40 255
-0.750000 0.450000 -0.050000 0 40 255
-0.650000 0.450000 -0.050000 0 40 255
-0.750000 0.550000 -0.050000 0 40 255
-0.650000 0.550000 -0.050000 0 40 255
-0.550000 0.450000 -0.050000 0 40 255
-0.450000 0.450000 -0.050000 0 40 255
-0.550000 0.550000 -0.050000 0 40 255
-0.750000 0.650000 -0.050000 0 40 255
-0.650000 0.650000 -0.050000 0 40 255
-0.750000 0.750000 -0.050000 0 40 255
-0.650000 0.750000 -0.050000 0 40 255
-0.550000 0.650000 -0.050000 0 40 255
-0.550000 0.750000 -0.050000 0 40 255
-0.450000 0.750000 -0.050000 0 40 255
-0.350000 0.750000 -0.050000 0 40 255
-0.250000 0.750000 -0.050000 0 40 255
-0.150000 0.750000 -0.050000 0 40 255
-0.050000 0.750000 -0.050000 0 40 255
-1.550000 0.850000 -0.050000 0 40 255
-1.450000 0.850000 -0.050000 0 40 255
-1.550000 0.950000 -0.050000 0 40 255
-1.450000 0.950000 -0.050000 0 40 255
-1.350000 0.850000 -0.050000 0 40 255
-1.250000 0.850000 -0.050000 0 40 255
-1.350000 0.950000 -0.050000 0 40 255
-1.250000 0.950000 -0.050000 0 40 255
-1.550000 1.050000 -0.050000 0 40 255
-1.450000 1.050000 -0.050000 0 40 255
-1.550000 1.150000 -0.050000 0 40 255
-1.450000 1.150000 -0.050000 0 40 255
-1.350000 1.050000 -0.050000 0 40 255
-1.250000 1.050000 -0.050000 0 40 255
-1.350000 1.150000 -0.050000 0 40 255
-1.250000 1.150000 -0.050000 0 40 255
-1.150000 0.850000 -0.050000 0 40 255
-1.050000 0.850000 -0.050000 0 40 255
-1.150000 0.950000 -0.050000 0 40 255
-1.050000 0.950000 -0.050000 0 40 255
-0.950000 0.850000 -0.050000 0 40 255
-0.850000 0.850000 -0.050000 0 40 255
-0.950000 0.950000 -0.050000 0 40 255
-0.850000 0.950000 -0.050000 0 40 255
-1.150000 1.050000 -0.050000 0 40 255
-1.050000 1.050000 -0.050000 0 40 255
-1.150000 1.150000 -0.050000 0 40 255
-1.050000 1.150000 -0.050000 0 40 255
-0.950000 1.050000 -0.050000 0 40 255
-0.850000 1.050000 -0.050000 0 40 255
-0.950000 1.150000 -0.050000 0 40 255
-0.850000 1.150000 -0.050000 0 40 255
-1.550000 1.250000 -0.050000 0 40 255
-1.450000 1.250000 -0.050000 0 40 255
-1.550000 1.350000 -0.050000 0 40 255
-1.450000 1.350000 -0.050000 0 40 255
-1.350000 1.250000 -0.050000 0 40 255
-1.250000 1.250000 -0.050000 0 40 255
-1.350000 1.350000 -0.050000 0 40 255
-1.250000 1.350000 -0.050000 0 40 255
-1.550000 1.450000 -0.050000 0 40 255
-1.450000 1.450000 -0.050000 0 40 255
-1.550000 1.550000 -0.050000 0 40 255
-1.450000 1.550000 -0.050000 0 40 255
-1.350000 1.450000 -0.050000 0 40 255
-1.250000 1.450000 -0.050000 0 40 255
-1.350000 1.550000 -0.050000 0 40 255
-1.250000 1.550000 -0.050000 0 40 255
-1.150000 1.250000 -0.050000 0 40 255
-1.050000 1.250000 -0.050000 0 40 255
-1.150000 1.350000 -0.050000 0 40 255
-1.050000 1.350000 -0.050000 0 40 255
-0.950000 1.250000 -0.050000 0 40 255
-0.850000 1.250000 -0.050000 0 40 255
-0.950000 1.350000 -0.050000 0 40 255
-0.850000 1.350000 -0.050000 0 40 255
-1.150000 1.450000 -0.050000 0 40 255
-1.050000 1.450000 -0.050000 0 40 255
-1.150000 1.550000 -0.050000 0 40 255
-1.050000 1.550000 -0.050000 0 40 255
-0.950000 1.450000 -0.050000 0 40 255
-0.850000 1.450000 -0.050000 0 40 255
-0.950000 1.550000 -0.050000 0 40 255
-0.850000 1.550000 -0.050000 0 40 255
-0.750000 0.850000 -0.050000 0 40 255
-0.650000 0.850000 -0.050000 0 40 255
-0.750000 0.950000 -0.050000 0 40 255
-0.650000 0.950000 -0.050000 0 40 255
-0.550000 0.850000 -0.050000 0 40 255
-0.450000 0.850000 -0.050000 0 40 255
-0.550000 0.950000 -0.050000 0 40 255
-0.450000 0.950000 -0.050000 0 40 255
-0.750000 1.050000 -0.050000 0 40 255
-0.650000 1.050000 -0.050000 0 40 255
-0.750000 1.150000 -0.050000 0 40 255
-0.650000 1.150000 -0.050000 0 40 255
-0.550000 1.050000 -0.050000 0 40 255
-0.450000 1.050000 -0.050000 0 40 255
-0.550000 1.150000 -0.050000 0 40 255
-0.450000 1.150000 -0.050000 0 40 255
-0.350000 0.850000 -0.050000 0 40 255
-0.250000 0.850000 -0.050000 0 40 255
-0.350000 0.950000 -0.050000 0 40 255
-0.250000 0.950000 -0.050000 0 40 255
-0.150000 0.850000 -0.050000 0 40 255
-0.050000 0.850000 -0.050000 0 40 255
-0.150000 0.950000 -0.050000 0 40 255
-0.050000 0.950000 -0.050000 0 40 255
-0.350000 1.050000 -0.050000 0 40 255
-0.250000 1.050000 -0.050000 0 40 255
-0.350000 1.150000 -0.050000 0 40 255
-0.250000 1.150000 -0.050000 0 40 255
-0.150000 1.050000 -0.050000 0 40 255
-0.050000 1.050000 -0.050000 0 40 255
-0.150000 1.150000 -0.050000 0 40 255
-0.050000 1.150000 -0.050000 0 40 255
-0.750000 1.250000 -0.050000 0 40 255
-0.650000 1.250000 -0.050000 0 40 255
-0.750000 1.350000 -0.050000 0 40 255
-0.650000 1.350000 -0.050000 0 40 255
-0.550000 1.250000 -0.050000 0 40 255
-0.450000 1.250000 -0.050000 0 40 255
-0.550000 1.350000 -0.050000 0 40 255
-0.450000 1.350000 -0.050000 0 40 255
-0.750000 1.450000 -0.050000 0 40 255
-0.650000 1.450000 -0.050000 0 40 255
-0.750000 1.550000 -0.050000 0 40 255
-0.650000 1.550000 -0.050000 0 40 255
-0.550000 1.450000 -0.050000 0 40 255
-0.450000 1.450000 -0.050000 0 40 255
-0.550000 1.550000 -0.050000 0 40 255
-0.450000 1.550000 -0.050000 0 40 255
-0.350000 1.250000 -0.050000 0 40 255
-0.250000 1.250000 -0.050000 0 40 255
-0.350000 1.350000 -0.050000 0 40 255
-0.250000 1.350000 -0.050000 0 40 255
-0.150000 1.250000 -0.050000 0 40 255
-0.050000 1.250000 -0.050000 0 40 255
-0.150000 1.350000 -0.050000 0 40 255
-0.050000 1.350000 -0.050000 0 40 255
-0.350000 1.450000 -0.050000 0 40 255
-0.250000 1.450000 -0.050000 0 40 255
-0.350000 1.550000 -0.050000 0 40 255
-0.250000 1.550000 -0.050000 0 40 255
-0.150000 1.450000 -0.050000 0 40 255
-0.050000 1.450000 -0.050000 0 40 255
-0.150000 1.550000 -0.050000 0 40 255
-0.050000 1.550000 -0.050000 0 40 255
-3.150000 1.650000 -0.050000 0 40 255
-3.050000 1.650000 -0.050000 0 40 255
-3.150000 1.750000 -0.050000 0 40 255
-3.050000 1.750000 -0.050000 0 40 255
-2.950000 1.650000 -0.050000 0 40 255
-2.850000 1.650000 -0.050000 0 40 255
-2.950000 1.750000 -0.050000 0 40 255
-2.850000 1.750000 -0.050000 0 40 255
-3.150000 1.850000 -0.050000 0 40 255
-3.050000 1.850000 -0.050000 0 40 255
-3.150000 1.950000 -0.050000 0 40 255
-3.050000 1.950000 -0.050000 0 40 255
-2.950000 1.850000 -0.050000 0 40 255
-2.850000 1.850000 -0.050000 0 40 255
-2.950000 1.950000 -0.050000 0 40 255
-2.850000 1.950000 -0.050000 0 40 255
-2.750000 1.650000 -0.050000 0 40 255
-2.650000 1.650000 -0.050000 0 40 255
-2.750000 1.750000 -0.050000 0 40 255
-2.650000 1.750000 -0.050000 0 40 255
-2.550000 1.650000 -0.050000 0 40 255
-2.450000 1.650000 -0.050000 0 40 255
-2.550000 1.750000 -0.050000 0 40 255
-2.450000 1.750000 -0.050000 0 40 255
-2.750000 1.850000 -0.050000 0 40 255
-2.650000 1.850000 -0.050000 0 40 255
-2.750000 1.950000 -0.050000 0 40 255
-2.650000 1.950000 -0.050000 0 40 255
-2.550000 1.850000 -0.050000 0 40 255
-2.450000 1.850000 -0.050000 0 40 255
-2.550000 1.950000 -0.050000 0 40 255
-2.450000 1.950000 -0.050000 0 40 255
-3.150000 2.050000 -0.050000 0 40 255
-3.050000 2.050000 -0.050000 0 40 255
-3.150000 2.150000 -0.050000 0 40 255
-3.050000 2.150000 -0.050000 0 40 255
-2.950000 2.050000 -0.050000 0 40 255
-2.850000 2.050000 -0.050000 0 40 255
-2.950000 2.150000 -0.050000 0 40 255
-2.850000 2.150000 -0.050000 0 40 255
-3.150000 2.250000 -0.050000 0 40 255
-3.050000 2.250000 -0.050000 0 40 255
-3.150000 2.350000 -0.050000 0 40 255
-3.050000 2.350000 -0.050000 0 40 255
-2.950000 2.250000 -0.050000 0 40 255
-2.850000 2.250000 -0.050000 0 40 255
-2.950000 2.350000 -0.050000 0 40 255
-2.850000 2.350000 -0.050000 0 40 255
-2.750000 2.050000 -0.050000 0 40 255
-2.650000 2.050000 -0.050000 0 40 255
-2.750000 2.150000 -0.050000 0 40 255
-2.650000 2.150000 -0.050000 0 40 255
-2.550000 2.050000 -0.050000 0 40 255
-2.450000 2.050000 -0.050000 0 40 255
-2.550000 2.150000 -0.050000 0 40 255
-2.450000 2.150000 -0.050000 0 40 255
-2.750000 2.250000 -0.050000 0 40 255
-2.650000 2.250000 -0.050000 0 40 255
-2.750000 2.350000 -0.050000 0 40 255
-2.650000 2.350000 -0.050000 0 40 255
-2.550000 2.250000 -0.050000 0 40 255
-2.450000 2.250000 -0.050000 0 40 255
-2.550000 2.350000 -0.050000 0 40 255
-2.450000 2.350000 -0.050000 0 40 255
-2.350000 1.650000 -0.050000 0 40 255
-2.250000 1.650000 -0.050000 0 40 255
-2.350000 1.750000 -0.050000 0 40 255
-2.250000 1.750000 -0.050000 0 40 255
-2.150000 1.650000 -0.050000 0 40 255
-2.050000 1.650000 -0.050000 0 40 255
-2.150000 1.750000 -0.050000 0 40 255
-2.050000 1.750000 -0.050000 0 40 255
-2.350000 1.850000 -0.050000 0 40 255
-2.250000 1.850000 -0.050000 0 40 255
-2.350000 1.950000 -0.050000 0 40 255
-2.250000 1.950000 -0.050000 0 40 255
-2.150000 1.850000 -0.050000 0 40 255
-2.050000 1.850000 -0.050000 0 40 255
-2.150000 1.950000 -0.050000 0 40 255
-2.050000 1.950000 -0.050000 0 40 255
-1.950000 1.650000 -0.050000 0 40 255
-1.850000 1.650000 -0.050000 0 40 255
-1.950000 1.750000 -0.050000 0 40 255
-1.850000 1.750000 -0.050000 0 40 255
-1.750000 1.650000 -0.050000 0 40 255
-1.650000 1.650000 -0.050000 0 40 255
-1.750000 1.750000 -0.050000 0 40 255
-1.650000 1.750000 -0.050000 0 40 255
-1.950000 1.850000 -0.050000 0 40 255
-1.850000 1.850000 -0.050000 0 40 255
-1.950000 1.950000 -0.050000 0 40 255
-1.850000 1.950000 -0.050000 0 40 255
-1.750000 1.850000 -0.050000 0 40 255
-1.650000 1.850000 -0.050000 0 40 255
-1.750000 1.950000 -0.050000 0 40 255
-1.650000 1.950000 -0.050000 0 40 255
-2.350000 2.050000 -0.050000 0 40 255
-2.250000 2.050000 -0.050000 0 40 255
-2.350000 2.150000 -0.050000 0 40 255
-2.250000 2.150000 -0.050000 0 40 255
-2.150000 2.050000 -0.050000 0 40 255
-2.050000 2.050000 -0.050000 0 40 255
-2.150000 2.150000 -0.050000 0 40 255
-2.050000 2.150000 -0.050000 0 40 255
-2.350000 2.250000 -0.050000 0 40 255
-2.250000 2.250000 -0.050000 0 40 255
-2.350000 2.350000 -0.050000 0 40 255
-2.250000 2.350000 -0.050000 0 40 255
-2.150000 2.250000 -0.050000 0 40 255
-2.050000 2.250000 -0.050000 0 40 255
-2.150000 2.350000 -0.050000 0 40 255
-2.050000 2.350000 -0.050000 0 40 255
-1.950000 2.050000 -0.050000 0 40 255
-1.850000 2.050000 -0.050000 0 40 255
-1.950000 2.150000 -0.050000 0 40 255
-1.850000 2.150000 -0.050000 0 40 255
-1.750000 2.050000 -0.050000 0 40 255
-1.650000 2.050000 -0.050000 0 40 255
-1.750000 2.150000 -0.050000 0 40 255
-1.650000 2.150000 -0.050000 0 40 255
-1.950000 2.250000 -0.050000 0 40 255
-1.850000 2.250000 -0.050000 0 40 255
-1.950000 2.350000 -0.050000 0 40 255
-1.850000 2.350000 -0.050000 0 40 255
-1.750000 2.250000 -0.050000 0 40 255
-1.650000 2.250000 -0.050000 0 40 255
-1.750000 2.350000 -0.050000 0 40 255
-1.650000 2.350000 -0.050000 0 40 255
-3.150000 2.450000 -0.050000 0 40 255
-3.050000 2.450000 -0.050000 0 40 255
-3.150000 2.550000 -0.050000 0 40 255
-3.050000 2.550000 -0.050000 0 40 255
-2.950000 2.450000 -0.050000 0 40 255
-2.850000 2.450000 -0.050000 0 40 255
-2.950000 2.550000 -0.050000 0 40 255
-2.850000 2.550000 -0.050000 0 40 255
-3.150000 2.650000 -0.050000 0 40 255
-3.050000 2.650000 -0.050000 0 40 255
-3.150000 2.750000 -0.050000 0 40 255
-3.050000 2.750000 -0.050000 0 40 255
-2.950000 2.650000 -0.050000 0 40 255
-2.850000 2.650000 -0.050000 0 40 255
-2.950000 2.750000 -0.050000 0 40 255
-2.850000 2.750000 -0.050000 0 40 255
-2.750000 2.450000 -0.050000 0 40 255
-2.650000 2.450000 -0.050000 0 40 255
-2.750000 2.550000 -0.050000 0 40 255
-2.650000 2.550000 -0.050000 0 40 255
-2.550000 2.450000 -0.050000 0 40 255
-2.450000 2.450000 -0.050000 0 40 255
-2.550000 2.550000 -0.050000 0 40 255
-2.450000 2.550000 -0.050000 0 40 255
-2.750000 2.650000 -0.050000 0 40 255
-2.650000 2.650000 -0.050000 0 40 255
-2.750000 2.750000 -0.050000 0 40 255
-2.650000 2.750000 -0.050000 0 40 255
-2.550000 2.650000 -0.050000 0 40 255
-2.450000 2.650000 -0.050000 0 40 255
-2.550000 2.750000 -0.050000 0 40 255
-2.450000 2.750000 -0.050000 0 40 255
-3.150000 2.850000 -0.050000 0 40 255
-3.050000 2.850000 -0.050000 0 40 255
-3.150000 2.950000 -0.050000 0 40 255
-3.050000 2.950000 -0.050000 0 40 255
-2.950000 2.850000 -0.050000 0 40 255
-2.850000 2.850000 -0.050000 0 40 255
-2.950000 2.950000 -0.050000 0 40 255
-2.850000 2.950000 -0.050000 0 40 255
-3.150000 3.050000 -0.050000 0 40 255
-3.050000 3.050000 -0.050000 0 40 255
-3.150000 3.150000 -0.050000 0 40 255
-3.050000 3.150000 -0.050000 0 40 255
-2.950000 3.050000 -0.050000 0 40 255
-2.850000 3.050000 -0.050000 0 40 255
-2.950000 3.150000 -0.050000 0 40 255
-2.850000 3.150000 -0.050000 0 40 255
-2.750000 2.850000 -0.050000 0 40 255
-2.650000 2.850000 -0.050000 0 40 255
-2.750000 2.950000 -0.050000 0 40 255
-2.650000 2.950000 -0.050000 0 40 255
-2.550000 2.850000 -0.050000 0 40 255
-2.450000 2.850000 -0.050000 0 40 255
-2.550000 2.950000 -0.050000 0 40 255
-2.450000 2.950000 -0.050000 0 40 255
-2.750000 3.050000 -0.050000 0 40 255
-2.650000 3.050000 -0.050000 0 40 255
-2.750000 3.150000 -0.050000 0 40 255
-2.650000 3.150000 -0.050000 0 40 255
-2.550000 3.050000 -0.050000 0 40 255
-2.450000 3.050000 -0.050000 0 40 255
-2.550000 3.150000 -0.050000 0 40 255
-2.450000 3.150000 -0.050000 0 40 255
-2.350000 2.450000 -0.050000 0 40 255
-2.250000 2.450000 -0.050000 0 40 255
-2.350000 2.550000 -0.050000 0 40 255
-2.250000 2.550000 -0.050000 0 40 255
-2.150000 2.450000 -0.050000 0 40 255
-2.050000 2.450000 -0.050000 0 40 255
-2.150000 2.550000 -0.050000 0 40 255
-2.050000 2.550000 -0.050000 0 40 255
-2.350000 2.650000 -0.050000 0 40 255
-2.250000 2.650000 -0.050000 0 40 255
-2.350000 2.750000 -0.050000 0 40 255
-2.250000 2.750000 -0.050000 0 40 255
-2.150000 2.650000 -0.050000 0 40 255
-2.050000 2.650000 -0.050000 0 40 255
-2.150000 2.750000 -0.050000 0 40 255
-2.050000 2.750000 -0.050000 0 40 255
-1.950000 2.450000 -0.050000 0 40 255
-1.850000 2.450000 -0.050000 0 40 255
-1.950000 2.550000 -0.050000 0 40 255
-1.850000 2.550000 -0.050000 0 40 255
-1.750000 2.450000 -0.050000 0 40 255
-1.650000 2.450000 -0.050000 0 40 255
-1.750000 2.550000 -0.050000 0 40 255
-1.650000 2.550000 -0.050000 0 40 255
-1.950000 2.650000 -0.050000 0 40 255
-1.850000 2.650000 -0.050000 0 40 255
-1.950000 2.750000 -0.050000 0 40 255
-1.850000 2.750000 -0.050000 0 40 255
-1.750000 2.650000 -0.050000 0 40 255
-1.650000 2.650000 -0.050000 0 40 255
-1.750000 2.750000 -0.050000 0 40 255
-1.650000 2.750000 -0.050000 0 40 255
-2.350000 2.850000 -0.050000 0 40 255
-2.250000 2.850000 -0.050000 0 40 255
-2.350000 2.950000 -0.050000 0 40 255
-2.250000 2.950000 -0.050000 0 40 255
-2.150000 2.850000 -0.050000 0 40 255
-2.050000 2.850000 -0.050000 0 40 255
-2.150000 2.950000 -0.050000 0 40 255
-2.050000 2.950000 -0.050000 0 40 255
-2.350000 3.050000 -0.050000 0 40 255
-2.250000 3.050000 -0.050000 0 40 255
-2.350000 3.150000 -0.050000 0 40 255
-2.250000 3.150000 -0.050000 0 40 255
-2.150000 3.050000 -0.050000 0 40 255
-2.050000 3.050000 -0.050000 0 40 255
-2.150000 3.150000 -0.050000 0 40 255
-2.050000 3.150000 -0.050000 0 40 255
-1.950000 2.850000 -0.050000 0 40 255
-1.850000 2.850000 -0.050000 0 40 255
-1.950000 2.950000 -0.050000 0 40 255
-1.850000 2.950000 -0.050000 0 40 255
-1.750000 2.850000 -0.050000 0 40 255
-1.650000 2.850000 -0.050000 0 40 255
-1.750000 2.950000 -0.050000 0 40 255
-1.650000 2.950000 -0.050000 0 40 255
-1.950000 3.050000 -0.050000 0 40 255
-1.850000 3.050000 -0.050000 0 40 255
-1.950000 3.150000 -0.050000 0 40 255
-1.850000 3.150000 -0.050000 0 40 255
-1.750000 3.050000 -0.050000 0 40 255
-1.650000 3.050000 -0.050000 0 40 255
-1.750000 3.150000 -0.050000 0 40 255
-1.650000 3.150000 -0.050000 0 40 255
-1.550000 1.650000 -0.050000 0 40 255
-1.450000 1.650000 -0.050000 0 40 255
-1.550000 1.750000 -0.050000 0 40 255
-1.450000 1.750000 -0.050000 0 40 255
-1.350000 1.650000 -0.050000 0 40 255
-1.250000 1.650000 -0.050000 0 40 255
-1.350000 1.750000 -0.050000 0 40 255
-1.250000 1.750000 -0.050000 0 40 255
-1.550000 1.850000 -0.050000 0 40 255
-1.450000 1.850000 -0.050000 0 40 255
-1.550000 1.950000 -0.050000 0 40 255
-1.450000 1.950000 -0.050000 0 40 255
-1.350000 1.850000 -0.050000 0 40 255
-1.250000 1.850000 -0.050000 0 40 255
-1.350000 1.950000 -0.050000 0 40 255
-1.250000 1.950000 -0.050000 0 40 255
-1.150000 1.650000 -0.050000 0 40 255
-1.050000 1.650000 -0.050000 0 40 255
-1.150000 1.750000 -0.050000 0 40 255
-1.050000 1.750000 -0.050000 0 40 255
-0.950000 1.650000 -0.050000 0 40 255
-0.850000 1.650000 -0.050000 0 40 255
-0.950000 1.750000 -0.050000 0 40 255
-0.850000 1.750000 -0.050000 0 40 255
-1.150000 1.850000 -0.050000 0 40 255
-1.050000 1.850000 -0.050000 0 40 255
-1.150000 1.950000 -0.050000 0 40 255
-1.050000 1.950000 -0.050000 0 40 255
-0.950000 1.850000 -0.050000 0 40 255
-0.850000 1.850000 -0.050000 0 40 255
-0.950000 1.950000 -0.050000 0 40 255
-0.850000 1.950000 -0.050000 0 40 255
-1.550000 2.050000 -0.050000 0 40 255
-1.450000 2.050000 -0.050000 0 40 255
-1.550000 2.150000 -0.050000 0 40 255
-1.450000 2.150000 -0.050000 0 40 255
-1.350000 2.050000 -0.050000 0 40 255
-1.250000 2.050000 -0.050000 0 40 255
-1.350000 2.150000 -0.050000 0 40 255
-1.250000 2.150000 -0.050000 0 40 255
-1.550000 2.250000 -0.050000 0 40 255
-1.450000 2.250000 -0.050000 0 40 255
-1.550000 2.350000 -0.050000 0 40 255
-1.450000 2.350000 -0.050000 0 40 255
-1.350000 2.250000 -0.050000 0 40 255
-1.250000 2.250000 -0.050000 0 40 255
-1.350000 2.350000 -0.050000 0 40 255
-1.250000 2.350000 -0.050000 0 40 255
-1.150000 2.050000 -0.050000 0 40 255
-1.050000 2.050000 -0.050000 0 40 255
-1.150000 2.150000 -0.050000 0 40 255
-1.050000 2.150000 -0.050000 0 40 255
-0.950000 2.050000 -0.050000 0 40 255
-0.850000 2.050000 -0.050000 0 40 255
-0.950000 2.150000 -0.050000 0 40 255
-0.850000 2.150000 -0.050000 0 40 255
-1.150000 2.250000 -0.050000 0 40 255
-1.050000 2.250000 -0.050000 0 40 255
-1.150000 2.350000 -0.050000 0 40 255
-1.050000 2.350000 -0.050000 0 40 255
-0.950000 2.250000 -0.050000 0 40 255
-0.850000 2.250000 -0.050000 0 40 255
-0.950000 2.350000 -0.050000 0 40 255
-0.850000 2.350000 -0.050000 0 40 255
-0.750000 1.650000 -0.050000 0 40 255
-0.650000 1.650000 -0.050000 0 40 255
-0.750000 1.750000 -0.050000 0 40 255
-0.650000 1.750000 -0.050000 0 40 255
-0.550000 1.650000 -0.050000 0 40 255
-0.450000 1.650000 -0.050000 0 40 255
-0.550000 1.750000 -0.050000 0 40 255
-0.450000 1.750000 -0.050000 0 40 255
-0.750000 1.850000 -0.050000 0 40 255
-0.650000 1.850000 -0.050000 0 40 255
-0.750000 1.950000 -0.050000 0 40 255
-0.650000 1.950000 -0.050000 0 40 255
-0.550000 1.850000 -0.050000 0 40 255
-0.450000 1.850000 -0.050000 0 40 255
-0.550000 1.950000 -0.050000 0 40 255
-0.450000 1.950000 -0.050000 0 40 255
-0.350000 1.650000 -0.050000 0 40 255
-0.250000 1.650000 -0.050000 0 40 255
-0.350000 1.750000 -0.050000 0 40 255
-0.250000 1.750000 -0.050000 0 40 255
-0.150000 1.650000 -0.050000 0 40 255
-0.050000 1.650000 -0.050000 0 40 255
-0.150000 1.750000 -0.050000 0 40 255
-0.050000 1.750000 -0.050000 0 40 255
-0.350000 1.850000 -0.050000 0 40 255
-0.250000 1.850000 -0.050000 0 40 255
-0.350000 1.950000 -0.050000 0 40 255
-0.250000 1.950000 -0.050000 0 40 255
-0.150000 1.850000 -0.050000 0 40 255
-0.050000 1.850000 -0.050000 0 40 255
-0.150000 1.950000 -0.050000 0 40 255
-0.050000 1.950000 -0.050000 0 40 255
-0.750000 2.050000 -0.050000 0 40 255
-0.650000 2.050000 -0.050000 0 40 255
-0.750000 2.150000 -0.050000 0 40 255
-0.650000 2.150000 -0.050000 0 40 255
-0.550000 2.050000 -0.050000 0 40 255
-0.450000 2.050000 -0.050000 0 40 255
-0.550000 2.150000 -0.050000 0 40 255
-0.450000 2.150000 -0.050000 0 40 255
-0.750000 2.250000 -0.050000 0 40 255
-0.650000 2.250000 -0.050000 0 40 255
-0.750000 2.350000 -0.050000 0 40 255
-0.650000 2.350000 -0.050000 0 40 255
-0.550000 2.250000 -0.050000 0 40 255
-0.450000 2.250000 -0.050000 0 40 255
-0.550000 2.350000 -0.050000 0 40 255
-0.450000 2.350000 -0.050000 0 40 255
-0.350000 2.050000 -0.050000 0 40 255
-0.250000 2.050000 -0.050000 0 40 255
-0.350000 2.150000 -0.050000 0 40 255
-0.250000 2.150000 -0.050000 0 40 255
-0.150000 2.050000 -0.050000 0 40 255
-0.050000 2.050000 -0.050000 0 40 255
-0.150000 2.150000 -0.050000 0 40 255
-0.050000 2.150000 -0.050000 0 40 255
-0.350000 2.250000 -0.050000 0 40 255
-0.250000 2.250000 -0.050000 0 40 255
-0.350000 2.350000 -0.050000 0 40 255
-0.250000 2.350000 -0.050000 0 40 255
-0.150000 2.250000 -0.050000 0 40 255
-0.050000 2.250000 -0.050000 0 40 255
-0.150000 2.350000 -0.050000 0 40 255
-0.050000 2.350000 -0.050000 0 40 255
-1.550000 2.450000 -0.050000 0 40 255
-1.450000 2.450000 -0.050000 0 40 255
-1.550000 2.550000 -0.050000 0 40 255
-1.450000 2.550000 -0.050000 0 40 255
-1.350000 2.450000 -0.050000 0 40 255
-1.250000 2.450000 -0.050000 0 40 255
-1.350000 2.550000 -0.050000 0 40 255
-1.250000 2.550000 -0.050000 0 40 255
-1.550000 2.650000 -0.050000 0 40 255
-1.450000 2.650000 -0.050000 0 40 255
-1.550000 2.750000 -0.050000 0 40 255
-1.450000 2.750000 -0.050000 0 40 255
-1.350000 2.650000 -0.050000 0 40 255
-1.250000 2.650000 -0.050000 0 40 255
-1.350000 2.750000 -0.050000 0 40 255
-1.250000 2.750000 -0.050000 0 40 255
-1.150000 2.450000 -0.050000 0 40 255
-1.050000 2.450000 -0.050000 0 40 255
-1.150000 2.550000 -0.050000 0 40 255
-1.050000 2.550000 -0.050000 0 40 255
-0.950000 2.450000 -0.050000 0 40 255
-0.850000 2.450000 -0.050000 0 40 255
-0.950000 2.550000 -0.050000 0 40 255
-0.850000 2.550000 -0.050000 0 40 255
-1.150000 2.650000 -0.050000 0 40 255
-1.050000 2.650000 -0.050000 0 40 255
-1.150000 2.750000 -0.050000 0 40 255
-1.050000 2.750000 -0.050000 0 40 255
-0.950000 2.650000 -0.050000 0 40 255
-0.850000 2.650000 -0.050000 0 40 255
-0.950000 2.750000 -0.050000 0 40 255
-0.850000 2.750000 -0.050000 0 40 255
-1.550000 2.850000 -0.050000 0 40 255
-1.450000 2.850000 -0.050000 0 40 255
-1.550000 2.950000 -0.050000 0 40 255
-1.450000 2.950000 -0.050000 0 40 255
-1.350000 2.850000 -0.050000 0 40 255
-1.250000 2.850000 -0.050000 0 40 255
-1.350000 2.950000 -0.050000 0 40 255
-1.250000 2.950000 -0.050000 0 40 255
-1.550000 3.050000 -0.050000 0 40 255
-1.450000 3.050000 -0.050000 0 40 255
-1.550000 3.150000 -0.050000 0 40 255
-1.450000 3.150000 -0.050000 0 40 255
-1.350000 3.050000 -0.050000 0 40 255
-1.250000 3.050000 -0.050000 0 40 255
-1.350000 3.150000 -0.050000 0 40 255
-1.250000 3.150000 -0.050000 0 40 255
-1.150000 2.850000 -0.050000 0 40 255
-1.050000 2.850000 -0.050000 0 40 255
-1.150000 2.950000 -0.050000 0 40 255
-1.050000 2.950000 -0.050000 0 40 255
-0.950000 2.850000 -0.050000 0 40 255
-0.850000 2.850000 -0.050000 0 40 255
-0.950000 2.950000 -0.050000 0 40 255
-0.850000 2.950000 -0.050000 0 40 255
-1.150000 3.050000 -0.050000 0 40 255
-1.050000 3.050000 -0.050000 0 40 255
-1.150000 3.150000 -0.050000 0 40 255
-1.050000 3.150000 -0.050000 0 40 255
-0.950000 3.050000 -0.050000 0 40 255
-0.850000 3.050000 -0.050000 0 40 255
-0.950000 3.150000 -0.050000 0 40 255
-0.850000 3.150000 -0.050000 0 40 255
-0.750000 2.450000 -0.050000 0 40 255
-0.650000 2.450000 -0.050000 0 40 255
-0.750000 2.550000 -0.050000 0 40 255
-0.650000 2.550000 -0.050000 0 40 255
-0.550000 2.450000 -0.050000 0 40 255
-0.450000 2.450000 -0.050000 0 40 255
-0.550000 2.550000 -0.050000 0 40 255
-0.450000 2.550000 -0.050000 0 40 255
-0.750000 2.650000 -0.050000 0 40 255
-0.650000 2.650000 -0.050000 0 40 255
-0.750000 2.750000 -0.050000 0 40 255
-0.650000 2.750000 -0.050000 0 40 255
-0.550000 2.650000 -0.050000 0 40 255
-0.450000 2.650000 -0.050000 0 40 255
-0.550000 2.750000 -0.050000 0 40 255
-0.450000 2.750000 -0.050000 0 40 255
-0.350000 2.450000 -0.050000 0 40 255
-0.250000 2.450000 -0.050000 0 40 255
-0.350000 2.550000 -0.050000 0 40 255
-0.250000 2.550000 -0.050000 0 40 255
-0.150000 2.450000 -0.050000 0 40 255
-0.050000 2.450000 -0.050000 0 40 255
-0.150000 2.550000 -0.050000 0 40 255
-0.050000 2.550000 -0.050000 0 40 255
-0.350000 2.650000 -0.050000 0 40 255
-0.250000 2.650000 -0.050000 0 40 255
-0.350000 2.750000 -0.050000 0 40 255
-0.250000 2.750000 -0.050000 0 40 255
-0.150000 2.650000 -0.050000 0 40 255
-0.050000 2.650000 -0.050000 0 40 255
-0.150000 2.750000 -0.050000 0 40 255
-0.050000 2.750000 -0.050000 0 40 255
-0.750000 2.850000 -0.050000 0 40 255
-0.650000 2.850000 -0.050000 0 40 255
-0.750000 2.950000 -0.050000 0 40 255
-0.650000 2.950000 -0.050000 0 40 255
-0.550000 2.850000 -0.050000 0 40 255
-0.450000 2.850000 -0.050000 0 40 255
-0.550000 2.950000 -0.050000 0 40 255
-0.450000 2.950000 -0.050000 0 40 255
-0.750000 3.050000 -0.050000 0 40 255
-0.650000 3.050000 -0.050000 0 40 255
-0.750000 3.150000 -0.050000 0 40 255
-0.650000 3.150000 -0.050000 0 40 255
-0.550000 3.050000 -0.050000 0 40 255
-0.450000 3.050000 -0.050000 0 40 255
-0.550000 3.150000 -0.050000 0 40 255
-0.450000 3.150000 -0.050000 0 40 255
-0.350000 2.850000 -0.050000 0 40 255
-0.250000 2.850000 -0.050000 0 40 255
-0.350000 2.950000 -0.050000 0 40 255
-0.250000 2.950000 -0.050000 0 40 255
-0.150000 2.850000 -0.050000 0 40 255
-0.050000 2.850000 -0.050000 0 40 255
-0.150000 2.950000 -0.050000 0 40 255
-0.050000 2.950000 -0.050000 0 40 255
-0.350000 3.050000 -0.050000 0 40 255
-0.250000 3.050000 -0.050000 0 40 255
-0.350000 3.150000 -0.050000 0 40 255
-0.250000 3.150000 -0.050000 0 40 255
-0.150000 3.050000 -0.050000 0 40 255
-0.050000 3.050000 -0.050000 0 40 255
-0.150000 3.150000 -0.050000 0 40 255
-0.050000 3.150000 -0.050000 0 40 255
-4.250000 3.250000 -0.050000 0 40 255
-4.250000 3.350000 -0.050000 0 40 255
-4.150000 3.250000 -0.050000 0 40 255
-4.050000 3.250000 -0.050000 0 40 255
-4.150000 3.350000 -0.050000 0 40 255
-4.050000 3.350000 -0.050000 0 40 255
-4.250000 3.450000 -0.050000 0 40 255
-4.350000 3.550000 -0.050000 0 40 255
-4.250000 3.550000 -0.050000 0 40 255
-4.150000 3.450000 -0.050000 0 40 255
-4.050000 3.450000 -0.050000 0 40 255
-4.150000 3.550000 -0.050000 0 40 255
-4.050000 3.550000 -0.050000 0 40 255
-4.350000 3.650000 -0.050000 0 40 255
-4.250000 3.650000 -0.050000 0 40 255
-4.350000 3.750000 -0.050000 0 40 255
-4.250000 3.750000 -0.050000 0 40 255
-4.150000 3.650000 -0.050000 0 40 255
-4.050000 3.650000 -0.050000 0 40 255
-4.150000 3.750000 -0.050000 0 40 255
-4.050000 3.750000 -0.050000 0 40 255
-4.350000 3.850000 -0.050000 0 40 255
-4.250000 3.850000 -0.050000 0 40 255
-4.350000 3.950000 -0.050000 0 40 255
-4.250000 3.950000 -0.050000 0 40 255
-4.150000 3.850000 -0.050000 0 40 255
-4.050000 3.850000 -0.050000 0 40 255
-4.150000 3.950000 -0.050000 0 40 255
-4.050000 3.950000 -0.050000 0 40 255
-3.950000 3.250000 -0.050000 0 40 255
-3.850000 3.250000 -0.050000 0 40 255
-3.950000 3.350000 -0.050000 0 40 255
-3.850000 3.350000 -0.050000 0 40 255
-3.750000 3.250000 -0.050000 0 40 255
-3.650000 3.250000 -0.050000 0 40 255
-3.750000 3.350000 -0.050000 0 40 255
-3.650000 3.350000 -0.050000 0 40 255
-3.950000 3.450000 -0.050000 0 40 255
-3.850000 3.450000 -0.050000 0 40 255
-3.950000 3.550000 -0.050000 0 40 255
-3.850000 3.550000 -0.050000 0 40 255
-3.750000 3.450000 -0.050000 0 40 255
-3.650000 3.450000 -0.050000 0 40 255
-3.750000 3.550000 -0.050000 0 40 255
-3.650000 3.550000 -0.050000 0 40 255
-3.550000 3.250000 -0.050000 0 40 255
-3.450000 3.250000 -0.050000 0 40 255
-3.550000 3.350000 -0.050000 0 40 255
-3.450000 3.350000 -0.050000 0 40 255
-3.350000 3.250000 -0.050000 0 40 255
-3.250000 3.250000 -0.050000 0 40 255
-3.350000 3.350000 -0.050000 0 40 255
-3.250000 3.350000 -0.050000 0 40 255
-3.550000 3.450000 -0.050000 0 40 255
-3.450000 3.450000 -0.050000 0 40 255
-3.550000 3.550000 -0.050000 0 40 255
-3.450000 3.550000 -0.050000 0 40 255
-3.350000 3.450000 -0.050000 0 40 255
-3.250000 3.450000 -0.050000 0 40 255
-3.350000 3.550000 -0.050000 0 40 255
-3.250000 3.550000 -0.050000 0 40 255
-3.950000 3.650000 -0.050000 0 40 255
-3.850000 3.650000 -0.050000 0 40 255
-3.950000 3.750000 -0.050000 0 40 255
-3.850000 3.750000 -0.050000 0 40 255
-3.750000 3.650000 -0.050000 0 40 255
-3.650000 3.650000 -0.050000 0 40 255
-3.750000 3.750000 -0.050000 0 40 255
-3.650000 3.750000 -0.050000 0 40 255
-3.950000 3.850000 -0.050000 0 40 255
-3.850000 3.850000 -0.050000 0 40 255
-3.950000 3.950000 -0.050000 0 40 255
-3.850000 3.950000 -0.050000 0 40 255
-3.750000 3.850000 -0.050000 0 40 255
-3.650000 3.850000 -0.050000 0 40 255
-3.750000 3.950000 -0.050000 0 40 255
-3.650000 3.950000 -0.050000 0 40 255
-3.550000 3.650000 -0.050000 0 40 255
-3.450000 3.650000 -0.050000 0 40 255
-3.550000 3.750000 -0.050000 0 40 255
-3.450000 3.750000 -0.050000 0 40 255
-3.350000 3.650000 -0.050000 0 40 255
-3.250000 3.650000 -0.050000 0 40 255
-3.350000 3.750000 -0.050000 0 40 255
-3.250000 3.750000 -0.050000 0 40 255
-3.550000 3.850000 -0.050000 0 40 255
-3.450000 3.850000 -0.050000 0 40 255
-3.550000 3.950000 -0.050000 0 40 255
-3.450000 3.950000 -0.050000 0 40 255
-3.350000 3.850000 -0.050000 0 40 255
-3.250000 3.850000 -0.050000 0 40 255
-3.350000 3.950000 -0.050000 0 40 255
-3.250000 3.950000 -0.050000 0 40 255
-3.150000 3.250000 -0.050000 0 40 255
-3.050000 3.250000 -0.050000 0 40 255
-3.150000 3.350000 -0.050000 0 40 255
-3.050000 3.350000 -0.050000 0 40 255
-2.950000 3.250000 -0.050000 0 40 255
-2.850000 3.250000 -0.050000 0 40 255
-2.950000 3.350000 -0.050000 0 40 255
-2.850000 3.350000 -0.050000 0 40 255
-3.150000 3.450000 -0.050000 0 40 255
-3.050000 3.450000 -0.050000 0 40 255
-3.150000 3.550000 -0.050000 0 40 255
-3.050000 3.550000 -0.050000 0 40 255
-2.950000 3.450000 -0.050000 0 40 255
-2.850000 3.450000 -0.050000 0 40 255
-2.950000 3.550000 -0.050000 0 40 255
-2.850000 3.550000 -0.050000 0 40 255
-2.750000 3.250000 -0.050000 0 40 255
-2.650000 3.250000 -0.050000 0 40 255
-2.750000 3.350000 -0.050000 0 40 255
-2.650000 3.350000 -0.050000 0 40 255
-2.550000 3.250000 -0.050000 0 40 255
-2.450000 3.250000 -0.050000 0 40 255
-2.550000 3.350000 -0.050000 0 40 255
-2.450000 3.350000 -0.050000 0 40 255
-2.750000 3.450000 -0.050000 0 40 255
-2.650000 3.450000 -0.050000 0 40 255
-2.750000 3.550000 -0.050000 0 40 255
-2.650000 3.550000 -0.050000 0 40 255
-2.550000 3.450000 -0.050000 0 40 255
-2.450000 3.450000 -0.050000 0 40 255
-2.550000 3.550000 -0.050000 0 40 255
-2.450000 3.550000 -0.050000 0 40 255
-3.150000 3.650000 -0.050000 0 40 255
-3.050000 3.650000 -0.050000 0 40 255
-3.150000 3.750000 -0.050000 0 40 255
-3.050000 3.750000 -0.050000 0 40 255
-2.950000 3.650000 -0.050000 0 40 255
-2.850000 3.650000 -0.050000 0 40 255
-2.950000 3.750000 -0.050000 0 40 255
-2.850000 3.750000 -0.050000 0 40 255
-3.150000 3.850000 -0.050000 0 40 255
-3.050000 3.850000 -0.050000 0 40 255
-3.150000 3.950000 -0.050000 0 40 255
-3.050000 3.950000 -0.050000 0 40 255
-2.950000 3.850000 -0.050000 0 40 255
-2.850000 3.850000 -0.050000 0 40 255
-2.950000 3.950000 -0.050000 0 40 255
-2.850000 3.950000 -0.050000 0 40 255
-2.750000 3.650000 -0.050000 0 40 255
-2.650000 3.650000 -0.050000 0 40 255
-2.750000 3.750000 -0.050000 0 40 255
-2.650000 3.750000 -0.050000 0 40 255
-2.550000 3.650000 -0.050000 0 40 255
-2.450000 3.650000 -0.050000 0 40 255
-2.550000 3.750000 -0.050000 0 40 255
-2.450000 3.750000 -0.050000 0 40 255
-2.750000 3.850000 -0.050000 0 40 255
-2.650000 3.850000 -0.050000 0 40 255
-2.750000 3.950000 -0.050000 0 40 255
-2.650000 3.950000 -0.050000 0 40 255
-2.550000 3.850000 -0.050000 0 40 255
-2.450000 3.850000 -0.050000 0 40 255
-2.550000 3.950000 -0.050000 0 40 255
-2.450000 3.950000 -0.050000 0 40 255
-2.350000 3.250000 -0.050000 0 40 255
-2.250000 3.250000 -0.050000 0 40 255
-2.350000 3.350000 -0.050000 0 40 255
-2.250000 3.350000 -0.050000 0 40 255
-2.150000 3.250000 -0.050000 0 40 255
-2.050000 3.250000 -0.050000 0 40 255
-2.150000 3.350000 -0.050000 0 40 255
-2.050000 3.350000 -0.050000 0 40 255
-2.350000 3.450000 -0.050000 0 40 255
-2.250000 3.450000 -0.050000 0 40 255
-2.350000 3.550000 -0.050000 0 40 255
-2.250000 3.550000 -0.050000 0 40 255
-2.150000 3.450000 -0.050000 0 40 255
-2.050000 3.450000 -0.050000 0 40 255
-2.150000 3.550000 -0.050000 0 40 255
-2.050000 3.550000 -0.050000 0 40 255
-1.950000 3.250000 -0.050000 0 40 255
-1.850000 3.250000 -0.050000 0 40 255
-1.950000 3.350000 -0.050000 0 40 255
-1.850000 3.350000 -0.050000 0 40 255
-1.750000 3.250000 -0.050000 0 40 255
-1.650000 3.250000 -0.050000 0 40 255
-1.750000 3.350000 -0.050000 0 40 255
-1.650000 3.350000 -0.050000 0 40 255
-1.950000 3.450000 -0.050000 0 40 255
-1.850000 3.450000 -0.050000 0 40 255
-1.950000 3.550000 -0.050000 0 40 255
-1.850000 3.550000 -0.050000 0 40 255
-1.750000 3.450000 -0.050000 0 40 255
-1.650000 3.450000 -0.050000 0 40 255
-1.750000 3.550000 -0.050000 0 40 255
-1.650000 3.550000 -0.050000 0 40 255
-2.350000 3.650000 -0.050000 0 40 255
-2.250000 3.650000 -0.050000 0 40 255
-2.350000 3.750000 -0.050000 0 40 255
-2.250000 3.750000 -0.050000 0 40 255
-2.150000 3.650000 -0.050000 0 40 255
-2.050000 3.650000 -0.050000 0 40 255
-2.150000 3.750000 -0.050000 0 40 255
-2.050000 3.750000 -0.050000 0 40 255
-2.350000 3.850000 -0.050000 0 40 255
-2.250000 3.850000 -0.050000 0 40 255
-2.350000 3.950000 -0.050000 0 40 255
-2.250000 3.950000 -0.050000 0 40 255
-2.150000 3.850000 -0.050000 0 40 255
-2.050000 3.850000 -0.050000 0 40 255
-2.150000 3.950000 -0.050000 0 40 255
-2.050000 3.950000 -0.050000 0 40 255
-1.950000 3.650000 -0.050000 0 40 255
-1.850000 3.650000 -0.050000 0 40 255
-1.950000 3.750000 -0.050000 0 40 255
-1.850000 3.750000 -0.050000 0 40 255
-1.750000 3.650000 -0.050000 0 40 255
-1.650000 3.650000 -0.050000 0 40 255
-1.750000 3.750000 -0.050000 0 40 255
-1.650000 3.750000 -0.050000 0 40 255
-1.950000 3.850000 -0.050000 0 40 255
-1.850000 3.850000 -0.050000 0 40 255
-1.950000 3.950000 -0.050000 0 40 255
-1.850000 3.950000 -0.050000 0 40 255
-1.750000 3.850000 -0.050000 0 40 255
-1.650000 3.850000 -0.050000 0 40 255
-1.750000 3.950000 -0.050000 0 40 255
-1.650000 3.950000 -0.050000 0 40 255
-1.550000 3.250000 -0.050000 0 40 255
-1.450000 3.250000 -0.050000 0 40 255
-1.550000 3.350000 -0.050000 0 40 255
-1.450000 3.350000 -0.050000 0 40 255
-1.350000 3.250000 -0.050000 0 40 255
-1.250000 3.250000 -0.050000 0 40 255
-1.350000 3.350000 -0.050000 0 40 255
-1.250000 3.350000 -0.050000 0 40 255
-1.550000 3.450000 -0.050000 0 40 255
-1.450000 3.450000 -0.050000 0 40 255
-1.550000 3.550000 -0.050000 0 40 255
-1.450000 3.550000 -0.050000 0 40 255
-1.350000 3.450000 -0.050000 0 40 255
-1.250000 3.450000 -0.050000 0 40 255
-1.350000 3.550000 -0.050000 0 40 255
-1.250000 3.550000 -0.050000 0 40 255
-1.150000 3.250000 -0.050000 0 40 255
-1.050000 3.250000 -0.050000 0 40 255
-1.150000 3.350000 -0.050000 0 40 255
-1.050000 3.350000 -0.050000 0 40 255
-0.950000 3.250000 -0.050000 0 40 255
-0.850000 3.250000 -0.050000 0 40 255
-0.950000 3.350000 -0.050000 0 40 255
-0.850000 3.350000 -0.050000 0 40 255
-1.150000 3.450000 -0.050000 0 40 255
-1.050000 3.450000 -0.050000 0 40 255
-1.150000 3.550000 -0.050000 0 40 255
-1.050000 3.550000 -0.050000 0 40 255
-0.950000 3.450000 -0.050000 0 40 255
-0.850000 3.450000 -0.050000 0 40 255
-0.950000 3.550000 -0.050000 0 40 255
-0.850000 3.550000 -0.050000 0 40 255
-1.550000 3.650000 -0.050000 0 40 255
-1.450000 3.650000 -0.050000 0 40 255
-1.550000 3.750000 -0.050000 0 40 255
-1.450000 3.750000 -0.050000 0 40 255
-1.350000 3.650000 -0.050000 0 40 255
-1.250000 3.650000 -0.050000 0 40 255
-1.350000 3.750000 -0.050000 0 40 255
-1.250000 3.750000 -0.050000 0 40 255
-1.550000 3.850000 -0.050000 0 40 255
-1.450000 3.850000 -0.050000 0 40 255
-1.550000 3.950000 -0.050000 0 40 255
-1.450000 3.950000 -0.050000 0 40 255
-1.350000 3.850000 -0.050000 0 40 255
-1.250000 3.850000 -0.050000 0 40 255
-1.350000 3.950000 -0.050000 0 40 255
-1.250000 3.950000 -0.050000 0 40 255
-1.150000 3.650000 -0.050000 0 40 255
-1.050000 3.650000 -0.050000 0 40 255
-1.150000 3.750000 -0.050000 0 40 255
-1.050000 3.750000 -0.050000 0 40 255
-0.950000 3.650000 -0.050000 0 40 255
-0.850000 3.650000 -0.050000 0 40 255
-0.950000 3.750000 -0.050000 0 40 255
-0.850000 3.750000 -0.050000 0 40 255
-1.150000 3.850000 -0.050000 0 40 255
-1.050000 3.850000 -0.050000 0 40 255
-1.150000 3.950000 -0.050000 0 40 255
-0.950000 3.850000 -0.050000 0 40 255
-0.750000 3.250000 -0.050000 0 40 255
-0.650000 3.250000 -0.050000 0 40 255
-0.750000 3.350000 -0.050000 0 40 255
-0.650000 3.350000 -0.050000 0 40 255
-0.550000 3.250000 -0.050000 0 40 255
-0.450000 3.250000 -0.050000 0 40 255
-0.550000 3.350000 -0.050000 0 40 255
-0.450000 3.350000 -0.050000 0 40 255
-0.750000 3.450000 -0.050000 0 40 255
-0.650000 3.450000 -0.050000 0 40 255
-0.750000 3.550000 -0.050000 0 40 255
-0.650000 3.550000 -0.050000 0 40 255
-0.550000 3.450000 -0.050000 0 40 255
-0.450000 3.450000 -0.050000 0 40 255
-0.550000 3.550000 -0.050000 0 40 255
-0.450000 3.550000 -0.050000 0 40 255
-0.350000 3.250000 -0.050000 0 40 255
-0.250000 3.250000 -0.050000 0 40 255
-0.350000 3.350000 -0.050000 0 40 255
-0.250000 3.350000 -0.050000 0 40 255
-0.150000 3.250000 -0.050000 0 40 255
-0.050000 3.250000 -0.050000 0 40 255
-0.150000 3.350000 -0.050000 0 40 255
-0.050000 3.350000 -0.050000 0 40 255
-0.350000 3.450000 -0.050000 0 40 255
-0.350000 3.550000 -0.050000 0 40 255
-0.750000 3.650000 -0.050000 0 40 255
-0.650000 3.650000 -0.050000 0 40 255
-0.750000 3.750000 -0.050000 0 40 255
-0.550000 3.650000 -0.050000 0 40 255
0.050000 0.050000 -0.050000 0 40 255
0.150000 0.050000 -0.050000 0 40 255
0.050000 0.150000 -0.050000 0 40 255
0.150000 0.150000 -0.050000 0 40 255
0.050000 0.250000 -0.050000 0 40 255
0.150000 0.250000 -0.050000 0 40 255
0.050000 0.350000 -0.050000 0 40 255
0.150000 0.350000 -0.050000 0 40 255
0.450000 0.050000 -0.050000 0 40 255
0.550000 0.050000 -0.050000 0 40 255
0.450000 0.150000 -0.050000 0 40 255
0.550000 0.150000 -0.050000 0 40 255
0.650000 0.050000 -0.050000 0 40 255
0.750000 0.050000 -0.050000 0 40 255
0.650000 0.150000 -0.050000 0 40 255
0.750000 0.150000 -0.050000 0 40 255
0.450000 0.250000 -0.050000 0 40 255
0.550000 0.250000 -0.050000 0 40 255
0.450000 0.350000 -0.050000 0 40 255
0.550000 0.350000 -0.050000 0 40 255
0.650000 0.250000 -0.050000 0 40 255
0.750000 0.250000 -0.050000 0 40 255
0.650000 0.350000 -0.050000 0 40 255
0.750000 0.350000 -0.050000 0 40 255
0.050000 0.750000 -0.050000 0 40 255
0.150000 0.750000 -0.050000 0 40 255
0.250000 0.750000 -0.050000 0 40 255
0.350000 0.750000 -0.050000 0 40 255
0.550000 0.450000 -0.050000 0 40 255
0.550000 0.550000 -0.050000 0 40 255
0.650000 0.450000 -0.050000 0 40 255
0.750000 0.450000 -0.050000 0 40 255
0.650000 0.550000 -0.050000 0 40 255
0.750000 0.550000 -0.050000 0 40 255
0.550000 0.650000 -0.050000 0 40 255
0.450000 0.750000 -0.050000 0 40 255
0.550000 0.750000 -0.050000 0 40 255
0.650000 0.650000 -0.050000 0 40 255
0.750000 0.650000 -0.050000 0 40 255
0.650000 0.750000 -0.050000 0 40 255
0.750000 0.750000 -0.050000 0 40 255
0.850000 0.050000 -0.050000 0 40 255
0.950000 0.050000 -0.050000 0 40 255
0.850000 0.150000 -0.050000 0 40 255
0.950000 0.150000 -0.050000 0 40 255
1.050000 0.050000 -0.050000 0 40 255
1.150000 0.050000 -0.050000 0 40 255
1.050000 0.150000 -0.050000 0 40 255
1.150000 0.150000 -0.050000 0 40 255
0.850000 0.250000 -0.050000 0 40 255
0.950000 0.250000 -0.050000 0 40 255
0.850000 0.350000 -0.050000 0 40 255
0.950000 0.350000 -0.050000 0 40 255
1.050000 0.250000 -0.050000 0 40 255
1.150000 0.250000 -0.050000 0 40 255
1.050000 0.350000 -0.050000 0 40 255
1.150000 0.350000 -0.050000 0 40 255
1.250000 0.050000 -0.050000 0 40 255
1.350000 0.050000 -0.050000 0 40 255
1.250000 0.150000 -0.050000 0 40 255
1.350000 0.150000 -0.050000 0 40 255
1.450000 0.050000 -0.050000 0 40 255
1.550000 0.050000 -0.050000 0 40 255
1.450000 0.150000 -0.050000 0 40 255
1.550000 0.150000 -0.050000 0 40 255
1.250000 0.250000 -0.050000 0 40 255
1.350000 0.250000 -0.050000 0 40 255
1.250000 0.350000 -0.050000 0 40 255
1.350000 0.350000 -0.050000 0 40 255
1.450000 0.250000 -0.050000 0 40 255
1.550000 0.250000 -0.050000 0 40 255
1.450000 0.350000 -0.050000 0 40 255
1.550000 0.350000 -0.050000 0 40 255
0.850000 0.450000 -0.050000 0 40 255
0.950000 0.450000 -0.050000 0 40 255
0.850000 0.550000 -0.050000 0 40 255
0.950000 0.550000 -0.050000 0 40 255
1.050000 0.450000 -0.050000 0 40 255
1.150000 0.450000 -0.050000 0 40 255
1.050000 0.550000 -0.050000 0 40 255
1.150000 0.550000 -0.050000 0 40 255
0.850000 0.650000 -0.050000 0 40 255
0.950000 0.650000 -0.050000 0 40 255
0.850000 0.750000 -0.050000 0 40 255
0.950000 0.750000 -0.050000 0 40 255
1.050000 0.650000 -0.050000 0 40 255
1.150000 0.650000 -0.050000 0 40 255
1.050000 0.750000 -0.050000 0 40 255
1.150000 0.750000 -0.050000 0 40 255
1.250000 0.450000 -0.050000 0 40 255
1.350000 0.450000 -0.050000 0 40 255
1.250000 0.550000 -0.050000 0 40 255
1.350000 0.550000 -0.050000 0 40 255
1.450000 0.450000 -0.050000 0 40 255
1.550000 0.450000 -0.050000 0 40 255
1.450000 0.550000 -0.050000 0 40 255
1.550000 0.550000 -0.050000 0 40 255
1.250000 0.650000 -0.050000 0 40 255
1.350000 0.650000 -0.050000 0 40 255
1.250000 0.750000 -0.050000 0 40 255
1.350000 0.750000 -0.050000 0 40 255
1.450000 0.650000 -0.050000 0 40 255
1.550000 0.650000 -0.050000 0 40 255
1.450000 0.750000 -0.050000 0 40 255
1.550000 0.750000 -0.050000 0 40 255
0.050000 0.850000 -0.050000 0 40 255
0.150000 0.850000 -0.050000 0 40 255
0.050000 0.950000 -0.050000 0 40 255
0.150000 0.950000 -0.050000 0 40 255
0.250000 0.850000 -0.050000 0 40 255
0.350000 0.850000 -0.050000 0 40 255
0.250000 0.950000 -0.050000 0 40 255
0.350000 0.950000 -0.050000 0 40 255
0.050000 1.050000 -0.050000 0 40 255
0.150000 1.050000 -0.050000 0 40 255
0.050000 1.150000 -0.050000 0 40 255
0.150000 1.150000 -0.050000 0 40 255
0.250000 1.050000 -0.050000 0 40 255
0.350000 1.050000 -0.050000 0 40 255
0.250000 1.150000 -0.050000 0 40 255
0.350000 1.150000 -0.050000 0 40 255
0.450000 0.850000 -0.050000 0 40 255
0.550000 0.850000 -0.050000 0 40 255
0.450000 0.950000 -0.050000 0 40 255
0.550000 0.950000 -0.050000 0 40 255
0.650000 0.850000 -0.050000 0 40 255
0.750000 0.850000 -0.050000 0 40 255
0.650000 0.950000 -0.050000 0 40 255
0.750000 0.950000 -0.050000 0 40 255
0.450000 1.050000 -0.050000 0 40 255
0.550000 1.050000 -0.050000 0 40 255
0.450000 1.150000 -0.050000 0 40 255
0.550000 1.150000 -0.050000 0 40 255
0.650000 1.050000 -0.050000 0 40 255
0.750000 1.050000 -0.050000 0 40 255
0.650000 1.150000 -0.050000 0 40 255
0.750000 1.150000 -0.050000 0 40 255
0.050000 1.250000 -0.050000 0 40 255
0.150000 1.250000 -0.050000 0 40 255
0.050000 1.350000 -0.050000 0 40 255
0.150000 1.350000 -0.050000 0 40 255
0.250000 1.250000 -0.050000 0 40 255
0.350000 1.250000 -0.050000 0 40 255
0.250000 1.350000 -0.050000 0 40 255
0.350000 1.350000 -0.050000 0 40 255
0.050000 1.450000 -0.050000 0 40 255
0.150000 1.450000 -0.050000 0 40 255
0.050000 1.550000 -0.050000 0 40 255
0.150000 1.550000 -0.050000 0 40 255
0.250000 1.450000 -0.050000 0 40 255
0.350000 1.450000 -0.050000 0 40 255
0.250000 1.550000 -0.050000 0 40 255
0.350000 1.550000 -0.050000 0 40 255
0.450000 1.250000 -0.050000 0 40 255
0.550000 1.250000 -0.050000 0 40 255
0.450000 1.350000 -0.050000 0 40 255
0.550000 1.350000 -0.050000 0 40 255
0.650000 1.250000 -0.050000 0 40 255
0.750000 1.250000 -0.050000 0 40 255
0.650000 1.350000 -0.050000 0 40 255
0.750000 1.350000 -0.050000 0 40 255
0.450000 1.450000 -0.050000 0 40 255
0.550000 1.450000 -0.050000 0 40 255
0.450000 1.550000 -0.050000 0 40 255
0.550000 1.550000 -0.050000 0 40 255
0.650000 1.450000 -0.050000 0 40 255
0.750000 1.450000 -0.050000 0 40 255
0.650000 1.550000 -0.050000 0 40 255
0.750000 1.550000 -0.050000 0 40 255
0.850000 0.850000 -0.050000 0 40 255
0.950000 0.850000 -0.050000 0 40 255
0.850000 0.950000 -0.050000 0 40 255
0.950000 0.950000 -0.050000 0 40 255
1.050000 0.850000 -0.050000 0 40 255
1.150000 0.850000 -0.050000 0 40 255
1.050000 0.950000 -0.050000 0 40 255
1.150000 0.950000 -0.050000 0 40 255
0.850000 1.050000 -0.050000 0 40 255
0.950000 1.050000 -0.050000 0 40 255
0.850000 1.150000 -0.050000 0 40 255
0.950000 1.150000 -0.050000 0 40 255
1.050000 1.050000 -0.050000 0 40 255
1.150000 1.050000 -0.050000 0 40 255
1.050000 1.150000 -0.050000 0 40 255
1.150000 1.150000 -0.050000 0 40 255
1.250000 0.850000 -0.050000 0 40 255
1.350000 0.850000 -0.050000 0 40 255
1.250000 0.950000 -0.050000 0 40 255
1.350000 0.950000 -0.050000 0 40 255
1.450000 0.850000 -0.050000 0 40 255
1.550000 0.850000 -0.050000 0 40 255
1.450000 0.950000 -0.050000 0 40 255
1.550000 0.950000 -0.050000 0 40 255
1.250000 1.050000 -0.050000 0 40 255
1.350000 1.050000 -0.050000 0 40 255
1.250000 1.150000 -0.050000 0 40 255
1.350000 1.150000 -0.050000 0 40 255
1.450000 1.050000 -0.050000 0 40 255
1.550000 1.050000 -0.050000 0 40 255
1.450000 1.150000 -0.050000 0 40 255
1.550000 1.150000 -0.050000 0 40 255
0.850000 1.250000 -0.050000 0 40 255
0.950000 1.250000 -0.050000 0 40 255
0.850000 1.350000 -0.050000 0 40 255
0.950000 1.350000 -0.050000 0 40 255
1.050000 1.250000 -0.050000 0 40 255
1.150000 1.250000 -0.050000 0 40 255
1.050000 1.350000 -0.050000 0 40 255
1.150000 1.350000 -0.050000 0 40 255
0.850000 1.450000 -0.050000 0 40 255
0.950000 1.450000 -0.050000 0 40 255
0.850000 1.550000 -0.050000 0 40 255
0.950000 1.550000 -0.050000 0 40 255
1.050000 1.450000 -0.050000 0 40 255
1.150000 1.450000 -0.050000 0 40 255
1.050000 1.550000 -0.050000 0 40 255
1.150000 1.550000 -0.050000 0 40 255
1.250000 1.250000 -0.050000 0 40 255
1.350000 1.250000 -0.050000 0 40 255
1.250000 1.350000 -0.050000 0 40 255
1.350000 1.350000 -0.050000 0 40 255
1.450000 1.250000 -0.050000 0 40 255
1.550000 1.250000 -0.050000 0 40 255
1.450000 1.350000 -0.050000 0 40 255
1.550000 1.350000 -0.050000 0 40 255
1.250000 1.450000 -0.050000 0 40 255
1.350000 1.450000 -0.050000 0 40 255
1.250000 1.550000 -0.050000 0 40 255
1.350000 1.550000 -0.050000 0 40 255
1.450000 1.450000 -0.050000 0 40 255
1.550000 1.450000 -0.050000 0 40 255
1.450000 1.550000 -0.050000 0 40 255
1.550000 1.550000 -0.050000 0 40 255
1.650000 0.050000 -0.050000 0 40 255
1.750000 0.050000 -0.050000 0 40 255
1.650000 0.150000 -0.050000 0 40 255
1.750000 0.150000 -0.050000 0 40 255
1.850000 0.050000 -0.050000 0 40 255
1.950000 0.050000 -0.050000 0 40 255
1.850000 0.150000 -0.050000 0 40 255
1.950000 0.150000 -0.050000 0 40 255
1.650000 0.250000 -0.050000 0 40 255
1.750000 0.250000 -0.050000 0 40 255
1.650000 0.350000 -0.050000 0 40 255
1.750000 0.350000 -0.050000 0 40 255
1.850000 0.250000 -0.050000 0 40 255
1.950000 0.250000 -0.050000 0 40 255
1.850000 0.350000 -0.050000 0 40 255
1.950000 0.350000 -0.050000 0 40 255
2.050000 0.050000 -0.050000 0 40 255
2.150000 0.050000 -0.050000 0 40 255
2.050000 0.150000 -0.050000 0 40 255
2.150000 0.150000 -0.050000 0 40 255
2.250000 0.050000 -0.050000 0 40 255
2.350000 0.050000 -0.050000 0 40 255
2.250000 0.150000 -0.050000 0 40 255
2.350000 0.150000 -0.050000 0 40 255
2.050000 0.250000 -0.050000 0 40 255
2.150000 0.250000 -0.050000 0 40 255
2.050000 0.350000 -0.050000 0 40 255
2.150000 0.350000 -0.050000 0 40 255
2.250000 0.250000 -0.050000 0 40 255
2.350000 0.250000 -0.050000 0 40 255
2.250000 0.350000 -0.050000 0 40 255
2.350000 0.350000 -0.050000 0 40 255
1.650000 0.450000 -0.050000 0 40 255
1.750000 0.450000 -0.050000 0 40 255
1.650000 0.550000 -0.050000 0 40 255
1.750000 0.550000 -0.050000 0 40 255
1.850000 0.450000 -0.050000 0 40 255
1.950000 0.450000 -0.050000 0 40 255
1.850000 0.550000 -0.050000 0 40 255
1.950000 0.550000 -0.050000 0 40 255
1.650000 0.650000 -0.050000 0 40 255
1.750000 0.650000 -0.050000 0 40 255
1.650000 0.750000 -0.050000 0 40 255
1.750000 0.750000 -0.050000 0 40 255
1.850000 0.650000 -0.050000 0 40 255
1.950000 0.650000 -0.050000 0 40 255
1.850000 0.750000 -0.050000 0 40 255
1.950000 0.750000 -0.050000 0 40 255
2.050000 0.450000 -0.050000 0 40 255
2.150000 0.450000 -0.050000 0 40 255
2.050000 0.550000 -0.050000 0 40 255
2.150000 0.550000 -0.050000 0 40 255
2.250000 0.450000 -0.050000 0 40 255
2.350000 0.450000 -0.050000 0 40 255
2.250000 0.550000 -0.050000 0 40 255
2.350000 0.550000 -0.050000 0 40 255
2.050000 0.650000 -0.050000 0 40 255
2.150000 0.650000 -0.050000 0 40 255
2.050000 0.750000 -0.050000 0 40 255
2.150000 0.750000 -0.050000 0 40 255
2.250000 0.650000 -0.050000 0 40 255
2.350000 0.650000 -0.050000 0 40 255
2.250000 0.750000 -0.050000 0 40 255
2.350000 0.750000 -0.050000 0 40 255
2.450000 0.050000 -0.050000 0 40 255
2.550000 0.050000 -0.050000 0 40 255
2.450000 0.150000 -0.050000 0 40 255
2.550000 0.150000 -0.050000 0 40 255
2.650000 0.050000 -0.050000 0 40 255
2.650000 0.150000 -0.050000 0 40 255
2.750000 0.150000 -0.050000 0 40 255
2.450000 0.250000 -0.050000 0 40 255
2.550000 0.250000 -0.050000 0 40 255
2.450000 0.350000 -0.050000 0 40 255
2.550000 0.350000 -0.050000 0 40 255
2.650000 0.250000 -0.050000 0 40 255
2.750000 0.250000 -0.050000 0 40 255
2.650000 0.350000 -0.050000 0 40 255
2.750000 0.350000 -0.050000 0 40 255
2.850000 0.250000 -0.050000 0 40 255
2.850000 0.350000 -0.050000 0 40 255
2.950000 0.350000 -0.050000 0 40 255
3.150000 0.250000 -0.050000 0 40 255
3.050000 0.350000 -0.050000 0 40 255
3.150000 0.350000 -0.050000 0 40 255
2.450000 0.450000 -0.050000 0 40 255
2.550000 0.450000 -0.050000 0 40 255
2.450000 0.550000 -0.050000 0 40 255
2.550000 0.550000 -0.050000 0 40 255
2.650000 0.450000 -0.050000 0 40 255
2.750000 0.450000 -0.050000 0 40 255
2.650000 0.550000 -0.050000 0 40 255
2.750000 0.550000 -0.050000 0 40 255
2.450000 0.650000 -0.050000 0 40 255
2.550000 0.650000 -0.050000 0 40 255
2.450000 0.750000 -0.050000 0 40 255
2.550000 0.750000 -0.050000 0 40 255
2.650000 0.650000 -0.050000 0 40 255
2.750000 0.650000 -0.050000 0 40 255
2.650000 0.750000 -0.050000 0 40 255
2.750000 0.750000 -0.050000 0 40 255
2.850000 0.450000 -0.050000 0 40 255
2.950000 0.450000 -0.050000 0 40 255
2.850000 0.550000 -0.050000 0 40 255
2.950000 0.550000 -0.050000 0 40 255
3.050000 0.450000 -0.050000 0 40 255
3.150000 0.450000 -0.050000 0 40 255
3.050000 0.550000 -0.050000 0 40 255
3.150000 0.550000 -0.050000 0 40 255
2.850000 0.650000 -0.050000 0 40 255
2.950000 0.650000 -0.050000 0 40 255
2.850000 0.750000 -0.050000 0 40 255
2.950000 0.750000 -0.050000 0 40 255
3.050000 0.650000 -0.050000 0 40 255
3.150000 0.650000 -0.050000 0 40 255
3.050000 0.750000 -0.050000 0 40 255
3.150000 0.750000 -0.050000 0 40 255
1.650000 0.850000 -0.050000 0 40 255
1.750000 0.850000 -0.050000 0 40 255
1.650000 0.950000 -0.050000 0 40 255
1.750000 0.950000 -0.050000 0 40 255
1.850000 0.850000 -0.050000 0 40 255
1.950000 0.850000 -0.050000 0 40 255
1.850000 0.950000 -0.050000 0 40 255
1.950000 0.950000 -0.050000 0 40 255
1.650000 1.050000 -0.050000 0 40 255
1.750000 1.050000 -0.050000 0 40 255
1.650000 1.150000 -0.050000 0 40 255
1.750000 1.150000 -0.050000 0 40 255
1.850000 1.050000 -0.050000 0 40 255
1.950000 1.050000 -0.050000 0 40 255
1.850000 1.150000 -0.050000 0 40 255
1.950000 1.150000 -0.050000 0 40 255
2.050000 0.850000 -0.050000 0 40 255
2.150000 0.850000 -0.050000 0 40 255
2.050000 0.950000 -0.050000 0 40 255
2.150000 0.950000 -0.050000 0 40 255
2.250000 0.850000 -0.050000 0 40 255
2.350000 0.850000 -0.050000 0 40 255
2.250000 0.950000 -0.050000 0 40 255
2.350000 0.950000 -0.050000 0 40 255
2.050000 1.050000 -0.050000 0 40 255
2.150000 1.050000 -0.050000 0 40 255
2.050000 1.150000 -0.050000 0 40 255
2.150000 1.150000 -0.050000 0 40 255
2.250000 1.050000 -0.050000 0 40 255
2.350000 1.050000 -0.050000 0 40 255
2.250000 1.150000 -0.050000 0 40 255
2.350000 1.150000 -0.050000 0 40 255
1.650000 1.250000 -0.050000 0 40 255
1.750000 1.250000 -0.050000 0 40 255
1.650000 1.350000 -0.050000 0 40 255
1.750000 1.350000 -0.050000 0 40 255
1.850000 1.250000 -0.050000 0 40 255
1.950000 1.250000 -0.050000 0 40 255
1.850000 1.350000 -0.050000 0 40 255
1.950000 1.350000 -0.050000 0 40 255
1.650000 1.450000 -0.050000 0 40 255
1.750000 1.450000 -0.050000 0 40 255
1.650000 1.550000 -0.050000 0 40 255
1.750000 1.550000 -0.050000 0 40 255
1.850000 1.450000 -0.050000 0 40 255
1.950000 1.450000 -0.050000 0 40 255
1.850000 1.550000 -0.050000 0 40 255
1.950000 1.550000 -0.050000 0 40 255
2.050000 1.250000 -0.050000 0 40 255
2.150000 1.250000 -0.050000 0 40 255
2.050000 1.350000 -0.050000 0 40 255
2.150000 1.350000 -0.050000 0 40 255
2.250000 1.250000 -0.050000 0 40 255
2.350000 1.250000 -0.050000 0 40 255
2.250000 1.350000 -0.050000 0 40 255
2.350000 1.350000 -0.050000 0 40 255
2.050000 1.450000 -0.050000 0 40 255
2.150000 1.450000 -0.050000 0 40 255
2.050000 1.550000 -0.050000 0 40 255
2.150000 1.550000 -0.050000 0 40 255
2.250000 1.450000 -0.050000 0 40 255
2.350000 1.450000 -0.050000 0 40 255
2.250000 1.550000 -0.050000 0 40 255
2.350000 1.550000 -0.050000 0 40 255
2.450000 0.850000 -0.050000 0 40 255
2.550000 0.850000 -0.050000 0 40 255
2.450000 0.950000 -0.050000 0 40 255
2.550000 0.950000 -0.050000 0 40 255
2.650000 0.850000 -0.050000 0 40 255
2.750000 0.850000 -0.050000 0 40 255
2.650000 0.950000 -0.050000 0 40 255
2.750000 0.950000 -0.050000 0 40 255
2.450000 1.050000 -0.050000 0 40 255
2.550000 1.050000 -0.050000 0 40 255
2.450000 1.150000 -0.050000 0 40 255
2.550000 1.150000 -0.050000 0 40 255
2.650000 1.050000 -0.050000 0 40 255
2.750000 1.050000 -0.050000 0 40 255
2.650000 1.150000 -0.050000 0 40 255
2.750000 1.150000 -0.050000 0 40 255
2.850000 0.850000 -0.050000 0 40 255
2.950000 0.850000 -0.050000 0 40 255
2.850000 0.950000 -0.050000 0 40 255
2.950000 0.950000 -0.050000 0 40 255
3.050000 0.850000 -0.050000 0 40 255
3.150000 0.850000 -0.050000 0 40 255
3.050000 0.950000 -0.050000 0 40 255
3.150000 0.950000 -0.050000 0 40 255
2.850000 1.050000 -0.050000 0 40 255
2.950000 1.050000 -0.050000 0 40 255
2.850000 1.150000 -0.050000 0 40 255
2.950000 1.150000 -0.050000 0 40 255
3.050000 1.050000 -0.050000 0 40 255
3.150000 1.050000 -0.050000 0 40 255
3.050000 1.150000 -0.050000 0 40 255
3.150000 1.150000 -0.050000 0 40 255
2.450000 1.250000 -0.050000 0 40 255
2.550000 1.250000 -0.050000 0 40 255
2.450000 1.350000 -0.050000 0 40 255
2.550000 1.350000 -0.050000 0 40 255
2.650000 1.250000 -0.050000 0 40 255
2.750000 1.250000 -0.050000 0 40 255
2.650000 1.350000 -0.050000 0 40 255
2.750000 1.350000 -0.050000 0 40 255
2.450000 1.450000 -0.050000 0 40 255
2.550000 1.450000 -0.050000 0 40 255
2.450000 1.550000 -0.050000 0 40 255
2.550000 1.550000 -0.050000 0 40 255
2.650000 1.450000 -0.050000 0 40 255
2.750000 1.450000 -0.050000 0 40 255
2.650000 1.550000 -0.050000 0 40 255
2.750000 1.550000 -0.050000 0 40 255
2.850000 1.250000 -0.050000 0 40 255
2.950000 1.250000 -0.050000 0 40 255
2.850000 1.350000 -0.050000 0 40 255
2.950000 1.350000 -0.050000 0 40 255
3.050000 1.250000 -0.050000 0 40 255
3.150000 1.250000 -0.050000 0 40 255
3.050000 1.350000 -0.050000 0 40 255
3.150000 1.350000 -0.050000 0 40 255
2.850000 1.450000 -0.050000 0 40 255
2.950000 1.450000 -0.050000 0 40 255
2.850000 1.550000 -0.050000 0 40 255
2.950000 1.550000 -0.050000 0 40 255
3.050000 1.450000 -0.050000 0 40 255
3.150000 1.450000 -0.050000 0 40 255
3.050000 1.550000 -0.050000 0 40 255
3.150000 1.550000 -0.050000 0 40 255
0.050000 1.650000 -0.050000 0 40 255
0.150000 1.650000 -0.050000 0 40 255
0.050000 1.750000 -0.050000 0 40 255
0.150000 1.750000 -0.050000 0 40 255
0.250000 1.650000 -0.050000 0 40 255
0.350000 1.650000 -0.050000 0 40 255
0.250000 1.750000 -0.050000 0 40 255
0.350000 1.750000 -0.050000 0 40 255
0.050000 1.850000 -0.050000 0 40 255
0.150000 1.850000 -0.050000 0 40 255
0.050000 1.950000 -0.050000 0 40 255
0.150000 1.950000 -0.050000 0 40 255
0.250000 1.850000 -0.050000 0 40 255
0.350000 1.850000 -0.050000 0 40 255
0.250000 1.950000 -0.050000 0 40 255
0.350000 1.950000 -0.050000 0 40 255
0.450000 1.650000 -0.050000 0 40 255
0.550000 1.650000 -0.050000 0 40 255
0.450000 1.750000 -0.050000 0 40 255
0.550000 1.750000 -0.050000 0 40 255
0.650000 1.650000 -0.050000 0 40 255
0.750000 1.650000 -0.050000 0 40 255
0.650000 1.750000 -0.050000 0 40 255
0.750000 1.750000 -0.050000 0 40 255
0.450000 1.850000 -0.050000 0 40 255
0.550000 1.850000 -0.050000 0 40 255
0.450000 1.950000 -0.050000 0 40 255
0.550000 1.950000 -0.050000 0 40 255
0.650000 1.850000 -0.050000 0 40 255
0.750000 1.850000 -0.050000 0 40 255
0.650000 1.950000 -0.050000 0 40 255
0.750000 1.950000 -0.050000 0 40 255
0.050000 2.050000 -0.050000 0 40 255
0.150000 2.050000 -0.050000 0 40 255
0.050000 2.150000 -0.050000 0 40 255
0.150000 2.150000 -0.050000 0 40 255
0.250000 2.050000 -0.050000 0 40 255
0.350000 2.050000 -0.050000 0 40 255
0.250000 2.150000 -0.050000 0 40 255
0.350000 2.150000 -0.050000 0 40 255
0.050000 2.250000 -0.050000 0 40 255
0.150000 2.250000 -0.050000 0 40 255
0.050000 2.350000 -0.050000 0 40 255
0.150000 2.350000 -0.050000 0 40 255
0.250000 2.250000 -0.050000 0 40 255
0.350000 2.250000 -0.050000 0 40 255
0.250000 2.350000 -0.050000 0 40 255
0.350000 2.350000 -0.050000 0 40 255
0.450000 2.050000 -0.050000 0 40 255
0.550000 2.050000 -0.050000 0 40 255
0.450000 2.150000 -0.050000 0 40 255
0.550000 2.150000 -0.050000 0 40 255
0.650000 2.050000 -0.050000 0 40 255
0.750000 2.050000 -0.050000 0 40 255
0.650000 2.150000 -0.050000 0 40 255
0.750000 2.150000 -0.050000 0 40 255
0.450000 2.250000 -0.050000 0 40 255
0.550000 2.250000 -0.050000 0 40 255
0.450000 2.350000 -0.050000 0 40 255
0.550000 2.350000 -0.050000 0 40 255
0.650000 2.250000 -0.050000 0 40 255
0.750000 2.250000 -0.050000 0 40 255
0.650000 2.350000 -0.050000 0 40 255
0.750000 2.350000 -0.050000 0 40 255
0.850000 1.650000 -0.050000 0 40 255
0.950000 1.650000 -0.050000 0 40 255
0.850000 1.750000 -0.050000 0 40 255
0.950000 1.750000 -0.050000 0 40 255
1.050000 1.650000 -0.050000 0 40 255
1.150000 1.650000 -0.050000 0 40 255
1.050000 1.750000 -0.050000 0 40 255
1.150000 1.750000 -0.050000 0 40 255
0.850000 1.850000 -0.050000 0 40 255
0.950000 1.850000 -0.050000 0 40 255
0.850000 1.950000 -0.050000 0 40 255
0.950000 1.950000 -0.050000 0 40 255
1.050000 1.850000 -0.050000 0 40 255
1.150000 1.850000 -0.050000 0 40 255
1.050000 1.950000 -0.050000 0 40 255
1.150000 1.950000 -0.050000 0 40 255
1.250000 1.650000 -0.050000 0 40 255
1.350000 1.650000 -0.050000 0 40 255
1.250000 1.750000 -0.050000 0 40 255
1.350000 1.750000 -0.050000 0 40 255
1.450000 1.650000 -0.050000 0 40 255
1.550000 1.650000 -0.050000 0 40 255
1.450000 1.750000 -0.050000 0 40 255
1.550000 1.750000 -0.050000 0 40 255
1.250000 1.850000 -0.050000 0 40 255
1.350000 1.850000 -0.050000 0 40 255
1.250000 1.950000 -0.050000 0 40 255
1.350000 1.950000 -0.050000 0 40 255
1.450000 1.850000 -0.050000 0 40 255
1.550000 1.850000 -0.050000 0 40 255
1.450000 1.950000 -0.050000 0 40 255
1.550000 1.950000 -0.050000 0 40 255
0.850000 2.050000 -0.050000 0 40 255
0.950000 2.050000 -0.050000 0 40 255
0.850000 2.150000 -0.050000 0 40 255
0.950000 2.150000 -0.050000 0 40 255
1.050000 2.050000 -0.050000 0 40 255
1.150000 2.050000 -0.050000 0 40 255
1.050000 2.150000 -0.050000 0 40 255
1.150000 2.150000 -0.050000 0 40 255
0.850000 2.250000 -0.050000 0 40 255
0.950000 2.250000 -0.050000 0 40 255
0.850000 2.350000 -0.050000 0 40 255
0.950000 2.350000 -0.050000 0 40 255
1.050000 2.250000 -0.050000 0 40 255
1.150000 2.250000 -0.050000 0 40 255
1.050000 2.350000 -0.050000 0 40 255
1.150000 2.350000 -0.050000 0 40 255
1.250000 2.050000 -0.050000 0 40 255
1.350000 2.050000 -0.050000 0 40 255
1.250000 2.150000 -0.050000 0 40 255
1.350000 2.150000 -0.050000 0 40 255
1.450000 2.050000 -0.050000 0 40 255
1.550000 2.050000 -0.050000 0 40 255
1.450000 2.150000 -0.050000 0 40 255
1.550000 2.150000 -0.050000 0 40 255
1.250000 2.250000 -0.050000 0 40 255
1.350000 2.250000 -0.050000 0 40 255
1.250000 2.350000 -0.050000 0 40 255
1.350000 2.350000 -0.050000 0 40 255
1.450000 2.250000 -0.050000 0 40 255
1.550000 2.250000 -0.050000 0 40 255
1.450000 2.350000 -0.050000 0 40 255
1.550000 2.350000 -0.050000 0 40 255
0.050000 2.450000 -0.050000 0 40 255
0.150000 2.450000 -0.050000 0 40 255
0.050000 2.550000 -0.050000 0 40 255
0.150000 2.550000 -0.050000 0 40 255
0.250000 2.450000 -0.050000 0 40 255
0.350000 2.450000 -0.050000 0 40 255
0.250000 2.550000 -0.050000 0 40 255
0.350000 2.550000 -0.050000 0 40 255
0.050000 2.650000 -0.050000 0 40 255
0.150000 2.650000 -0.050000 0 40 255
0.250000 2.650000 -0.050000 0 40 255
0.350000 2.650000 -0.050000 0 40 255
0.250000 2.750000 -0.050000 0 40 255
0.350000 2.750000 -0.050000 0 40 255
0.450000 2.450000 -0.050000 0 40 255
0.550000 2.450000 -0.050000 0 40 255
0.450000 2.550000 -0.050000 0 40 255
0.550000 2.550000 -0.050000 0 40 255
0.650000 2.450000 -0.050000 0 40 255
0.750000 2.450000 -0.050000 0 40 255
0.650000 2.550000 -0.050000 0 40 255
0.750000 2.550000 -0.050000 0 40 255
0.450000 2.650000 -0.050000 0 40 255
0.550000 2.650000 -0.050000 0 40 255
0.450000 2.750000 -0.050000 0 40 255
0.550000 2.750000 -0.050000 0 40 255
0.650000 2.650000 -0.050000 0 40 255
0.750000 2.650000 -0.050000 0 40 255
0.650000 2.750000 -0.050000 0 40 255
0.750000 2.750000 -0.050000 0 40 255
0.250000 2.850000 -0.050000 0 40 255
0.350000 2.850000 -0.050000 0 40 255
0.350000 2.950000 -0.050000 0 40 255
0.450000 2.850000 -0.050000 0 40 255
0.550000 2.850000 -0.050000 0 40 255
0.450000 2.950000 -0.050000 0 40 255
0.550000 2.950000 -0.050000 0 40 255
0.650000 2.850000 -0.050000 0 40 255
0.750000 2.850000 -0.050000 0 40 255
0.650000 2.950000 -0.050000 0 40 255
0.750000 2.950000 -0.050000 0 40 255
0.550000 3.050000 -0.050000 0 40 255
0.550000 3.150000 -0.050000 0 40 255
0.650000 3.050000 -0.050000 0 40 255
0.750000 3.050000 -0.050000 0 40 255
0.650000 3.150000 -0.050000 0 40 255
0.750000 3.150000 -0.050000 0 40 255
0.850000 2.450000 -0.050000 0 40 255
0.950000 2.450000 -0.050000 0 40 255
0.850000 2.550000 -0.050000 0 40 255
0.950000 2.550000 -0.050000 0 40 255
1.050000 2.450000 -0.050000 0 40 255
1.150000 2.450000 -0.050000 0 40 255
1.050000 2.550000 -0.050000 0 40 255
1.150000 2.550000 -0.050000 0 40 255
0.850000 2.650000 -0.050000 0 40 255
0.950000 2.650000 -0.050000 0 40 255
0.850000 2.750000 -0.050000 0 40 255
0.950000 2.750000 -0.050000 0 40 255
1.050000 2.650000 -0.050000 0 40 255
1.150000 2.650000 -0.050000 0 40 255
1.050000 2.750000 -0.050000 0 40 255
1.150000 2.750000 -0.050000 0 40 255
1.250000 2.450000 -0.050000 0 40 255
1.350000 2.450000 -0.050000 0 40 255
1.250000 2.550000 -0.050000 0 40 255
1.350000 2.550000 -0.050000 0 40 255
1.450000 2.450000 -0.050000 0 40 255
1.550000 2.450000 -0.050000 0 40 255
1.450000 2.550000 -0.050000 0 40 255
1.550000 2.550000 -0.050000 0 40 255
1.250000 2.650000 -0.050000 0 40 255
1.350000 2.650000 -0.050000 0 40 255
1.250000 2.750000 -0.050000 0 40 255
1.350000 2.750000 -0.050000 0 40 255
1.450000 2.650000 -0.050000 0 40 255
1.550000 2.650000 -0.050000 0 40 255
1.450000 2.750000 -0.050000 0 40 255
1.550000 2.750000 -0.050000 0 40 255
0.850000 2.850000 -0.050000 0 40 255
0.950000 2.850000 -0.050000 0 40 255
0.850000 2.950000 -0.050000 0 40 255
0.950000 2.950000 -0.050000 0 40 255
1.050000 2.850000 -0.050000 0 40 255
1.150000 2.850000 -0.050000 0 40 255
1.050000 2.950000 -0.050000 0 40 255
1.150000 2.950000 -0.050000 0 40 255
0.850000 3.050000 -0.050000 0 40 255
0.950000 3.050000 -0.050000 0 40 255
0.850000 3.150000 -0.050000 0 40 255
0.950000 3.150000 -0.050000 0 40 255
1.050000 3.050000 -0.050000 0 40 255
1.150000 3.050000 -0.050000 0 40 255
1.050000 3.150000 -0.050000 0 40 255
1.150000 3.150000 -0.050000 0 40 255
1.250000 2.850000 -0.050000 0 40 255
1.350000 2.850000 -0.050000 0 40 255
1.250000 2.950000 -0.050000 0 40 255
1.350000 2.950000 -0.050000 0 40 255
1.450000 2.850000 -0.050000 0 40 255
1.550000 2.850000 -0.050000 0 40 255
1.450000 2.950000 -0.050000 0 40 255
1.550000 2.950000 -0.050000 0 40 255
1.250000 3.050000 -0.050000 0 40 255
1.350000 3.050000 -0.050000 0 40 255
1.250000 3.150000 -0.050000 0 40 255
1.350000 3.150000 -0.050000 0 40 255
1.450000 3.050000 -0.050000 0 40 255
1.550000 3.050000 -0.050000 0 40 255
1.450000 3.150000 -0.050000 0 40 255
1.550000 3.150000 -0.050000 0 40 255
1.650000 1.650000 -0.050000 0 40 255
1.750000 1.650000 -0.050000 0 40 255
1.650000 1.750000 -0.050000 0 40 255
1.750000 1.750000 -0.050000 0 40 255
1.850000 1.650000 -0.050000 0 40 255
1.950000 1.650000 -0.050000 0 40 255
1.850000 1.750000 -0.050000 0 40 255
1.950000 1.750000 -0.050000 0 40 255
1.650000 1.850000 -0.050000 0 40 255
1.750000 1.850000 -0.050000 0 40 255
1.650000 1.950000 -0.050000 0 40 255
1.750000 1.950000 -0.050000 0 40 255
1.850000 1.850000 -0.050000 0 40 255
1.950000 1.850000 -0.050000 0 40 255
1.850000 1.950000 -0.050000 0 40 255
1.950000 1.950000 -0.050000 0 40 255
2.050000 1.650000 -0.050000 0 40 255
2.150000 1.650000 -0.050000 0 40 255
2.050000 1.750000 -0.050000 0 40 255
2.150000 1.750000 -0.050000 0 40 255
2.250000 1.650000 -0.050000 0 40 255
2.350000 1.650000 -0.050000 0 40 255
2.250000 1.750000 -0.050000 0 40 255
2.350000 1.750000 -0.050000 0 40 255
2.050000 1.850000 -0.050000 0 40 255
2.150000 1.850000 -0.050000 0 40 255
2.050000 1.950000 -0.050000 0 40 255
2.150000 1.950000 -0.050000 0 40 255
2.250000 1.850000 -0.050000 0 40 255
2.350000 1.850000 -0.050000 0 40 255
2.250000 1.950000 -0.050000 0 40 255
2.350000 1.950000 -0.050000 0 40 255
1.650000 2.050000 -0.050000 0 40 255
1.750000 2.050000 -0.050000 0 40 255
1.650000 2.150000 -0.050000 0 40 255
1.750000 2.150000 -0.050000 0 40 255
1.850000 2.050000 -0.050000 0 40 255
1.950000 2.050000 -0.050000 0 40 255
1.850000 2.150000 -0.050000 0 40 255
1.950000 2.150000 -0.050000 0 40 255
1.650000 2.250000 -0.050000 0 40 255
1.750000 2.250000 -0.050000 0 40 255
1.650000 2.350000 -0.050000 0 40 255
1.750000 2.350000 -0.050000 0 40 255
1.850000 2.250000 -0.050000 0 40 255
1.950000 2.250000 -0.050000 0 40 255
1.850000 2.350000 -0.050000 0 40 255
1.950000 2.350000 -0.050000 0 40 255
2.050000 2.050000 -0.050000 0 40 255
2.150000 2.050000 -0.050000 0 40 255
2.050000 2.150000 -0.050000 0 40 255
2.150000 2.150000 -0.050000 0 40 255
2.250000 2.050000 -0.050000 0 40 255
2.350000 2.050000 -0.050000 0 40 255
2.250000 2.150000 -0.050000 0 40 255
2.350000 2.150000 -0.050000 0 40 255
2.050000 2.250000 -0.050000 0 40 255
2.150000 2.250000 -0.050000 0 40 255
2.050000 2.350000 -0.050000 0 40 255
2.150000 2.350000 -0.050000 0 40 255
2.250000 2.250000 -0.050000 0 40 255
2.350000 2.250000 -0.050000 0 40 255
2.250000 2.350000 -0.050000 0 40 255
2.350000 2.350000 -0.050000 0 40 255
2.450000 1.650000 -0.050000 0 40 255
2.550000 1.650000 -0.050000 0 40 255
2.450000 1.750000 -0.050000 0 40 255
2.550000 1.750000 -0.050000 0 40 255
2.650000 1.650000 -0.050000 0 40 255
2.750000 1.650000 -0.050000 0 40 255
2.650000 1.750000 -0.050000 0 40 255
2.750000 1.750000 -0.050000 0 40 255
2.450000 1.850000 -0.050000 0 40 255
2.550000 1.850000 -0.050000 0 40 255
2.450000 1.950000 -0.050000 0 40 255
2.550000 1.950000 -0.050000 0 40 255
2.650000 1.850000 -0.050000 0 40 255
2.750000 1.850000 -0.050000 0 40 255
2.650000 1.950000 -0.050000 0 40 255
2.750000 1.950000 -0.050000 0 40 255
2.850000 1.650000 -0.050000 0 40 255
2.950000 1.650000 -0.050000 0 40 255
2.850000 1.750000 -0.050000 0 40 255
2.950000 1.750000 -0.050000 0 40 255
3.050000 1.650000 -0.050000 0 40 255
3.150000 1.650000 -0.050000 0 40 255
3.050000 1.750000 -0.050000 0 40 255
3.150000 1.750000 -0.050000 0 40 255
2.850000 1.850000 -0.050000 0 40 255
2.950000 1.850000 -0.050000 0 40 255
2.850000 1.950000 -0.050000 0 40 255
2.950000 1.950000 -0.050000 0 40 255
3.050000 1.850000 -0.050000 0 40 255
3.150000 1.850000 -0.050000 0 40 255
3.050000 1.950000 -0.050000 0 40 255
3.150000 1.950000 -0.050000 0 40 255
2.450000 2.050000 -0.050000 0 40 255
2.550000 2.050000 -0.050000 0 40 255
2.450000 2.150000 -0.050000 0 40 255
2.550000 2.150000 -0.050000 0 40 255
2.650000 2.050000 -0.050000 0 40 255
2.750000 2.050000 -0.050000 0 40 255
2.650000 2.150000 -0.050000 0 40 255
2.750000 2.150000 -0.050000 0 40 255
2.450000 2.250000 -0.050000 0 40 255
2.550000 2.250000 -0.050000 0 40 255
2.450000 2.350000 -0.050000 0 40 255
2.550000 2.350000 -0.050000 0 40 255
2.650000 2.250000 -0.050000 0 40 255
2.750000 2.250000 -0.050000 0 40 255
2.650000 2.350000 -0.050000 0 40 255
2.750000 2.350000 -0.050000 0 40 255
2.850000 2.050000 -0.050000 0 40 255
2.950000 2.050000 -0.050000 0 40 255
2.850000 2.150000 -0.050000 0 40 255
2.950000 2.150000 -0.050000 0 40 255
3.050000 2.050000 -0.050000 0 40 255
3.150000 2.050000 -0.050000 0 40 255
3.050000 2.150000 -0.050000 0 40 255
3.150000 2.150000 -0.050000 0 40 255
2.850000 2.250000 -0.050000 0 40 255
2.950000 2.250000 -0.050000 0 40 255
2.850000 2.350000 -0.050000 0 40 255
2.950000 2.350000 -0.050000 0 40 255
3.050000 2.250000 -0.050000 0 40 255
3.150000 2.250000 -0.050000 0 40 255
3.050000 2.350000 -0.050000 0 40 255
3.150000 2.350000 -0.050000 0 40 255
1.650000 2.450000 -0.050000 0 40 255
1.750000 2.450000 -0.050000 0 40 255
1.650000 2.550000 -0.050000 0 40 255
1.750000 2.550000 -0.050000 0 40 255
1.850000 2.450000 -0.050000 0 40 255
1.950000 2.450000 -0.050000 0 40 255
1.850000 2.550000 -0.050000 0 40 255
1.950000 2.550000 -0.050000 0 40 255
1.650000 2.650000 -0.050000 0 40 255
1.750000 2.650000 -0.050000 0 40 255
1.650000 2.750000 -0.050000 0 40 255
1.750000 2.750000 -0.050000 0 40 255
1.850000 2.650000 -0.050000 0 40 255
1.950000 2.650000 -0.050000 0 40 255
1.850000 2.750000 -0.050000 0 40 255
1.950000 2.750000 -0.050000 0 40 255
2.050000 2.450000 -0.050000 0 40 255
2.150000 2.450000 -0.050000 0 40 255
2.050000 2.550000 -0.050000 0 40 255
2.150000 2.550000 -0.050000 0 40 255
2.250000 2.450000 -0.050000 0 40 255
2.350000 2.450000 -0.050000 0 40 255
2.250000 2.550000 -0.050000 0 40 255
2.350000 2.550000 -0.050000 0 40 255
2.050000 2.650000 -0.050000 0 40 255
2.150000 2.650000 -0.050000 0 40 255
2.050000 2.750000 -0.050000 0 40 255
2.150000 2.750000 -0.050000 0 40 255
2.250000 2.650000 -0.050000 0 40 255
2.350000 2.650000 -0.050000 0 40 255
2.250000 2.750000 -0.050000 0 40 255
2.350000 2.750000 -0.050000 0 40 255
1.650000 2.850000 -0.050000 0 40 255
1.750000 2.850000 -0.050000 0 40 255
1.650000 2.950000 -0.050000 0 40 255
1.750000 2.950000 -0.050000 0 40 255
1.850000 2.850000 -0.050000 0 40 255
1.950000 2.850000 -0.050000 0 40 255
1.850000 2.950000 -0.050000 0 40 255
1.950000 2.950000 -0.050000 0 40 255
1.650000 3.050000 -0.050000 0 40 255
1.750000 3.050000 -0.050000 0 40 255
1.650000 3.150000 -0.050000 0 40 255
1.750000 3.150000 -0.050000 0 40 255
1.850000 3.050000 -0.050000 0 40 255
1.950000 3.050000 -0.050000 0 40 255
1.850000 3.150000 -0.050000 0 40 255
1.950000 3.150000 -0.050000 0 40 255
2.050000 2.850000 -0.050000 0 40 255
2.150000 2.850000 -0.050000 0 40 255
2.050000 2.950000 -0.050000 0 40 255
2.150000 2.950000 -0.050000 0 40 255
2.250000 2.850000 -0.050000 0 40 255
2.350000 2.850000 -0.050000 0 40 255
2.250000 2.950000 -0.050000 0 40 255
2.350000 2.950000 -0.050000 0 40 255
2.050000 3.050000 -0.050000 0 40 255
2.150000 3.050000 -0.050000 0 40 255
2.050000 3.150000 -0.050000 0 40 255
2.150000 3.150000 -0.050000 0 40 255
2.250000 3.050000 -0.050000 0 40 255
2.350000 3.050000 -0.050000 0 40 255
2.250000 3.150000 -0.050000 0 40 255
2.350000 3.150000 -0.050000 0 40 255
2.450000 2.450000 -0.050000 0 40 255
2.550000 2.450000 -0.050000 0 40 255
2.450000 2.550000 -0.050000 0 40 255
2.550000 2.550000 -0.050000 0 40 255
2.650000 2.450000 -0.050000 0 40 255
2.750000 2.450000 -0.050000 0 40 255
2.650000 2.550000 -0.050000 0 40 255
2.750000 2.550000 -0.050000 0 40 255
2.450000 2.650000 -0.050000 0 40 255
2.550000 2.650000 -0.050000 0 40 255
2.450000 2.750000 -0.050000 0 40 255
2.550000 2.750000 -0.050000 0 40 255
2.650000 2.650000 -0.050000 0 40 255
2.750000 2.650000 -0.050000 0 40 255
2.650000 2.750000 -0.050000 0 40 255
2.750000 2.750000 -0.050000 0 40 255
2.850000 2.450000 -0.050000 0 40 255
2.950000 2.450000 -0.050000 0 40 255
2.850000 2.550000 -0.050000 0 40 255
2.950000 2.550000 -0.050000 0 40 255
3.050000 2.450000 -0.050000 0 40 255
3.150000 2.450000 -0.050000 0 40 255
3.050000 2.550000 -0.050000 0 40 255
3.150000 2.550000 -0.050000 0 40 255
2.850000 2.650000 -0.050000 0 40 255
2.950000 2.650000 -0.050000 0 40 255
2.850000 2.750000 -0.050000 0 40 255
2.950000 2.750000 -0.050000 0 40 255
3.050000 2.650000 -0.050000 0 40 255
3.150000 2.650000 -0.050000 0 40 255
3.050000 2.750000 -0.050000 0 40 255
3.150000 2.750000 -0.050000 0 40 255
2.450000 2.850000 -0.050000 0 40 255
2.550000 2.850000 -0.050000 0 40 255
2.450000 2.950000 -0.050000 0 40 255
2.550000 2.950000 -0.050000 0 40 255
2.650000 2.850000 -0.050000 0 40 255
2.750000 2.850000 -0.050000 0 40 255
2.650000 2.950000 -0.050000 0 40 255
2.750000 2.950000 -0.050000 0 40 255
2.450000 3.050000 -0.050000 0 40 255
2.550000 3.050000 -0.050000 0 40 255
2.450000 3.150000 -0.050000 0 40 255
2.550000 3.150000 -0.050000 0 40 255
2.650000 3.050000 -0.050000 0 40 255
2.750000 3.050000 -0.050000 0 40 255
2.650000 3.150000 -0.050000 0 40 255
2.750000 3.150000 -0.050000 0 40 255
2.850000 2.850000 -0.050000 0 40 255
2.950000 2.850000 -0.050000 0 40 255
2.850000 2.950000 -0.050000 0 40 255
2.950000 2.950000 -0.050000 0 40 255
3.050000 2.850000 -0.050000 0 40 255
3.150000 2.850000 -0.050000 0 40 255
3.050000 2.950000 -0.050000 0 40 255
3.150000 2.950000 -0.050000 0 40 255
2.850000 3.050000 -0.050000 0 40 255
2.950000 3.050000 -0.050000 0 40 255
2.850000 3.150000 -0.050000 0 40 255
2.950000 3.150000 -0.050000 0 40 255
3.050000 3.050000 -0.050000 0 40 255
3.150000 3.050000 -0.050000 0 40 255
3.050000 3.150000 -0.050000 0 40 255
3.150000 3.150000 -0.050000 0 40 255
3.350000 0.050000 -0.050000 0 40 255
3.250000 0.150000 -0.050000 0 40 255
3.350000 0.150000 -0.050000 0 40 255
3.450000 0.050000 -0.050000 0 40 255
3.550000 0.050000 -0.050000 0 40 255
3.450000 0.150000 -0.050000 0 40 255
3.550000 0.150000 -0.050000 0 40 255
3.250000 0.250000 -0.050000 0 40 255
3.350000 0.250000 -0.050000 0 40 255
3.250000 0.350000 -0.050000 0 40 255
3.350000 0.350000 -0.050000 0 40 255
3.450000 0.250000 -0.050000 0 40 255
3.550000 0.250000 -0.050000 0 40 255
3.450000 0.350000 -0.050000 0 40 255
3.550000 0.350000 -0.050000 0 40 255
3.650000 0.050000 -0.050000 0 40 255
3.750000 0.050000 -0.050000 0 40 255
3.650000 0.150000 -0.050000 0 40 255
3.750000 0.150000 -0.050000 0 40 255
3.850000 0.050000 -0.050000 0 40 255
3.950000 0.050000 -0.050000 0 40 255
3.850000 0.150000 -0.050000 0 40 255
3.950000 0.150000 -0.050000 0 40 255
3.650000 0.250000 -0.050000 0 40 255
3.750000 0.250000 -0.050000 0 40 255
3.650000 0.350000 -0.050000 0 40 255
3.750000 0.350000 -0.050000 0 40 255
3.850000 0.250000 -0.050000 0 40 255
3.950000 0.250000 -0.050000 0 40 255
3.850000 0.350000 -0.050000 0 40 255
3.950000 0.350000 -0.050000 0 40 255
3.250000 0.450000 -0.050000 0 40 255
3.350000 0.450000 -0.050000 0 40 255
3.250000 0.550000 -0.050000 0 40 255
3.350000 0.550000 -0.050000 0 40 255
3.450000 0.450000 -0.050000 0 40 255
3.550000 0.450000 -0.050000 0 40 255
3.450000 0.550000 -0.050000 0 40 255
3.550000 0.550000 -0.050000 0 40 255
3.250000 0.650000 -0.050000 0 40 255
3.350000 0.650000 -0.050000 0 40 255
3.250000 0.750000 -0.050000 0 40 255
3.350000 0.750000 -0.050000 0 40 255
3.450000 0.650000 -0.050000 0 40 255
3.550000 0.650000 -0.050000 0 40 255
3.450000 0.750000 -0.050000 0 40 255
3.550000 0.750000 -0.050000 0 40 255
3.650000 0.450000 -0.050000 0 40 255
3.750000 0.450000 -0.050000 0 40 255
3.650000 0.550000 -0.050000 0 40 255
3.750000 0.550000 -0.050000 0 40 255
3.850000 0.450000 -0.050000 0 40 255
3.950000 0.450000 -0.050000 0 40 255
3.850000 0.550000 -0.050000 0 40 255
3.950000 0.550000 -0.050000 0 40 255
3.650000 0.650000 -0.050000 0 40 255
3.750000 0.650000 -0.050000 0 40 255
3.650000 0.750000 -0.050000 0 40 255
3.750000 0.750000 -0.050000 0 40 255
3.850000 0.650000 -0.050000 0 40 255
3.950000 0.650000 -0.050000 0 40 255
3.850000 0.750000 -0.050000 0 40 255
3.950000 0.750000 -0.050000 0 40 255
4.050000 0.050000 -0.050000 0 40 255
4.150000 0.050000 -0.050000 0 40 255
4.050000 0.150000 -0.050000 0 40 255
4.150000 0.150000 -0.050000 0 40 255
4.250000 0.050000 -0.050000 0 40 255
4.350000 0.050000 -0.050000 0 40 255
4.250000 0.150000 -0.050000 0 40 255
4.350000 0.150000 -0.050000 0 40 255
4.050000 0.250000 -0.050000 0 40 255
4.150000 0.250000 -0.050000 0 40 255
4.050000 0.350000 -0.050000 0 40 255
4.150000 0.350000 -0.050000 0 40 255
4.250000 0.250000 -0.050000 0 40 255
4.350000 0.250000 -0.050000 0 40 255
4.250000 0.350000 -0.050000 0 40 255
4.350000 0.350000 -0.050000 0 40 255
4.450000 0.050000 -0.050000 0 40 255
4.550000 0.050000 -0.050000 0 40 255
4.450000 0.150000 -0.050000 0 40 255
4.550000 0.150000 -0.050000 0 40 255
4.650000 0.050000 -0.050000 0 40 255
4.750000 0.050000 -0.050000 0 40 255
4.650000 0.150000 -0.050000 0 40 255
4.750000 0.150000 -0.050000 0 40 255
4.450000 0.250000 -0.050000 0 40 255
4.550000 0.250000 -0.050000 0 40 255
4.450000 0.350000 -0.050000 0 40 255
4.550000 0.350000 -0.050000 0 40 255
4.650000 0.250000 -0.050000 0 40 255
4.750000 0.250000 -0.050000 0 40 255
4.650000 0.350000 -0.050000 0 40 255
4.750000 0.350000 -0.050000 0 40 255
4.050000 0.450000 -0.050000 0 40 255
4.150000 0.450000 -0.050000 0 40 255
4.050000 0.550000 -0.050000 0 40 255
4.150000 0.550000 -0.050000 0 40 255
4.250000 0.450000 -0.050000 0 40 255
4.350000 0.450000 -0.050000 0 40 255
4.250000 0.550000 -0.050000 0 40 255
4.350000 0.550000 -0.050000 0 40 255
4.050000 0.650000 -0.050000 0 40 255
4.150000 0.650000 -0.050000 0 40 255
4.050000 0.750000 -0.050000 0 40 255
4.150000 0.750000 -0.050000 0 40 255
4.250000 0.650000 -0.050000 0 40 255
4.350000 0.650000 -0.050000 0 40 255
4.250000 0.750000 -0.050000 0 40 255
4.350000 0.750000 -0.050000 0 40 255
4.450000 0.450000 -0.050000 0 40 255
4.550000 0.450000 -0.050000 0 40 255
4.450000 0.550000 -0.050000 0 40 255
4.550000 0.550000 -0.050000 0 40 255
4.650000 0.450000 -0.050000 0 40 255
4.750000 0.450000 -0.050000 0 40 255
4.650000 0.550000 -0.050000 0 40 255
4.750000 0.550000 -0.050000 0 40 255
4.450000 0.650000 -0.050000 0 40 255
4.550000 0.650000 -0.050000 0 40 255
4.450000 0.750000 -0.050000 0 40 255
4.550000 0.750000 -0.050000 0 40 255
4.650000 0.650000 -0.050000 0 40 255
4.750000 0.650000 -0.050000 0 40 255
4.650000 0.750000 -0.050000 0 40 255
4.750000 0.750000 -0.050000 0 40 255
3.250000 0.850000 -0.050000 0 40 255
3.350000 0.850000 -0.050000 0 40 255
3.250000 0.950000 -0.050000 0 40 255
3.350000 0.950000 -0.050000 0 40 255
3.450000 0.850000 -0.050000 0 40 255
3.550000 0.850000 -0.050000 0 40 255
3.450000 0.950000 -0.050000 0 40 255
3.550000 0.950000 -0.050000 0 40 255
3.250000 1.050000 -0.050000 0 40 255
3.350000 1.050000 -0.050000 0 40 255
3.250000 1.150000 -0.050000 0 40 255
3.350000 1.150000 -0.050000 0 40 255
3.450000 1.050000 -0.050000 0 40 255
3.550000 1.050000 -0.050000 0 40 255
3.450000 1.150000 -0.050000 0 40 255
3.550000 1.150000 -0.050000 0 40 255
3.650000 0.850000 -0.050000 0 40 255
3.750000 0.850000 -0.050000 0 40 255
3.650000 0.950000 -0.050000 0 40 255
3.750000 0.950000 -0.050000 0 40 255
3.850000 0.850000 -0.050000 0 40 255
3.950000 0.850000 -0.050000 0 40 255
3.850000 0.950000 -0.050000 0 40 255
3.950000 0.950000 -0.050000 0 40 255
3.650000 1.050000 -0.050000 0 40 255
3.750000 1.050000 -0.050000 0 40 255
3.650000 1.150000 -0.050000 0 40 255
3.750000 1.150000 -0.050000 0 40 255
3.850000 1.050000 -0.050000 0 40 255
3.950000 1.050000 -0.050000 0 40 255
3.850000 1.150000 -0.050000 0 40 255
3.950000 1.150000 -0.050000 0 40 255
3.250000 1.250000 -0.050000 0 40 255
3.350000 1.250000 -0.050000 0 40 255
3.250000 1.350000 -0.050000 0 40 255
3.350000 1.350000 -0.050000 0 40 255
3.450000 1.250000 -0.050000 0 40 255
3.550000 1.250000 -0.050000 0 40 255
3.450000 1.350000 -0.050000 0 40 255
3.550000 1.350000 -0.050000 0 40 255
3.250000 1.450000 -0.050000 0 40 255
3.350000 1.450000 -0.050000 0 40 255
3.250000 1.550000 -0.050000 0 40 255
3.350000 1.550000 -0.050000 0 40 255
3.450000 1.450000 -0.050000 0 40 255
3.550000 1.450000 -0.050000 0 40 255
3.450000 1.550000 -0.050000 0 40 255
3.550000 1.550000 -0.050000 0 40 255
3.650000 1.250000 -0.050000 0 40 255
3.750000 1.250000 -0.050000 0 40 255
3.650000 1.350000 -0.050000 0 40 255
3.750000 1.350000 -0.050000 0 40 255
3.850000 1.250000 -0.050000 0 40 255
3.950000 1.250000 -0.050000 0 40 255
3.850000 1.350000 -0.050000 0 40 255
3.950000 1.350000 -0.050000 0 40 255
3.650000 1.450000 -0.050000 0 40 255
3.750000 1.450000 -0.050000 0 40 255
3.650000 1.550000 -0.050000 0 40 255
3.750000 1.550000 -0.050000 0 40 255
3.850000 1.450000 -0.050000 0 40 255
3.950000 1.450000 -0.050000 0 40 255
3.850000 1.550000 -0.050000 0 40 255
3.950000 1.550000 -0.050000 0 40 255
4.050000 0.850000 -0.050000 0 40 255
4.150000 0.850000 -0.050000 0 40 255
4.050000 0.950000 -0.050000 0 40 255
4.150000 0.950000 -0.050000 0 40 255
4.250000 0.850000 -0.050000 0 40 255
4.350000 0.850000 -0.050000 0 40 255
4.250000 0.950000 -0.050000 0 40 255
4.350000 0.950000 -0.050000 0 40 255
4.050000 1.050000 -0.050000 0 40 255
4.150000 1.050000 -0.050000 0 40 255
4.050000 1.150000 -0.050000 0 40 255
4.150000 1.150000 -0.050000 0 40 255
4.250000 1.050000 -0.050000 0 40 255
4.350000 1.050000 -0.050000 0 40 255
4.250000 1.150000 -0.050000 0 40 255
4.350000 1.150000 -0.050000 0 40 255
4.450000 0.850000 -0.050000 0 40 255
4.550000 0.850000 -0.050000 0 40 255
4.450000 0.950000 -0.050000 0 40 255
4.550000 0.950000 -0.050000 0 40 255
4.650000 0.850000 -0.050000 0 40 255
4.750000 0.850000 -0.050000 0 40 255
4.650000 0.950000 -0.050000 0 40 255
4.750000 0.950000 -0.050000 0 40 255
4.450000 1.050000 -0.050000 0 40 255
4.550000 1.050000 -0.050000 0 40 255
4.450000 1.150000 -0.050000 0 40 255
4.550000 1.150000 -0.050000 0 40 255
4.650000 1.050000 -0.050000 0 40 255
4.750000 1.050000 -0.050000 0 40 255
4.650000 1.150000 -0.050000 0 40 255
4.750000 1.150000 -0.050000 0 40 255
4.050000 1.250000 -0.050000 0 40 255
4.150000 1.250000 -0.050000 0 40 255
4.050000 1.350000 -0.050000 0 40 255
4.150000 1.350000 -0.050000 0 40 255
4.250000 1.250000 -0.050000 0 40 255
4.350000 1.250000 -0.050000 0 40 255
4.250000 1.350000 -0.050000 0 40 255
4.350000 1.350000 -0.050000 0 40 255
4.050000 1.450000 -0.050000 0 40 255
4.150000 1.450000 -0.050000 0 40 255
4.050000 1.550000 -0.050000 0 40 255
4.150000 1.550000 -0.050000 0 40 255
4.250000 1.450000 -0.050000 0 40 255
4.350000 1.450000 -0.050000 0 40 255
4.250000 1.550000 -0.050000 0 40 255
4.350000 1.550000 -0.050000 0 40 255
4.450000 1.250000 -0.050000 0 40 255
4.550000 1.250000 -0.050000 0 40 255
4.450000 1.350000 -0.050000 0 40 255
4.550000 1.350000 -0.050000 0 40 255
4.650000 1.250000 -0.050000 0 40 255
4.750000 1.250000 -0.050000 0 40 255
4.650000 1.350000 -0.050000 0 40 255
4.750000 1.350000 -0.050000 0 40 255
4.450000 1.450000 -0.050000 0 40 255
4.550000 1.450000 -0.050000 0 40 255
4.450000 1.550000 -0.050000 0 40 255
4.550000 1.550000 -0.050000 0 40 255
4.650000 1.450000 -0.050000 0 40 255
4.850000 0.050000 -0.050000 0 40 255
4.850000 0.150000 -0.050000 0 40 255
4.850000 0.250000 -0.050000 0 40 255
4.850000 0.350000 -0.050000 0 40 255
4.850000 0.450000 -0.050000 0 40 255
4.850000 0.550000 -0.050000 0 40 255
4.850000 0.650000 -0.050000 0 40 255
4.850000 0.750000 -0.050000 0 40 255
3.250000 1.650000 -0.050000 0 40 255
3.350000 1.650000 -0.050000 0 40 255
3.250000 1.750000 -0.050000 0 40 255
3.350000 1.750000 -0.050000 0 40 255
3.450000 1.650000 -0.050000 0 40 255
3.550000 1.650000 -0.050000 0 40 255
3.450000 1.750000 -0.050000 0 40 255
3.550000 1.750000 -0.050000 0 40 255
3.250000 1.850000 -0.050000 0 40 255
3.350000 1.850000 -0.050000 0 40 255
3.250000 1.950000 -0.050000 0 40 255
3.350000 1.950000 -0.050000 0 40 255
3.450000 1.850000 -0.050000 0 40 255
3.550000 1.850000 -0.050000 0 40 255
3.450000 1.950000 -0.050000 0 40 255
3.550000 1.950000 -0.050000 0 40 255
3.650000 1.650000 -0.050000 0 40 255
3.750000 1.650000 -0.050000 0 40 255
3.650000 1.750000 -0.050000 0 40 255
3.750000 1.750000 -0.050000 0 40 255
3.850000 1.650000 -0.050000 0 40 255
3.950000 1.650000 -0.050000 0 40 255
3.850000 1.750000 -0.050000 0 40 255
3.950000 1.750000 -0.050000 0 40 255
3.650000 1.850000 -0.050000 0 40 255
3.750000 1.850000 -0.050000 0 40 255
3.650000 1.950000 -0.050000 0 40 255
3.750000 1.950000 -0.050000 0 40 255
3.850000 1.850000 -0.050000 0 40 255
3.950000 1.850000 -0.050000 0 40 255
3.850000 1.950000 -0.050000 0 40 255
3.950000 1.950000 -0.050000 0 40 255
3.250000 2.050000 -0.050000 0 40 255
3.350000 2.050000 -0.050000 0 40 255
3.250000 2.150000 -0.050000 0 40 255
3.350000 2.150000 -0.050000 0 40 255
3.450000 2.050000 -0.050000 0 40 255
3.550000 2.050000 -0.050000 0 40 255
3.450000 2.150000 -0.050000 0 40 255
3.550000 2.150000 -0.050000 0 40 255
3.250000 2.250000 -0.050000 0 40 255
3.350000 2.250000 -0.050000 0 40 255
3.250000 2.350000 -0.050000 0 40 255
3.350000 2.350000 -0.050000 0 40 255
3.450000 2.250000 -0.050000 0 40 255
3.550000 2.250000 -0.050000 0 40 255
3.450000 2.350000 -0.050000 0 40 255
3.550000 2.350000 -0.050000 0 40 255
3.650000 2.050000 -0.050000 0 40 255
3.750000 2.050000 -0.050000 0 40 255
3.650000 2.150000 -0.050000 0 40 255
3.750000 2.150000 -0.050000 0 40 255
3.850000 2.050000 -0.050000 0 40 255
3.950000 2.050000 -0.050000 0 40 255
3.850000 2.150000 -0.050000 0 40 255
3.950000 2.150000 -0.050000 0 40 255
3.650000 2.250000 -0.050000 0 40 255
3.750000 2.250000 -0.050000 0 40 255
3.650000 2.350000 -0.050000 0 40 255
3.750000 2.350000 -0.050000 0 40 255
3.850000 2.250000 -0.050000 0 40 255
3.950000 2.250000 -0.050000 0 40 255
3.850000 2.350000 -0.050000 0 40 255
3.950000 2.350000 -0.050000 0 40 255
4.050000 1.650000 -0.050000 0 40 255
4.150000 1.650000 -0.050000 0 40 255
4.050000 1.750000 -0.050000 0 40 255
4.150000 1.750000 -0.050000 0 40 255
4.250000 1.650000 -0.050000 0 40 255
4.350000 1.650000 -0.050000 0 40 255
4.250000 1.750000 -0.050000 0 40 255
4.350000 1.750000 -0.050000 0 40 255
4.050000 1.850000 -0.050000 0 40 255
4.150000 1.850000 -0.050000 0 40 255
4.050000 1.950000 -0.050000 0 40 255
4.150000 1.950000 -0.050000 0 40 255
4.250000 1.850000 -0.050000 0 40 255
4.350000 1.850000 -0.050000 0 40 255
4.250000 1.950000 -0.050000 0 40 255
4.450000 1.650000 -0.050000 0 40 255
4.550000 1.650000 -0.050000 0 40 255
4.050000 2.050000 -0.050000 0 40 255
4.150000 2.050000 -0.050000 0 40 255
4.050000 2.150000 -0.050000 0 40 255
4.150000 2.150000 -0.050000 0 40 255
4.050000 2.250000 -0.050000 0 40 255
4.150000 2.250000 -0.050000 0 40 255
4.050000 2.350000 -0.050000 0 40 255
4.150000 2.350000 -0.050000 0 40 255
3.250000 2.450000 -0.050000 0 40 255
3.350000 2.450000 -0.050000 0 40 255
3.250000 2.550000 -0.050000 0 40 255
3.350000 2.550000 -0.050000 0 40 255
3.450000 2.450000 -0.050000 0 40 255
3.550000 2.450000 -0.050000 0 40 255
3.450000 2.550000 -0.050000 0 40 255
3.550000 2.550000 -0.050000 0 40 255
3.250000 2.650000 -0.050000 0 40 255
3.350000 2.650000 -0.050000 0 40 255
3.250000 2.750000 -0.050000 0 40 255
3.350000 2.750000 -0.050000 0 40 255
3.450000 2.650000 -0.050000 0 40 255
3.550000 2.650000 -0.050000 0 40 255
3.450000 2.750000 -0.050000 0 40 255
3.550000 2.750000 -0.050000 0 40 255
3.650000 2.450000 -0.050000 0 40 255
3.750000 2.450000 -0.050000 0 40 255
3.650000 2.550000 -0.050000 0 40 255
3.750000 2.550000 -0.050000 0 40 255
3.850000 2.450000 -0.050000 0 40 255
3.950000 2.450000 -0.050000 0 40 255
3.850000 2.550000 -0.050000 0 40 255
3.950000 2.550000 -0.050000 0 40 255
3.650000 2.650000 -0.050000 0 40 255
3.750000 2.650000 -0.050000 0 40 255
3.650000 2.750000 -0.050000 0 40 255
3.750000 2.750000 -0.050000 0 40 255
3.850000 2.650000 -0.050000 0 40 255
3.950000 2.650000 -0.050000 0 40 255
3.850000 2.750000 -0.050000 0 40 255
3.950000 2.750000 -0.050000 0 40 255
3.250000 2.850000 -0.050000 0 40 255
3.350000 2.850000 -0.050000 0 40 255
3.250000 2.950000 -0.050000 0 40 255
3.350000 2.950000 -0.050000 0 40 255
3.450000 2.850000 -0.050000 0 40 255
3.550000 2.850000 -0.050000 0 40 255
3.450000 2.950000 -0.050000 0 40 255
3.550000 2.950000 -0.050000 0 40 255
3.250000 3.050000 -0.050000 0 40 255
3.350000 3.050000 -0.050000 0 40 255
3.250000 3.150000 -0.050000 0 40 255
3.350000 3.150000 -0.050000 0 40 255
3.450000 3.050000 -0.050000 0 40 255
3.550000 3.050000 -0.050000 0 40 255
3.450000 3.150000 -0.050000 0 40 255
3.550000 3.150000 -0.050000 0 40 255
3.650000 2.850000 -0.050000 0 40 255
3.750000 2.850000 -0.050000 0 40 255
3.650000 2.950000 -0.050000 0 40 255
3.750000 2.950000 -0.050000 0 40 255
3.850000 2.850000 -0.050000 0 40 255
3.950000 2.850000 -0.050000 0 40 255
3.850000 2.950000 -0.050000 0 40 255
3.950000 2.950000 -0.050000 0 40 255
3.650000 3.050000 -0.050000 0 40 255
3.750000 3.050000 -0.050000 0 40 255
3.650000 3.150000 -0.050000 0 40 255
3.750000 3.150000 -0.050000 0 40 255
3.850000 3.050000 -0.050000 0 40 255
3.950000 3.050000 -0.050000 0 40 255
3.850000 3.150000 -0.050000 0 40 255
3.950000 3.150000 -0.050000 0 40 255
4.050000 2.450000 -0.050000 0 40 255
4.150000 2.450000 -0.050000 0 40 255
4.050000 2.550000 -0.050000 0 40 255
4.150000 2.550000 -0.050000 0 40 255
4.050000 2.650000 -0.050000 0 40 255
4.150000 2.650000 -0.050000 0 40 255
4.050000 2.750000 -0.050000 0 40 255
4.150000 2.750000 -0.050000 0 40 255
4.050000 2.850000 -0.050000 0 40 255
4.150000 2.850000 -0.050000 0 40 255
4.050000 2.950000 -0.050000 0 40 255
4.150000 2.950000 -0.050000 0 40 255
4.050000 3.050000 -0.050000 0 40 255
4.150000 3.050000 -0.050000 0 40 255
4.050000 3.150000 -0.050000 0 40 255
4.150000 3.150000 -0.050000 0 40 255
4.250000 3.150000 -0.050000 0 40 255
0.750000 3.250000 -0.050000 0 40 255
0.750000 3.350000 -0.050000 0 40 255
0.850000 3.250000 -0.050000 0 40 255
0.950000 3.250000 -0.050000 0 40 255
0.850000 3.350000 -0.050000 0 40 255
0.950000 3.350000 -0.050000 0 40 255
1.050000 3.250000 -0.050000 0 40 255
1.150000 3.250000 -0.050000 0 40 255
1.050000 3.350000 -0.050000 0 40 255
1.150000 3.350000 -0.050000 0 40 255
0.850000 3.450000 -0.050000 0 40 255
0.950000 3.450000 -0.050000 0 40 255
0.950000 3.550000 -0.050000 0 40 255
1.050000 3.450000 -0.050000 0 40 255
1.150000 3.450000 -0.050000 0 40 255
1.050000 3.550000 -0.050000 0 40 255
1.150000 3.550000 -0.050000 0 40 255
1.250000 3.250000 -0.050000 0 40 255
1.350000 3.250000 -0.050000 0 40 255
1.250000 3.350000 -0.050000 0 40 255
1.350000 3.350000 -0.050000 0 40 255
1.450000 3.250000 -0.050000 0 40 255
1.550000 3.250000 -0.050000 0 40 255
1.450000 3.350000 -0.050000 0 40 255
1.550000 3.350000 -0.050000 0 40 255
1.250000 3.450000 -0.050000 0 40 255
1.350000 3.450000 -0.050000 0 40 255
1.250000 3.550000 -0.050000 0 40 255
1.350000 3.550000 -0.050000 0 40 255
1.450000 3.450000 -0.050000 0 40 255
1.550000 3.450000 -0.050000 0 40 255
1.450000 3.550000 -0.050000 0 40 255
1.550000 3.550000 -0.050000 0 40 255
1.150000 3.650000 -0.050000 0 40 255
1.150000 3.750000 -0.050000 0 40 255
1.250000 3.650000 -0.050000 0 40 255
1.350000 3.650000 -0.050000 0 40 255
1.250000 3.750000 -0.050000 0 40 255
1.350000 3.750000 -0.050000 0 40 255
1.450000 3.650000 -0.050000 0 40 255
1.550000 3.650000 -0.050000 0 40 255
1.450000 3.750000 -0.050000 0 40 255
1.550000 3.750000 -0.050000 0 40 255
1.250000 3.850000 -0.050000 0 40 255
1.350000 3.850000 -0.050000 0 40 255
1.350000 3.950000 -0.050000 0 40 255
1.450000 3.850000 -0.050000 0 40 255
1.550000 3.850000 -0.050000 0 40 255
1.450000 3.950000 -0.050000 0 40 255
1.550000 3.950000 -0.050000 0 40 255
1.650000 3.250000 -0.050000 0 40 255
1.750000 3.250000 -0.050000 0 40 255
1.650000 3.350000 -0.050000 0 40 255
1.750000 3.350000 -0.050000 0 40 255
1.850000 3.250000 -0.050000 0 40 255
1.950000 3.250000 -0.050000 0 40 255
1.850000 3.350000 -0.050000 0 40 255
1.950000 3.350000 -0.050000 0 40 255
1.650000 3.450000 -0.050000 0 40 255
1.750000 3.450000 -0.050000 0 40 255
1.650000 3.550000 -0.050000 0 40 255
1.750000 3.550000 -0.050000 0 40 255
1.850000 3.450000 -0.050000 0 40 255
1.950000 3.450000 -0.050000 0 40 255
1.850000 3.550000 -0.050000 0 40 255
1.950000 3.550000 -0.050000 0 40 255
2.050000 3.250000 -0.050000 0 40 255
2.150000 3.250000 -0.050000 0 40 255
2.050000 3.350000 -0.050000 0 40 255
2.150000 3.350000 -0.050000 0 40 255
2.250000 3.250000 -0.050000 0 40 255
2.350000 3.250000 -0.050000 0 40 255
2.250000 3.350000 -0.050000 0 40 255
2.350000 3.350000 -0.050000 0 40 255
2.050000 3.450000 -0.050000 0 40 255
2.150000 3.450000 -0.050000 0 40 255
2.050000 3.550000 -0.050000 0 40 255
2.150000 3.550000 -0.050000 0 40 255
2.250000 3.450000 -0.050000 0 40 255
2.350000 3.450000 -0.050000 0 40 255
2.250000 3.550000 -0.050000 0 40 255
2.350000 3.550000 -0.050000 0 40 255
1.650000 3.650000 -0.050000 0 40 255
1.750000 3.650000 -0.050000 0 40 255
1.650000 3.750000 -0.050000 0 40 255
1.750000 3.750000 -0.050000 0 40 255
1.850000 3.650000 -0.050000 0 40 255
1.950000 3.650000 -0.050000 0 40 255
1.850000 3.750000 -0.050000 0 40 255
1.950000 3.750000 -0.050000 0 40 255
1.650000 3.850000 -0.050000 0 40 255
1.750000 3.850000 -0.050000 0 40 255
1.650000 3.950000 -0.050000 0 40 255
1.750000 3.950000 -0.050000 0 40 255
1.850000 3.850000 -0.050000 0 40 255
1.950000 3.850000 -0.050000 0 40 255
1.850000 3.950000 -0.050000 0 40 255
1.950000 3.950000 -0.050000 0 40 255
2.050000 3.650000 -0.050000 0 40 255
2.150000 3.650000 -0.050000 0 40 255
2.050000 3.750000 -0.050000 0 40 255
2.150000 3.750000 -0.050000 0 40 255
2.250000 3.650000 -0.050000 0 40 255
2.350000 3.650000 -0.050000 0 40 255
2.250000 3.750000 -0.050000 0 40 255
2.350000 3.750000 -0.050000 0 40 255
2.050000 3.850000 -0.050000 0 40 255
2.150000 3.850000 -0.050000 0 40 255
2.050000 3.950000 -0.050000 0 40 255
2.150000 3.950000 -0.050000 0 40 255
2.250000 3.850000 -0.050000 0 40 255
2.350000 3.850000 -0.050000 0 40 255
2.250000 3.950000 -0.050000 0 40 255
2.350000 3.950000 -0.050000 0 40 255
2.450000 3.250000 -0.050000 0 40 255
2.550000 3.250000 -0.050000 0 40 255
2.450000 3.350000 -0.050000 0 40 255
2.550000 3.350000 -0.050000 0 40 255
2.650000 3.250000 -0.050000 0 40 255
2.750000 3.250000 -0.050000 0 40 255
2.650000 3.350000 -0.050000 0 40 255
2.750000 3.350000 -0.050000 0 40 255
2.450000 3.450000 -0.050000 0 40 255
2.550000 3.450000 -0.050000 0 40 255
2.450000 3.550000 -0.050000 0 40 255
2.550000 3.550000 -0.050000 0 40 255
2.650000 3.450000 -0.050000 0 40 255
2.750000 3.450000 -0.050000 0 40 255
2.650000 3.550000 -0.050000 0 40 255
2.750000 3.550000 -0.050000 0 40 255
2.850000 3.250000 -0.050000 0 40 255
2.950000 3.250000 -0.050000 0 40 255
2.850000 3.350000 -0.050000 0 40 255
2.950000 3.350000 -0.050000 0 40 255
3.050000 3.250000 -0.050000 0 40 255
3.150000 3.250000 -0.050000 0 40 255
3.050000 3.350000 -0.050000 0 40 255
3.150000 3.350000 -0.050000 0 40 255
2.850000 3.450000 -0.050000 0 40 255
2.950000 3.450000 -0.050000 0 40 255
2.850000 3.550000 -0.050000 0 40 255
2.950000 3.550000 -0.050000 0 40 255
3.050000 3.450000 -0.050000 0 40 255
3.150000 3.450000 -0.050000 0 40 255
3.050000 3.550000 -0.050000 0 40 255
3.150000 3.550000 -0.050000 0 40 255
2.450000 3.650000 -0.050000 0 40 255
2.550000 3.650000 -0.050000 0 40 255
2.450000 3.750000 -0.050000 0 40 255
2.550000 3.750000 -0.050000 0 40 255
2.650000 3.650000 -0.050000 0 40 255
2.750000 3.650000 -0.050000 0 40 255
2.650000 3.750000 -0.050000 0 40 255
2.750000 3.750000 -0.050000 0 40 255
2.450000 3.850000 -0.050000 0 40 255
2.550000 3.850000 -0.050000 0 40 255
2.450000 3.950000 -0.050000 0 40 255
2.550000 3.950000 -0.050000 0 40 255
2.650000 3.850000 -0.050000 0 40 255
2.750000 3.850000 -0.050000 0 40 255
2.650000 3.950000 -0.050000 0 40 255
2.750000 3.950000 -0.050000 0 40 255
2.850000 3.650000 -0.050000 0 40 255
2.950000 3.650000 -0.050000 0 40 255
2.850000 3.750000 -0.050000 0 40 255
2.950000 3.750000 -0.050000 0 40 255
3.050000 3.650000 -0.050000 0 40 255
3.150000 3.650000 -0.050000 0 40 255
3.050000 3.750000 -0.050000 0 40 255
3.150000 3.750000 -0.050000 0 40 255
2.850000 3.850000 -0.050000 0 40 255
2.950000 3.850000 -0.050000 0 40 255
2.850000 3.950000 -0.050000 0 40 255
2.950000 3.950000 -0.050000 0 40 255
3.050000 3.850000 -0.050000 0 40 255
3.150000 3.850000 -0.050000 0 40 255
3.050000 3.950000 -0.050000 0 40 255
3.150000 3.950000 -0.050000 0 40 255
3.250000 3.250000 -0.050000 0 40 255
3.350000 3.250000 -0.050000 0 40 255
3.250000 3.350000 -0.050000 0 40 255
3.350000 3.350000 -0.050000 0 40 255
3.450000 3.250000 -0.050000 0 40 255
3.550000 3.250000 -0.050000 0 40 255
3.450000 3.350000 -0.050000 0 40 255
3.550000 3.350000 -0.050000 0 40 255
3.250000 3.450000 -0.050000 0 40 255
3.350000 3.450000 -0.050000 0 40 255
3.250000 3.550000 -0.050000 0 40 255
3.350000 3.550000 -0.050000 0 40 255
3.450000 3.450000 -0.050000 0 40 255
3.550000 3.450000 -0.050000 0 40 255
3.450000 3.550000 -0.050000 0 40 255
3.550000 3.550000 -0.050000 0 40 255
3.650000 3.250000 -0.050000 0 40 255
3.750000 3.250000 -0.050000 0 40 255
3.650000 3.350000 -0.050000 0 40 255
3.750000 3.350000 -0.050000 0 40 255
3.850000 3.250000 -0.050000 0 40 255
3.950000 3.250000 -0.050000 0 40 255
3.850000 3.350000 -0.050000 0 40 255
3.950000 3.350000 -0.050000 0 40 255
3.650000 3.450000 -0.050000 0 40 255
3.750000 3.450000 -0.050000 0 40 255
3.650000 3.550000 -0.050000 0 40 255
3.750000 3.550000 -0.050000 0 40 255
3.850000 3.450000 -0.050000 0 40 255
3.950000 3.450000 -0.050000 0 40 255
3.850000 3.550000 -0.050000 0 40 255
3.950000 3.550000 -0.050000 0 40 255
3.250000 3.650000 -0.050000 0 40 255
3.350000 3.650000 -0.050000 0 40 255
3.250000 3.750000 -0.050000 0 40 255
3.350000 3.750000 -0.050000 0 40 255
3.450000 3.650000 -0.050000 0 40 255
3.550000 3.650000 -0.050000 0 40 255
3.450000 3.750000 -0.050000 0 40 255
3.550000 3.750000 -0.050000 0 40 255
3.250000 3.850000 -0.050000 0 40 255
3.350000 3.850000 -0.050000 0 40 255
3.250000 3.950000 -0.050000 0 40 255
3.350000 3.950000 -0.050000 0 40 255
3.450000 3.850000 -0.050000 0 40 255
3.550000 3.850000 -0.050000 0 40 255
3.450000 3.950000 -0.050000 0 40 255
3.550000 3.950000 -0.050000 0 40 255
3.650000 3.650000 -0.050000 0 40 255
3.750000 3.650000 -0.050000 0 40 255
3.650000 3.750000 -0.050000 0 40 255
3.750000 3.750000 -0.050000 0 40 255
3.850000 3.650000 -0.050000 0 40 255
3.950000 3.650000 -0.050000 0 40 255
3.850000 3.750000 -0.050000 0 40 255
3.950000 3.750000 -0.050000 0 40 255
3.650000 3.850000 -0.050000 0 40 255
3.750000 3.850000 -0.050000 0 40 255
3.650000 3.950000 -0.050000 0 40 255
3.750000 3.950000 -0.050000 0 40 255
3.850000 3.850000 -0.050000 0 40 255
3.950000 3.850000 -0.050000 0 40 255
3.850000 3.950000 -0.050000 0 40 255
3.950000 3.950000 -0.050000 0 40 255
4.050000 3.250000 -0.050000 0 40 255
4.150000 3.250000 -0.050000 0 40 255
4.050000 3.350000 -0.050000 0 40 255
4.150000 3.350000 -0.050000 0 40 255
4.050000 3.450000 -0.050000 0 40 255
4.150000 3.450000 -0.050000 0 40 255
4.050000 3.550000 -0.050000 0 40 255
4.150000 3.550000 -0.050000 0 40 255
4.050000 3.650000 -0.050000 0 40 255
4.150000 3.650000 -0.050000 0 40 255
4.050000 3.750000 -0.050000 0 40 255
4.150000 3.750000 -0.050000 0 40 255
4.050000 3.850000 -0.050000 0 40 255
4.150000 3.850000 -0.050000 0 40 255
4.050000 3.950000 -0.050000 0 40 255
4.150000 3.950000 -0.050000 0 40 255
-5.050000 -3.950000 0.050000 10 40 244
-5.050000 -3.850000 0.050000 10 40 244
-4.950000 -3.950000 0.050000 10 40 244
-4.850000 -3.950000 0.050000 10 40 244
-4.950000 -3.850000 0.050000 10 40 244
-4.850000 -3.850000 0.050000 10 40 244
-4.950000 -3.950000 0.150000 20 40 234
-4.850000 -3.950000 0.150000 20 40 234
-5.050000 -3.750000 0.050000 10 40 244
-5.050000 -3.650000 0.050000 10 40 244
-4.950000 -3.750000 0.050000 10 40 244
-4.850000 -3.750000 0.050000 10 40 244
-4.950000 -3.650000 0.050000 10 40 244
-4.850000 -3.650000 0.050000 10 40 244
-4.950000 -3.950000 0.250000 30 40 224
-4.850000 -3.950000 0.250000 30 40 224
-4.850000 -3.950000 0.350000 40 40 214
-5.050000 -3.550000 0.050000 10 40 244
-5.050000 -3.450000 0.050000 10 40 244
-4.950000 -3.550000 0.050000 10 40 244
-4.850000 -3.550000 0.050000 10 40 244
-4.950000 -3.450000 0.050000 10 40 244
-4.850000 -3.450000 0.050000 10 40 244
-5.050000 -3.350000 0.050000 10 40 244
-5.050000 -3.250000 0.050000 10 40 244
-4.950000 -3.350000 0.050000 10 40 244
-4.850000 -3.350000 0.050000 10 40 244
-4.950000 -3.250000 0.050000 10 40 244
-4.850000 -3.250000 0.050000 10 40 244
-4.750000 -3.950000 0.050000 10 40 244
-4.650000 -3.950000 0.050000 10 40 244
-4.750000 -3.850000 0.050000 10 40 244
-4.650000 -3.850000 0.050000 10 40 244
-4.750000 -3.950000 0.150000 20 40 234
-4.650000 -3.950000 0.150000 20 40 234
-4.550000 -3.950000 0.050000 10 40 244
-4.450000 -3.950000 0.050000 10 40 244
-4.550000 -3.850000 0.050000 10 40 244
-4.450000 -3.850000 0.050000 10 40 244
-4.550000 -3.950000 0.150000 20 40 234
-4.450000 -3.950000 0.150000 20 40 234
-4.750000 -3.750000 0.050000 10 40 244
-4.650000 -3.750000 0.050000 10 40 244
-4.750000 -3.650000 0.050000 10 40 244
-4.650000 -3.650000 0.050000 10 40 244
-4.550000 -3.750000 0.050000 10 40 244
-4.450000 -3.750000 0.050000 10 40 244
-4.550000 -3.650000 0.050000 10 40 244
-4.450000 -3.650000 0.050000 10 40 244
-4.750000 -3.950000 0.250000 30 40 224
-4.650000 -3.950000 0.250000 30 40 224
-4.750000 -3.950000 0.350000 40 40 214
-4.650000 -3.950000 0.350000 40 40 214
-4.550000 -3.950000 0.250000 30 40 224
-4.450000 -3.950000 0.250000 30 40 224
-4.550000 -3.950000 0.350000 40 40 214
-4.450000 -3.950000 0.350000 40 40 214
-4.350000 -3.950000 0.050000 10 40 244
-4.250000 -3.950000 0.050000 10 40 244
-4.350000 -3.850000 0.050000 10 40 244
-4.250000 -3.850000 0.050000 10 40 244
-4.350000 -3.950000 0.150000 20 40 234
-4.250000 -3.950000 0.150000 20 40 234
-4.150000 -3.950000 0.050000 10 40 244
-4.050000 -3.950000 0.050000 10 40 244
-4.150000 -3.850000 0.050000 10 40 244
-4.050000 -3.850000 0.050000 10 40 244
-4.150000 -3.950000 0.150000 20 40 234
-4.050000 -3.950000 0.150000 20 40 234
-4.350000 -3.750000 0.050000 10 40 244
-4.250000 -3.750000 0.050000 10 40 244
-4.350000 -3.650000 0.050000 10 40 244
-4.250000 -3.650000 0.050000 10 40 244
-4.150000 -3.750000 0.050000 10 40 244
-4.050000 -3.750000 0.050000 10 40 244
-4.150000 -3.650000 0.050000 10 40 244
-4.050000 -3.650000 0.050000 10 40 244
-4.350000 -3.950000 0.250000 30 40 224
-4.250000 -3.950000 0.250000 30 40 224
-4.350000 -3.950000 0.350000 40 40 214
-4.250000 -3.950000 0.350000 40 40 214
-4.150000 -3.950000 0.250000 30 40 224
-4.050000 -3.950000 0.250000 30 40 224
-4.150000 -3.950000 0.350000 40 40 214
-4.050000 -3.950000 0.350000 40 40 214
-4.750000 -3.550000 0.050000 10 40 244
-4.650000 -3.550000 0.050000 10 40 244
-4.750000 -3.450000 0.050000 10 40 244
-4.650000 -3.450000 0.050000 10 40 244
-4.550000 -3.550000 0.050000 10 40 244
-4.450000 -3.550000 0.050000 10 40 244
-4.550000 -3.450000 0.050000 10 40 244
-4.450000 -3.450000 0.050000 10 40 244
-4.750000 -3.350000 0.050000 10 40 244
-4.650000 -3.350000 0.050000 10 40 244
-4.750000 -3.250000 0.050000 10 40 244
-4.650000 -3.250000 0.050000 10 40 244
-4.550000 -3.350000 0.050000 10 40 244
-4.450000 -3.350000 0.050000 10 40 244
-4.550000 -3.250000 0.050000 10 40 244
-4.450000 -3.250000 0.050000 10 40 244
-4.350000 -3.550000 0.050000 10 40 244
-4.250000 -3.550000 0.050000 10 40 244
-4.350000 -3.450000 0.050000 10 40 244
-4.250000 -3.450000 0.050000 10 40 244
-4.150000 -3.550000 0.050000 10 40 244
-4.050000 -3.550000 0.050000 10 40 244
-4.150000 -3.450000 0.050000 10 40 244
-4.050000 -3.450000 0.050000 10 40 244
-4.350000 -3.350000 0.050000 10 40 244
-4.250000 -3.350000 0.050000 10 40 244
-4.350000 -3.250000 0.050000 10 40 244
-4.250000 -3.250000 0.050000 10 40 244
-4.150000 -3.350000 0.050000 10 40 244
-4.050000 -3.350000 0.050000 10 40 244
-4.150000 -3.250000 0.050000 10 40 244
-4.050000 -3.250000 0.050000 10 40 244
-4.750000 -3.950000 0.450000 50 40 204
-4.650000 -3.950000 0.450000 50 40 204
-4.650000 -3.950000 0.550000 61 40 193
-4.550000 -3.950000 0.450000 50 40 204
-4.450000 -3.950000 0.450000 50 40 204
-4.550000 -3.950000 0.550000 61 40 193
-4.450000 -3.950000 0.550000 61 40 193
-4.650000 -3.950000 0.650000 71 40 183
-4.550000 -3.950000 0.650000 71 40 183
-4.450000 -3.950000 0.650000 71 40 183
-4.550000 -3.950000 0.750000 81 40 173
-4.450000 -3.950000 0.750000 81 40 173
-4.350000 -3.950000 0.450000 50 40 204
-4.250000 -3.950000 0.450000 50 40 204
-4.350000 -3.950000 0.550000 61 40 193
-4.250000 -3.950000 0.550000 61 40 193
-4.150000 -3.950000 0.450000 50 40 204
-4.050000 -3.950000 0.450000 50 40 204
-4.150000 -3.950000 0.550000 61 40 193
-4.050000 -3.950000 0.550000 61 40 193
-4.350000 -3.950000 0.650000 71 40 183
-4.250000 -3.950000 0.650000 71 40 183
-4.350000 -3.950000 0.750000 81 40 173
-4.250000 -3.950000 0.750000 81 40 173
-4.150000 -3.950000 0.650000 71 40 183
-4.050000 -3.950000 0.650000 71 40 183
-4.150000 -3.950000 0.750000 81 40 173
-4.050000 -3.950000 0.750000 81 40 173
-3.950000 -3.950000 0.050000 10 40 244
-3.850000 -3.950000 0.050000 10 40 244
-3.950000 -3.850000 0.050000 10 40 244
-3.850000 -3.850000 0.050000 10 40 244
-3.950000 -3.950000 0.150000 20 40 234
-3.850000 -3.950000 0.150000 20 40 234
-3.750000 -3.950000 0.050000 10 40 244
-3.650000 -3.950000 0.050000 10 40 244
-3.750000 -3.850000 0.050000 10 40 244
-3.650000 -3.850000 0.050000 10 40 244
-3.750000 -3.950000 0.150000 20 40 234
-3.650000 -3.950000 0.150000 20 40 234
-3.950000 -3.750000 0.050000 10 40 244
-3.850000 -3.750000 0.050000 10 40 244
-3.950000 -3.650000 0.050000 10 40 244
-3.850000 -3.650000 0.050000 10 40 244
-3.750000 -3.750000 0.050000 10 40 244
-3.650000 -3.750000 0.050000 10 40 244
-3.750000 -3.650000 0.050000 10 40 244
-3.650000 -3.650000 0.050000 10 40 244
-3.950000 -3.950000 0.250000 30 40 224
-3.850000 -3.950000 0.250000 30 40 224
-3.950000 -3.950000 0.350000 40 40 214
-3.850000 -3.950000 0.350000 40 40 214
-3.750000 -3.950000 0.250000 30 40 224
-3.650000 -3.950000 0.250000 30 40 224
-3.750000 -3.950000 0.350000 40 40 214
-3.650000 -3.950000 0.350000 40 40 214
-3.550000 -3.950000 0.050000 10 40 244
-3.450000 -3.950000 0.050000 10 40 244
-3.550000 -3.850000 0.050000 10 40 244
-3.450000 -3.850000 0.050000 10 40 244
-3.550000 -3.950000 0.150000 20 40 234
-3.450000 -3.950000 0.150000 20 40 234
-3.350000 -3.950000 0.050000 10 40 244
-3.250000 -3.950000 0.050000 10 40 244
-3.350000 -3.850000 0.050000 10 40 244
-3.250000 -3.850000 0.050000 10 40 244
-3.350000 -3.950000 0.150000 20 40 234
-3.250000 -3.950000 0.150000 20 40 234
-3.550000 -3.750000 0.050000 10 40 244
-3.450000 -3.750000 0.050000 10 40 244
-3.550000 -3.650000 0.050000 10 40 244
-3.450000 -3.650000 0.050000 10 40 244
-3.350000 -3.750000 0.050000 10 40 244
-3.250000 -3.750000 0.050000 10 40 244
-3.350000 -3.650000 0.050000 10 40 244
-3.250000 -3.650000 0.050000 10 40 244
-3.550000 -3.950000 0.250000 30 40 224
-3.450000 -3.950000 0.250000 30 40 224
-3.550000 -3.950000 0.350000 40 40 214
-3.450000 -3.950000 0.350000 40 40 214
-3.350000 -3.950000 0.250000 30 40 224
-3.250000 -3.950000 0.250000 30 40 224
-3.350000 -3.950000 0.350000 40 40 214
-3.250000 -3.950000 0.350000 40 40 214
-3.950000 -3.550000 0.050000 10 40 244
-3.850000 -3.550000 0.050000 10 40 244
-3.950000 -3.450000 0.050000 10 40 244
-3.850000 -3.450000 0.050000 10 40 244
-3.750000 -3.550000 0.050000 10 40 244
-3.650000 -3.550000 0.050000 10 40 244
-3.750000 -3.450000 0.050000 10 40 244
-3.650000 -3.450000 0.050000 10 40 244
-3.950000 -3.350000 0.050000 10 40 244
-3.850000 -3.350000 0.050000 10 40 244
-3.950000 -3.250000 0.050000 10 40 244
-3.850000 -3.250000 0.050000 10 40 244
-3.750000 -3.350000 0.050000 10 40 244
-3.650000 -3.350000 0.050000 10 40 244
-3.750000 -3.250000 0.050000 10 40 244
-3.650000 -3.250000 0.050000 10 40 244
-3.550000 -3.550000 0.050000 10 40 244
-3.450000 -3.550000 0.050000 10 40 244
-3.550000 -3.450000 0.050000 10 40 244
-3.450000 -3.450000 0.050000 10 40 244
-3.350000 -3.550000 0.050000 10 40 244
-3.250000 -3.550000 0.050000 10 40 244
-3.350000 -3.450000 0.050000 10 40 244
-3.250000 -3.450000 0.050000 10 40 244
-3.550000 -3.350000 0.050000 10 40 244
-3.450000 -3.350000 0.050000 10 40 244
-3.550000 -3.250000 0.050000 10 40 244
-3.450000 -3.250000 0.050000 10 40 244
-3.350000 -3.350000 0.050000 10 40 244
-3.250000 -3.350000 0.050000 10 40 244
-3.350000 -3.250000 0.050000 10 40 244
-3.250000 -3.250000 0.050000 10 40 244
-3.950000 -3.950000 0.450000 50 40 204
-3.850000 -3.950000 0.450000 50 40 204
-3.950000 -3.950000 0.550000 61 40 193
-3.850000 -3.950000 0.550000 61 40 193
-3.750000 -3.950000 0.450000 50 40 204
-3.650000 -3.950000 0.450000 50 40 204
-3.750000 -3.950000 0.550000 61 40 193
-3.650000 -3.950000 0.550000 61 40 193
-3.950000 -3.950000 0.650000 71 40 183
-3.850000 -3.950000 0.650000 71 40 183
-3.950000 -3.950000 0.750000 81 40 173
-3.850000 -3.950000 0.750000 81 40 173
-3.750000 -3.950000 0.650000 71 40 183
-3.650000 -3.950000 0.650000 71 40 183
-3.750000 -3.950000 0.750000 81 40 173
-3.650000 -3.950000 0.750000 81 40 173
-3.550000 -3.950000 0.450000 50 40 204
-3.450000 -3.950000 0.450000 50 40 204
-3.550000 -3.950000 0.550000 61 40 193
-3.450000 -3.950000 0.550000 61 40 193
-3.350000 -3.950000 0.450000 50 40 204
-3.250000 -3.950000 0.450000 50 40 204
-3.350000 -3.950000 0.550000 61 40 193
-3.250000 -3.950000 0.550000 61 40 193
-3.550000 -3.950000 0.650000 71 40 183
-3.450000 -3.950000 0.650000 71 40 183
-3.550000 -3.950000 0.750000 81 40 173
-3.450000 -3.950000 0.750000 81 40 173
-3.350000 -3.950000 0.650000 71 40 183
-3.250000 -3.950000 0.650000 71 40 183
-3.350000 -3.950000 0.750000 81 40 173
-3.250000 -3.950000 0.750000 81 40 173
-4.450000 -3.950000 0.850000 91 40 163
-4.350000 -3.950000 0.850000 91 40 163
-4.250000 -3.950000 0.850000 91 40 163
-4.350000 -3.950000 0.950000 101 40 153
-4.250000 -3.950000 0.950000 101 40 153
-4.150000 -3.950000 0.850000 91 40 163
-4.050000 -3.950000 0.850000 91 40 163
-4.150000 -3.950000 0.950000 101 40 153
-4.050000 -3.950000 0.950000 101 40 153
-4.350000 -3.950000 1.050000 112 40 142
-4.250000 -3.950000 1.050000 112 40 142
-4.250000 -3.950000 1.150000 122 40 132
-4.150000 -3.950000 1.050000 112 40 142
-4.050000 -3.950000 1.050000 112 40 142
-4.150000 -3.950000 1.150000 122 40 132
-4.050000 -3.950000 1.150000 122 40 132
-4.250000 -3.950000 1.250000 132 40 122
-4.150000 -3.950000 1.250000 132 40 122
-4.050000 -3.950000 1.250000 132 40 122
-4.150000 -3.950000 1.350000 142 40 112
-4.050000 -3.950000 1.350000 142 40 112
-3.950000 -3.950000 0.850000 91 40 163
-3.850000 -3.950000 0.850000 91 40 163
-3.950000 -3.950000 0.950000 101 40 153
-3.850000 -3.950000 0.950000 101 40 153
-3.750000 -3.950000 0.850000 91 40 163
-3.650000 -3.950000 0.850000 91 40 163
-3.750000 -3.950000 0.950000 101 40 153
-3.650000 -3.950000 0.950000 101 40 153
-3.950000 -3.950000 1.050000 112 40 142
-3.850000 -3.950000 1.050000 112 40 142
-3.950000 -3.950000 1.150000 122 40 132
-3.850000 -3.950000 1.150000 122 40 132
-3.750000 -3.950000 1.050000 112 40 142
-3.650000 -3.950000 1.050000 112 40 142
-3.750000 -3.950000 1.150000 122 40 132
-3.650000 -3.950000 1.150000 122 40 132
-3.550000 -3.950000 0.850000 91 40 163
-3.450000 -3.950000 0.850000 91 40 163
-3.550000 -3.950000 0.950000 101 40 153
-3.450000 -3.950000 0.950000 101 40 153
-3.350000 -3.950000 0.850000 91 40 163
-3.250000 -3.950000 0.850000 91 40 163
-3.350000 -3.950000 0.950000 101 40 153
-3.250000 -3.950000 0.950000 101 40 153
-3.550000 -3.950000 1.050000 112 40 142
-3.450000 -3.950000 1.050000 112 40 142
-3.550000 -3.950000 1.150000 122 40 132
-3.450000 -3.950000 1.150000 122 40 132
-3.350000 -3.950000 1.050000 112 40 142
-3.250000 -3.950000 1.050000 112 40 142
-3.350000 -3.950000 1.150000 122 40 132
-3.250000 -3.950000 1.150000 122 40 132
-3.950000 -3.950000 1.250000 132 40 122
-3.850000 -3.950000 1.250000 132 40 122
-3.950000 -3.950000 1.350000 142 40 112
-3.750000 -3.950000 1.250000 132 40 122
-3.650000 -3.950000 1.250000 132 40 122
-3.550000 -3.950000 1.250000 132 40 122
-3.150000 -3.950000 0.050000 10 40 244
-3.050000 -3.950000 0.050000 10 40 244
-3.150000 -3.850000 0.050000 10 40 244
-3.050000 -3.850000 0.050000 10 40 244
-3.150000 -3.950000 0.150000 20 40 234
-3.050000 -3.950000 0.150000 20 40 234
-2.950000 -3.950000 0.050000 10 40 244
-2.850000 -3.950000 0.050000 10 40 244
-2.950000 -3.850000 0.050000 10 40 244
-2.850000 -3.850000 0.050000 10 40 244
-2.950000 -3.950000 0.150000 20 40 234
-2.850000 -3.950000 0.150000 20 40 234
-3.150000 -3.750000 0.050000 10 40 244
-3.050000 -3.750000 0.050000 10 40 244
-3.150000 -3.650000 0.050000 10 40 244
-3.050000 -3.650000 0.050000 10 40 244
-2.950000 -3.750000 0.050000 10 40 244
-2.850000 -3.750000 0.050000 10 40 244
-2.950000 -3.650000 0.050000 10 40 244
-2.850000 -3.650000 0.050000 10 40 244
-3.150000 -3.950000 0.250000 30 40 224
-3.050000 -3.950000 0.250000 30 40 224
-3.150000 -3.950000 0.350000 40 40 214
-3.050000 -3.950000 0.350000 40 40 214
-2.950000 -3.950000 0.250000 30 40 224
-2.850000 -3.950000 0.250000 30 40 224
-2.950000 -3.950000 0.350000 40 40 214
-2.850000 -3.950000 0.350000 40 40 214
-2.750000 -3.950000 0.050000 10 40 244
-2.650000 -3.950000 0.050000 10 40 244
-2.750000 -3.850000 0.050000 10 40 244
-2.650000 -3.850000 0.050000 10 40 244
-2.750000 -3.950000 0.150000 20 40 234
-2.650000 -3.950000 0.150000 20 40 234
-2.550000 -3.950000 0.050000 10 40 244
-2.450000 -3.950000 0.050000 10 40 244
-2.550000 -3.850000 0.050000 10 40 244
-2.450000 -3.850000 0.050000 10 40 244
-2.550000 -3.950000 0.150000 20 40 234
-2.450000 -3.950000 0.150000 20 40 234
-2.750000 -3.750000 0.050000 10 40 244
-2.650000 -3.750000 0.050000 10 40 244
-2.750000 -3.650000 0.050000 10 40 244
-2.650000 -3.650000 0.050000 10 40 244
-2.550000 -3.750000 0.050000 10 40 244
-2.450000 -3.750000 0.050000 10 40 244
-2.550000 -3.650000 0.050000 10 40 244
-2.450000 -3.650000 0.050000 10 40 244
-2.750000 -3.950000 0.250000 30 40 224
-2.650000 -3.950000 0.250000 30 40 224
-2.750000 -3.950000 0.350000 40 40 214
-2.650000 -3.950000 0.350000 40 40 214
-2.550000 -3.950000 0.250000 30 40 224
-2.450000 -3.950000 0.250000 30 40 224
-2.550000 -3.950000 0.350000 40 40 214
-2.450000 -3.950000 0.350000 40 40 214
-3.150000 -3.550000 0.050000 10 40 244
-3.050000 -3.550000 0.050000 10 40 244
-3.150000 -3.450000 0.050000 10 40 244
-3.050000 -3.450000 0.050000 10 40 244
-2.950000 -3.550000 0.050000 10 40 244
-2.850000 -3.550000 0.050000 10 40 244
-2.950000 -3.450000 0.050000 10 40 244
-2.850000 -3.450000 0.050000 10 40 244
-3.150000 -3.350000 0.050000 10 40 244
-3.050000 -3.350000 0.050000 10 40 244
-3.150000 -3.250000 0.050000 10 40 244
-3.050000 -3.250000 0.050000 10 40 244
-2.950000 -3.350000 0.050000 10 40 244
-2.850000 -3.350000 0.050000 10 40 244
-2.950000 -3.250000 0.050000 10 40 244
-2.850000 -3.250000 0.050000 10 40 244
-2.750000 -3.550000 0.050000 10 40 244
-2.650000 -3.550000 0.050000 10 40 244
-2.750000 -3.450000 0.050000 10 40 244
-2.650000 -3.450000 0.050000 10 40 244
-2.550000 -3.550000 0.050000 10 40 244
-2.450000 -3.550000 0.050000 10 40 244
-2.550000 -3.450000 0.050000 10 40 244
-2.450000 -3.450000 0.050000 10 40 244
-2.750000 -3.350000 0.050000 10 40 244
-2.650000 -3.350000 0.050000 10 40 244
-2.750000 -3.250000 0.050000 10 40 244
-2.650000 -3.250000 0.050000 10 40 244
-2.550000 -3.350000 0.050000 10 40 244
-2.450000 -3.350000 0.050000 10 40 244
-2.550000 -3.250000 0.050000 10 40 244
-2.450000 -3.250000 0.050000 10 40 244
-3.150000 -3.950000 0.450000 50 40 204
-3.050000 -3.950000 0.450000 50 40 204
-3.150000 -3.950000 0.550000 61 40 193
-3.050000 -3.950000 0.550000 61 40 193
-2.950000 -3.950000 0.450000 50 40 204
-2.850000 -3.950000 0.450000 50 40 204
-2.950000 -3.950000 0.550000 61 40 193
-2.850000 -3.950000 0.550000 61 40 193
-3.150000 -3.950000 0.650000 71 40 183
-3.050000 -3.950000 0.650000 71 40 183
-3.150000 -3.950000 0.750000 81 40 173
-3.050000 -3.950000 0.750000 81 40 173
-2.950000 -3.950000 0.650000 71 40 183
-2.850000 -3.950000 0.650000 71 40 183
-2.950000 -3.950000 0.750000 81 40 173
-2.850000 -3.950000 0.750000 81 40 173
-2.750000 -3.950000 0.450000 50 40 204
-2.650000 -3.950000 0.450000 50 40 204
-2.750000 -3.950000 0.550000 61 40 193
-2.650000 -3.950000 0.550000 61 40 193
-2.550000 -3.950000 0.450000 50 40 204
-2.450000 -3.950000 0.450000 50 40 204
-2.550000 -3.950000 0.550000 61 40 193
-2.450000 -3.950000 0.550000 61 40 193
-2.750000 -3.950000 0.650000 71 40 183
-2.650000 -3.950000 0.650000 71 40 183
-2.750000 -3.950000 0.750000 81 40 173
-2.650000 -3.950000 0.750000 81 40 173
-2.550000 -3.950000 0.650000 71 40 183
-2.450000 -3.950000 0.650000 71 40 183
-2.550000 -3.950000 0.750000 81 40 173
-2.450000 -3.950000 0.750000 81 40 173
-2.350000 -3.950000 0.050000 10 40 244
-2.250000 -3.950000 0.050000 10 40 244
-2.350000 -3.850000 0.050000 10 40 244
-2.250000 -3.850000 0.050000 10 40 244
-2.350000 -3.950000 0.150000 20 40 234
-2.250000 -3.950000 0.150000 20 40 234
-2.150000 -3.950000 0.050000 10 40 244
-2.050000 -3.950000 0.050000 10 40 244
-2.150000 -3.850000 0.050000 10 40 244
-2.050000 -3.850000 0.050000 10 40 244
-2.150000 -3.950000 0.150000 20 40 234
-2.050000 -3.950000 0.150000 20 40 234
-2.350000 -3.750000 0.050000 10 40 244
-2.250000 -3.750000 0.050000 10 40 244
-2.350000 -3.650000 0.050000 10 40 244
-2.250000 -3.650000 0.050000 10 40 244
-2.150000 -3.750000 0.050000 10 40 244
-2.050000 -3.750000 0.050000 10 40 244
-2.150000 -3.650000 0.050000 10 40 244
-2.050000 -3.650000 0.050000 10 40 244
-2.350000 -3.950000 0.250000 30 40 224
-2.250000 -3.950000 0.250000 30 40 224
-2.350000 -3.950000 0.350000 40 40 214
-2.250000 -3.950000 0.350000 40 40 214
-2.150000 -3.950000 0.250000 30 40 224
-2.050000 -3.950000 0.250000 30 40 224
-2.150000 -3.950000 0.350000 40 40 214
-2.050000 -3.950000 0.350000 40 40 214
-1.950000 -3.950000 0.050000 10 40 244
-1.850000 -3.950000 0.050000 10 40 244
-1.950000 -3.850000 0.050000 10 40 244
-1.850000 -3.850000 0.050000 10 40 244
-1.950000 -3.950000 0.150000 20 40 234
-1.850000 -3.950000 0.150000 20 40 234
-1.750000 -3.950000 0.050000 10 40 244
-1.650000 -3.950000 0.050000 10 40 244
-1.750000 -3.850000 0.050000 10 40 244
-1.650000 -3.850000 0.050000 10 40 244
-1.750000 -3.950000 0.150000 20 40 234
-1.950000 -3.750000 0.050000 10 40 244
-1.850000 -3.750000 0.050000 10 40 244
-1.950000 -3.650000 0.050000 10 40 244
-1.850000 -3.650000 0.050000 10 40 244
-1.750000 -3.750000 0.050000 10 40 244
-1.650000 -3.750000 0.050000 10 40 244
-1.750000 -3.650000 0.050000 10 40 244
-1.650000 -3.650000 0.050000 10 40 244
-2.350000 -3.550000 0.050000 10 40 244
-2.250000 -3.550000 0.050000 10 40 244
-2.350000 -3.450000 0.050000 10 40 244
-2.250000 -3.450000 0.050000 10 40 244
-2.150000 -3.550000 0.050000 10 40 244
-2.050000 -3.550000 0.050000 10 40 244
-2.150000 -3.450000 0.050000 10 40 244
-2.050000 -3.450000 0.050000 10 40 244
-2.350000 -3.350000 0.050000 10 40 244
-2.250000 -3.350000 0.050000 10 40 244
-2.350000 -3.250000 0.050000 10 40 244
-2.250000 -3.250000 0.050000 10 40 244
-2.150000 -3.350000 0.050000 10 40 244
-2.050000 -3.350000 0.050000 10 40 244
-2.150000 -3.250000 0.050000 10 40 244
-2.050000 -3.250000 0.050000 10 40 244
-1.950000 -3.550000 0.050000 10 40 244
-1.850000 -3.550000 0.050000 10 40 244
-1.950000 -3.450000 0.050000 10 40 244
-1.850000 -3.450000 0.050000 10 40 244
-1.750000 -3.550000 0.050000 10 40 244
-1.650000 -3.550000 0.050000 10 40 244
-1.750000 -3.450000 0.050000 10 40 244
-1.650000 -3.450000 0.050000 10 40 244
-1.950000 -3.350000 0.050000 10 40 244
-1.850000 -3.350000 0.050000 10 40 244
-1.950000 -3.250000 0.050000 10 40 244
-1.850000 -3.250000 0.050000 10 40 244
-1.750000 -3.350000 0.050000 10 40 244
-1.650000 -3.350000 0.050000 10 40 244
-1.750000 -3.250000 0.050000 10 40 244
-1.650000 -3.250000 0.050000 10 40 244
-2.350000 -3.950000 0.450000 50 40 204
-2.250000 -3.950000 0.450000 50 40 204
-2.350000 -3.950000 0.550000 61 40 193
-2.250000 -3.950000 0.550000 61 40 193
-2.150000 -3.950000 0.450000 50 40 204
-2.350000 -3.950000 0.650000 71 40 183
-2.250000 -3.950000 0.650000 71 40 183
-2.350000 -3.950000 0.750000 81 40 173
-2.250000 -3.950000 0.750000 81 40 173
-3.150000 -3.950000 0.850000 91 40 163
-3.050000 -3.950000 0.850000 91 40 163
-3.150000 -3.950000 0.950000 101 40 153
-3.050000 -3.950000 0.950000 101 40 153
-2.950000 -3.950000 0.850000 91 40 163
-2.850000 -3.950000 0.850000 91 40 163
-2.950000 -3.950000 0.950000 101 40 153
-2.850000 -3.950000 0.950000 101 40 153
-3.150000 -3.950000 1.050000 112 40 142
-3.050000 -3.950000 1.050000 112 40 142
-2.950000 -3.950000 1.050000 112 40 142
-2.850000 -3.950000 1.050000 112 40 142
-2.750000 -3.950000 0.850000 91 40 163
-2.650000 -3.950000 0.850000 91 40 163
-2.750000 -3.950000 0.950000 101 40 153
-2.650000 -3.950000 0.950000 101 40 153
-2.550000 -3.950000 0.850000 91 40 163
-2.450000 -3.950000 0.850000 91 40 163
-2.550000 -3.950000 0.950000 101 40 153
-2.450000 -3.950000 0.950000 101 40 153
-2.650000 -3.950000 1.050000 112 40 142
-2.350000 -3.950000 0.850000 91 40 163
-1.550000 -3.750000 0.050000 10 40 244
-1.550000 -3.650000 0.050000 10 40 244
-1.550000 -3.550000 0.050000 10 40 244
-1.450000 -3.550000 0.050000 10 40 244
-1.550000 -3.450000 0.050000 10 40 244
-1.450000 -3.450000 0.050000 10 40 244
-1.550000 -3.350000 0.050000 10 40 244
-1.450000 -3.350000 0.050000 10 40 244
-1.550000 -3.250000 0.050000 10 40 244
-1.450000 -3.250000 0.050000 10 40 244
-1.350000 -3.350000 0.050000 10 40 244
-5.050000 -3.150000 0.050000 10 40 244
-5.050000 -3.050000 0.050000 10 40 244
-4.950000 -3.150000 0.050000 10 40 244
-4.850000 -3.150000 0.050000 10 40 244
-4.950000 -3.050000 0.050000 10 40 244
-4.850000 -3.050000 0.050000 10 40 244
-5.050000 -2.950000 0.050000 10 40 244
-5.050000 -2.850000 0.050000 10 40 244
-4.950000 -2.950000 0.050000 10 40 244
-4.850000 -2.950000 0.050000 10 40 244
-4.950000 -2.850000 0.050000 10 40 244
-4.850000 -2.850000 0.050000 10 40 244
-5.050000 -2.750000 0.050000 10 40 244
-5.050000 -2.650000 0.050000 10 40 244
-4.950000 -2.750000 0.050000 10 40 244
-4.850000 -2.750000 0.050000 10 40 244
-4.950000 -2.650000 0.050000 10 40 244
-4.850000 -2.650000 0.050000 10 40 244
-5.050000 -2.550000 0.050000 10 40 244
-5.050000 -2.450000 0.050000 10 40 244
-4.950000 -2.550000 0.050000 10 40 244
-4.850000 -2.550000 0.050000 10 40 244
-4.950000 -2.450000 0.050000 10 40 244
-4.850000 -2.450000 0.050000 10 40 244
-5.050000 -2.350000 0.050000 10 40 244
-5.050000 -2.250000 0.050000 10 40 244
-4.950000 -2.350000 0.050000 10 40 244
-4.850000 -2.350000 0.050000 10 40 244
-4.950000 -2.250000 0.050000 10 40 244
-4.850000 -2.250000 0.050000 10 40 244
-5.050000 -2.150000 0.050000 10 40 244
-4.950000 -2.150000 0.050000 10 40 244
-4.850000 -2.150000 0.050000 10 40 244
-4.950000 -2.050000 0.050000 10 40 244
-4.850000 -2.050000 0.050000 10 40 244
-4.950000 -1.950000 0.050000 10 40 244
-4.850000 -1.950000 0.050000 10 40 244
-4.950000 -1.850000 0.050000 10 40 244
-4.850000 -1.850000 0.050000 10 40 244
-4.950000 -1.750000 0.050000 10 40 244
-4.850000 -1.750000 0.050000 10 40 244
-4.950000 -1.650000 0.050000 10 40 244
-4.850000 -1.650000 0.050000 10 40 244
-4.750000 -3.150000 0.050000 10 40 244
-4.650000 -3.150000 0.050000 10 40 244
-4.750000 -3.050000 0.050000 10 40 244
-4.650000 -3.050000 0.050000 10 40 244
-4.550000 -3.150000 0.050000 10 40 244
-4.450000 -3.150000 0.050000 10 40 244
-4.550000 -3.050000 0.050000 10 40 244
-4.450000 -3.050000 0.050000 10 40 244
-4.750000 -2.950000 0.050000 10 40 244
-4.650000 -2.950000 0.050000 10 40 244
-4.750000 -2.850000 0.050000 10 40 244
-4.650000 -2.850000 0.050000 10 40 244
-4.550000 -2.950000 0.050000 10 40 244
-4.450000 -2.950000 0.050000 10 40 244
-4.550000 -2.850000 0.050000 10 40 244
-4.450000 -2.850000 0.050000 10 40 244
-4.350000 -3.150000 0.050000 10 40 244
-4.250000 -3.150000 0.050000 10 40 244
-4.350000 -3.050000 0.050000 10 40 244
-4.250000 -3.050000 0.050000 10 40 244
-4.150000 -3.150000 0.050000 10 40 244
-4.050000 -3.150000 0.050000 10 40 244
-4.150000 -3.050000 0.050000 10 40 244
-4.050000 -3.050000 0.050000 10 40 244
-4.350000 -2.950000 0.050000 10 40 244
-4.250000 -2.950000 0.050000 10 40 244
-4.350000 -2.850000 0.050000 10 40 244
-4.250000 -2.850000 0.050000 10 40 244
-4.150000 -2.950000 0.050000 10 40 244
-4.050000 -2.950000 0.050000 10 40 244
-4.150000 -2.850000 0.050000 10 40 244
-4.050000 -2.850000 0.050000 10 40 244
-4.750000 -2.750000 0.050000 10 40 244
-4.650000 -2.750000 0.050000 10 40 244
-4.750000 -2.650000 0.050000 10 40 244
-4.650000 -2.650000 0.050000 10 40 244
-4.550000 -2.750000 0.050000 10 40 244
-4.450000 -2.750000 0.050000 10 40 244
-4.550000 -2.650000 0.050000 10 40 244
-4.450000 -2.650000 0.050000 10 40 244
-4.750000 -2.550000 0.050000 10 40 244
-4.650000 -2.550000 0.050000 10 40 244
-4.750000 -2.450000 0.050000 10 40 244
-4.650000 -2.450000 0.050000 10 40 244
-4.550000 -2.550000 0.050000 10 40 244
-4.450000 -2.550000 0.050000 10 40 244
-4.550000 -2.450000 0.050000 10 40 244
-4.450000 -2.450000 0.050000 10 40 244
-4.350000 -2.750000 0.050000 10 40 244
-4.250000 -2.750000 0.050000 10 40 244
-4.350000 -2.650000 0.050000 10 40 244
-4.250000 -2.650000 0.050000 10 40 244
-4.150000 -2.750000 0.050000 10 40 244
-4.050000 -2.750000 0.050000 10 40 244
-4.150000 -2.650000 0.050000 10 40 244
-4.050000 -2.650000 0.050000 10 40 244
-4.350000 -2.550000 0.050000 10 40 244
-4.250000 -2.550000 0.050000 10 40 244
-4.350000 -2.450000 0.050000 10 40 244
-4.250000 -2.450000 0.050000 10 40 244
-4.150000 -2.550000 0.050000 10 40 244
-4.050000 -2.550000 0.050000 10 40 244
-4.150000 -2.450000 0.050000 10 40 244
-4.050000 -2.450000 0.050000 10 40 244
-3.950000 -3.150000 0.050000 10 40 244
-3.850000 -3.150000 0.050000 10 40 244
-3.950000 -3.050000 0.050000 10 40 244
-3.850000 -3.050000 0.050000 10 40 244
-3.750000 -3.150000 0.050000 10 40 244
-3.650000 -3.150000 0.050000 10 40 244
-3.750000 -3.050000 0.050000 10 40 244
-3.650000 -3.050000 0.050000 10 40 244
-3.950000 -2.950000 0.050000 10 40 244
-3.850000 -2.950000 0.050000 10 40 244
-3.950000 -2.850000 0.050000 10 40 244
-3.850000 -2.850000 0.050000 10 40 244
-3.750000 -2.950000 0.050000 10 40 244
-3.650000 -2.950000 0.050000 10 40 244
-3.750000 -2.850000 0.050000 10 40 244
-3.650000 -2.850000 0.050000 10 40 244
-3.550000 -3.150000 0.050000 10 40 244
-3.450000 -3.150000 0.050000 10 40 244
-3.550000 -3.050000 0.050000 10 40 244
-3.450000 -3.050000 0.050000 10 40 244
-3.350000 -3.150000 0.050000 10 40 244
-3.250000 -3.150000 0.050000 10 40 244
-3.350000 -3.050000 0.050000 10 40 244
-3.250000 -3.050000 0.050000 10 40 244
-3.550000 -2.950000 0.050000 10 40 244
-3.450000 -2.950000 0.050000 10 40 244
-3.550000 -2.850000 0.050000 10 40 244
-3.450000 -2.850000 0.050000 10 40 244
-3.350000 -2.950000 0.050000 10 40 244
-3.250000 -2.950000 0.050000 10 40 244
-3.350000 -2.850000 0.050000 10 40 244
-3.250000 -2.850000 0.050000 10 40 244
-3.950000 -2.750000 0.050000 10 40 244
-3.850000 -2.750000 0.050000 10 40 244
-3.950000 -2.650000 0.050000 10 40 244
-3.850000 -2.650000 0.050000 10 40 244
-3.750000 -2.750000 0.050000 10 40 244
-3.650000 -2.750000 0.050000 10 40 244
-3.750000 -2.650000 0.050000 10 40 244
-3.650000 -2.650000 0.050000 10 40 244
-3.950000 -2.550000 0.050000 10 40 244
-3.850000 -2.550000 0.050000 10 40 244
-3.950000 -2.450000 0.050000 10 40 244
-3.850000 -2.450000 0.050000 10 40 244
-3.750000 -2.550000 0.050000 10 40 244
-3.650000 -2.550000 0.050000 10 40 244
-3.750000 -2.450000 0.050000 10 40 244
-3.650000 -2.450000 0.050000 10 40 244
-3.550000 -2.750000 0.050000 10 40 244
-3.450000 -2.750000 0.050000 10 40 244
-3.550000 -2.650000 0.050000 10 40 244
-3.450000 -2.650000 0.050000 10 40 244
-3.350000 -2.750000 0.050000 10 40 244
-3.250000 -2.750000 0.050000 10 40 244
-3.350000 -2.650000 0.050000 10 40 244
-3.250000 -2.650000 0.050000 10 40 244
-3.550000 -2.550000 0.050000 10 40 244
-3.450000 -2.550000 0.050000 10 40 244
-3.550000 -2.450000 0.050000 10 40 244
-3.450000 -2.450000 0.050000 10 40 244
-3.350000 -2.550000 0.050000 10 40 244
-3.250000 -2.550000 0.050000 10 40 244
-3.350000 -2.450000 0.050000 10 40 244
-3.250000 -2.450000 0.050000 10 40 244
-4.750000 -2.350000 0.050000 10 40 244
-4.650000 -2.350000 0.050000 10 40 244
-4.750000 -2.250000 0.050000 10 40 244
-4.650000 -2.250000 0.050000 10 40 244
-4.550000 -2.350000 0.050000 10 40 244
-4.450000 -2.350000 0.050000 10 40 244
-4.550000 -2.250000 0.050000 10 40 244
-4.450000 -2.250000 0.050000 10 40 244
-4.750000 -2.150000 0.050000 10 40 244
-4.650000 -2.150000 0.050000 10 40 244
-4.750000 -2.050000 0.050000 10 40 244
-4.650000 -2.050000 0.050000 10 40 244
-4.550000 -2.150000 0.050000 10 40 244
-4.450000 -2.150000 0.050000 10 40 244
-4.550000 -2.050000 0.050000 10 40 244
-4.450000 -2.050000 0.050000 10 40 244
-4.350000 -2.350000 0.050000 10 40 244
-4.250000 -2.350000 0.050000 10 40 244
-4.350000 -2.250000 0.050000 10 40 244
-4.250000 -2.250000 0.050000 10 40 244
-4.150000 -2.350000 0.050000 10 40 244
-4.050000 -2.350000 0.050000 10 40 244
-4.150000 -2.250000 0.050000 10 40 244
-4.050000 -2.250000 0.050000 10 40 244
-4.350000 -2.150000 0.050000 10 40 244
-4.250000 -2.150000 0.050000 10 40 244
-4.350000 -2.050000 0.050000 10 40 244
-4.250000 -2.050000 0.050000 10 40 244
-4.150000 -2.150000 0.050000 10 40 244
-4.050000 -2.150000 0.050000 10 40 244
-4.150000 -2.050000 0.050000 10 40 244
-4.050000 -2.050000 0.050000 10 40 244
-4.750000 -1.950000 0.050000 10 40 244
-4.650000 -1.950000 0.050000 10 40 244
-4.750000 -1.850000 0.050000 10 40 244
-4.650000 -1.850000 0.050000 10 40 244
-4.550000 -1.950000 0.050000 10 40 244
-4.450000 -1.950000 0.050000 10 40 244
-4.550000 -1.850000 0.050000 10 40 244
-4.450000 -1.850000 0.050000 10 40 244
-4.750000 -1.750000 0.050000 10 40 244
-4.650000 -1.750000 0.050000 10 40 244
-4.750000 -1.650000 0.050000 10 40 244
-4.650000 -1.650000 0.050000 10 40 244
-4.550000 -1.750000 0.050000 10 40 244
-4.450000 -1.750000 0.050000 10 40 244
-4.550000 -1.650000 0.050000 10 40 244
-4.450000 -1.650000 0.050000 10 40 244
-4.350000 -1.950000 0.050000 10 40 244
-4.250000 -1.950000 0.050000 10 40 244
-4.350000 -1.850000 0.050000 10 40 244
-4.250000 -1.850000 0.050000 10 40 244
-4.150000 -1.950000 0.050000 10 40 244
-4.050000 -1.950000 0.050000 10 40 244
-4.150000 -1.850000 0.050000 10 40 244
-4.050000 -1.850000 0.050000 10 40 244
-4.350000 -1.750000 0.050000 10 40 244
-4.250000 -1.750000 0.050000 10 40 244
-4.350000 -1.650000 0.050000 10 40 244
-4.250000 -1.650000 0.050000 10 40 244
-4.150000 -1.750000 0.050000 10 40 244
-4.050000 -1.750000 0.050000 10 40 244
-4.150000 -1.650000 0.050000 10 40 244
-4.050000 -1.650000 0.050000 10 40 244
-3.950000 -2.350000 0.050000 10 40 244
-3.850000 -2.350000 0.050000 10 40 244
-3.950000 -2.250000 0.050000 10 40 244
-3.850000 -2.250000 0.050000 10 40 244
-3.750000 -2.350000 0.050000 10 40 244
-3.650000 -2.350000 0.050000 10 40 244
-3.750000 -2.250000 0.050000 10 40 244
-3.650000 -2.250000 0.050000 10 40 244
-3.950000 -2.150000 0.050000 10 40 244
-3.850000 -2.150000 0.050000 10 40 244
-3.950000 -2.050000 0.050000 10 40 244
-3.850000 -2.050000 0.050000 10 40 244
-3.750000 -2.150000 0.050000 10 40 244
-3.650000 -2.150000 0.050000 10 40 244
-3.750000 -2.050000 0.050000 10 40 244
-3.650000 -2.050000 0.050000 10 40 244
-3.550000 -2.350000 0.050000 10 40 244
-3.450000 -2.350000 0.050000 10 40 244
-3.550000 -2.250000 0.050000 10 40 244
-3.450000 -2.250000 0.050000 10 40 244
-3.350000 -2.350000 0.050000 10 40 244
-3.250000 -2.350000 0.050000 10 40 244
-3.350000 -2.250000 0.050000 10 40 244
-3.250000 -2.250000 0.050000 10 40 244
-3.550000 -2.150000 0.050000 10 40 244
-3.450000 -2.150000 0.050000 10 40 244
-3.550000 -2.050000 0.050000 10 40 244
-3.450000 -2.050000 0.050000 10 40 244
-3.350000 -2.150000 0.050000 10 40 244
-3.250000 -2.150000 0.050000 10 40 244
-3.350000 -2.050000 0.050000 10 40 244
-3.250000 -2.050000 0.050000 10 40 244
-3.950000 -1.950000 0.050000 10 40 244
-3.850000 -1.950000 0.050000 10 40 244
-3.950000 -1.850000 0.050000 10 40 244
-3.850000 -1.850000 0.050000 10 40 244
-3.750000 -1.950000 0.050000 10 40 244
-3.650000 -1.950000 0.050000 10 40 244
-3.750000 -1.850000 0.050000 10 40 244
-3.650000 -1.850000 0.050000 10 40 244
-3.950000 -1.750000 0.050000 10 40 244
-3.850000 -1.750000 0.050000 10 40 244
-3.950000 -1.650000 0.050000 10 40 244
-3.850000 -1.650000 0.050000 10 40 244
-3.750000 -1.750000 0.050000 10 40 244
-3.650000 -1.750000 0.050000 10 40 244
-3.750000 -1.650000 0.050000 10 40 244
-3.650000 -1.650000 0.050000 10 40 244
-3.550000 -1.950000 0.050000 10 40 244
-3.450000 -1.950000 0.050000 10 40 244
-3.550000 -1.850000 0.050000 10 40 244
-3.450000 -1.850000 0.050000 10 40 244
-3.350000 -1.950000 0.050000 10 40 244
-3.250000 -1.950000 0.050000 10 40 244
-3.350000 -1.850000 0.050000 10 40 244
-3.250000 -1.850000 0.050000 10 40 244
-3.550000 -1.750000 0.050000 10 40 244
-3.450000 -1.750000 0.050000 10 40 244
-3.550000 -1.650000 0.050000 10 40 244
-3.450000 -1.650000 0.050000 10 40 244
-3.350000 -1.750000 0.050000 10 40 244
-3.250000 -1.750000 0.050000 10 40 244
-3.350000 -1.650000 0.050000 10 40 244
-3.250000 -1.650000 0.050000 10 40 244
-4.950000 -1.550000 0.050000 10 40 244
-4.850000 -1.550000 0.050000 10 40 244
-4.950000 -1.450000 0.050000 10 40 244
-4.850000 -1.450000 0.050000 10 40 244
-4.950000 -1.350000 0.050000 10 40 244
-4.850000 -1.350000 0.050000 10 40 244
-4.950000 -1.250000 0.050000 10 40 244
-4.850000 -1.250000 0.050000 10 40 244
-4.950000 -1.150000 0.050000 10 40 244
-4.850000 -1.150000 0.050000 10 40 244
-4.850000 -0.150000 0.050000 10 40 244
-4.850000 -0.050000 0.050000 10 40 244
-4.750000 -1.550000 0.050000 10 40 244
-4.650000 -1.550000 0.050000 10 40 244
-4.750000 -1.450000 0.050000 10 40 244
-4.650000 -1.450000 0.050000 10 40 244
-4.550000 -1.550000 0.050000 10 40 244
-4.450000 -1.550000 0.050000 10 40 244
-4.550000 -1.450000 0.050000 10 40 244
-4.450000 -1.450000 0.050000 10 40 244
-4.750000 -1.350000 0.050000 10 40 244
-4.650000 -1.350000 0.050000 10 40 244
-4.750000 -1.250000 0.050000 10 40 244
-4.650000 -1.250000 0.050000 10 40 244
-4.550000 -1.350000 0.050000 10 40 244
-4.450000 -1.350000 0.050000 10 40 244
-4.550000 -1.250000 0.050000 10 40 244
-4.450000 -1.250000 0.050000 10 40 244
-4.350000 -1.550000 0.050000 10 40 244
-4.250000 -1.550000 0.050000 10 40 244
-4.350000 -1.450000 0.050000 10 40 244
-4.250000 -1.450000 0.050000 10 40 244
-4.150000 -1.550000 0.050000 10 40 244
-4.050000 -1.550000 0.050000 10 40 244
-4.150000 -1.450000 0.050000 10 40 244
-4.050000 -1.450000 0.050000 10 40 244
-4.350000 -1.350000 0.050000 10 40 244
-4.250000 -1.350000 0.050000 10 40 244
-4.350000 -1.250000 0.050000 10 40 244
-4.250000 -1.250000 0.050000 10 40 244
-4.150000 -1.350000 0.050000 10 40 244
-4.050000 -1.350000 0.050000 10 40 244
-4.150000 -1.250000 0.050000 10 40 244
-4.050000 -1.250000 0.050000 10 40 244
-4.750000 -1.150000 0.050000 10 40 244
-4.650000 -1.150000 0.050000 10 40 244
-4.750000 -1.050000 0.050000 10 40 244
-4.650000 -1.050000 0.050000 10 40 244
-4.550000 -1.150000 0.050000 10 40 244
-4.450000 -1.150000 0.050000 10 40 244
-4.550000 -1.050000 0.050000 10 40 244
-4.450000 -1.050000 0.050000 10 40 244
-4.750000 -0.950000 0.050000 10 40 244
-4.650000 -0.950000 0.050000 10 40 244
-4.750000 -0.850000 0.050000 10 40 244
-4.650000 -0.850000 0.050000 10 40 244
-4.550000 -0.950000 0.050000 10 40 244
-4.450000 -0.950000 0.050000 10 40 244
-4.550000 -0.850000 0.050000 10 40 244
-4.450000 -0.850000 0.050000 10 40 244
-4.350000 -1.150000 0.050000 10 40 244
-4.250000 -1.150000 0.050000 10 40 244
-4.350000 -1.050000 0.050000 10 40 244
-4.250000 -1.050000 0.050000 10 40 244
-4.150000 -1.150000 0.050000 10 40 244
-4.050000 -1.150000 0.050000 10 40 244
-4.150000 -1.050000 0.050000 10 40 244
-4.050000 -1.050000 0.050000 10 40 244
-4.350000 -0.950000 0.050000 10 40 244
-4.250000 -0.950000 0.050000 10 40 244
-4.350000 -0.850000 0.050000 10 40 244
-4.250000 -0.850000 0.050000 10 40 244
-4.150000 -0.950000 0.050000 10 40 244
-4.050000 -0.950000 0.050000 10 40 244
-4.150000 -0.850000 0.050000 10 40 244
-4.050000 -0.850000 0.050000 10 40 244
-3.950000 -1.550000 0.050000 10 40 244
-3.850000 -1.550000 0.050000 10 40 244
-3.950000 -1.450000 0.050000 10 40 244
-3.850000 -1.450000 0.050000 10 40 244
-3.750000 -1.550000 0.050000 10 40 244
-3.650000 -1.550000 0.050000 10 40 244
-3.750000 -1.450000 0.050000 10 40 244
-3.650000 -1.450000 0.050000 10 40 244
-3.950000 -1.350000 0.050000 10 40 244
-3.850000 -1.350000 0.050000 10 40 244
-3.950000 -1.250000 0.050000 10 40 244
-3.850000 -1.250000 0.050000 10 40 244
-3.750000 -1.350000 0.050000 10 40 244
-3.650000 -1.350000 0.050000 10 40 244
-3.750000 -1.250000 0.050000 10 40 244
-3.650000 -1.250000 0.050000 10 40 244
-3.550000 -1.550000 0.050000 10 40 244
-3.450000 -1.550000 0.050000 10 40 244
-3.550000 -1.450000 0.050000 10 40 244
-3.450000 -1.450000 0.050000 10 40 244
-3.350000 -1.550000 0.050000 10 40 244
-3.250000 -1.550000 0.050000 10 40 244
-3.350000 -1.450000 0.050000 10 40 244
-3.250000 -1.450000 0.050000 10 40 244
-3.550000 -1.350000 0.050000 10 40 244
-3.450000 -1.350000 0.050000 10 40 244
-3.550000 -1.250000 0.050000 10 40 244
-3.450000 -1.250000 0.050000 10 40 244
-3.350000 -1.350000 0.050000 10 40 244
-3.250000 -1.350000 0.050000 10 40 244
-3.350000 -1.250000 0.050000 10 40 244
-3.250000 -1.250000 0.050000 10 40 244
-3.950000 -1.150000 0.050000 10 40 244
-3.850000 -1.150000 0.050000 10 40 244
-3.950000 -1.050000 0.050000 10 40 244
-3.850000 -1.050000 0.050000 10 40 244
-3.750000 -1.150000 0.050000 10 40 244
-3.650000 -1.150000 0.050000 10 40 244
-3.750000 -1.050000 0.050000 10 40 244
-3.650000 -1.050000 0.050000 10 40 244
-3.950000 -0.950000 0.050000 10 40 244
-3.850000 -0.950000 0.050000 10 40 244
-3.950000 -0.850000 0.050000 10 40 244
-3.850000 -0.850000 0.050000 10 40 244
-3.750000 -0.950000 0.050000 10 40 244
-3.650000 -0.950000 0.050000 10 40 244
-3.750000 -0.850000 0.050000 10 40 244
-3.650000 -0.850000 0.050000 10 40 244
-3.550000 -1.150000 0.050000 10 40 244
-3.450000 -1.150000 0.050000 10 40 244
-3.550000 -1.050000 0.050000 10 40 244
-3.450000 -1.050000 0.050000 10 40 244
-3.350000 -1.150000 0.050000 10 40 244
-3.250000 -1.150000 0.050000 10 40 244
-3.350000 -1.050000 0.050000 10 40 244
-3.250000 -1.050000 0.050000 10 40 244
-3.550000 -0.950000 0.050000 10 40 244
-3.450000 -0.950000 0.050000 10 40 244
-3.550000 -0.850000 0.050000 10 40 244
-3.450000 -0.850000 0.050000 10 40 244
-3.350000 -0.950000 0.050000 10 40 244
-3.250000 -0.950000 0.050000 10 40 244
-3.350000 -0.850000 0.050000 10 40 244
-3.250000 -0.850000 0.050000 10 40 244
-4.750000 -0.750000 0.050000 10 40 244
-4.650000 -0.750000 0.050000 10 40 244
-4.750000 -0.650000 0.050000 10 40 244
-4.650000 -0.650000 0.050000 10 40 244
-4.550000 -0.750000 0.050000 10 40 244
-4.450000 -0.750000 0.050000 10 40 244
-4.550000 -0.650000 0.050000 10 40 244
-4.450000 -0.650000 0.050000 10 40 244
-4.750000 -0.550000 0.050000 10 40 244
-4.650000 -0.550000 0.050000 10 40 244
-4.750000 -0.450000 0.050000 10 40 244
-4.650000 -0.450000 0.050000 10 40 244
-4.550000 -0.550000 0.050000 10 40 244
-4.450000 -0.550000 0.050000 10 40 244
-4.550000 -0.450000 0.050000 10 40 244
-4.450000 -0.450000 0.050000 10 40 244
-4.350000 -0.750000 0.050000 10 40 244
-4.250000 -0.750000 0.050000 10 40 244
-4.350000 -0.650000 0.050000 10 40 244
-4.250000 -0.650000 0.050000 10 40 244
-4.150000 -0.750000 0.050000 10 40 244
-4.050000 -0.750000 0.050000 10 40 244
-4.150000 -0.650000 0.050000 10 40 244
-4.050000 -0.650000 0.050000 10 40 244
-4.350000 -0.550000 0.050000 10 40 244
-4.250000 -0.550000 0.050000 10 40 244
-4.350000 -0.450000 0.050000 10 40 244
-4.250000 -0.450000 0.050000 10 40 244
-4.150000 -0.550000 0.050000 10 40 244
-4.050000 -0.550000 0.050000 10 40 244
-4.150000 -0.450000 0.050000 10 40 244
-4.050000 -0.450000 0.050000 10 40 244
-4.750000 -0.350000 0.050000 10 40 244
-4.650000 -0.350000 0.050000 10 40 244
-4.750000 -0.250000 0.050000 10 40 244
-4.650000 -0.250000 0.050000 10 40 244
-4.550000 -0.350000 0.050000 10 40 244
-4.450000 -0.350000 0.050000 10 40 244
-4.550000 -0.250000 0.050000 10 40 244
-4.450000 -0.250000 0.050000 10 40 244
-4.750000 -0.150000 0.050000 10 40 244
-4.650000 -0.150000 0.050000 10 40 244
-4.750000 -0.050000 0.050000 10 40 244
-4.650000 -0.050000 0.050000 10 40 244
-4.550000 -0.150000 0.050000 10 40 244
-4.450000 -0.150000 0.050000 10 40 244
-4.550000 -0.050000 0.050000 10 40 244
-4.450000 -0.050000 0.050000 10 40 244
-4.350000 -0.350000 0.050000 10 40 244
-4.250000 -0.350000 0.050000 10 40 244
-4.350000 -0.250000 0.050000 10 40 244
-4.250000 -0.250000 0.050000 10 40 244
-4.150000 -0.350000 0.050000 10 40 244
-4.050000 -0.350000 0.050000 10 40 244
-4.150000 -0.250000 0.050000 10 40 244
-4.050000 -0.250000 0.050000 10 40 244
-4.350000 -0.150000 0.050000 10 40 244
-4.250000 -0.150000 0.050000 10 40 244
-4.350000 -0.050000 0.050000 10 40 244
-4.250000 -0.050000 0.050000 10 40 244
-4.150000 -0.150000 0.050000 10 40 244
-4.050000 -0.150000 0.050000 10 40 244
-4.150000 -0.050000 0.050000 10 40 244
-4.050000 -0.050000 0.050000 10 40 244
-3.950000 -0.750000 0.050000 10 40 244
-3.850000 -0.750000 0.050000 10 40 244
-3.950000 -0.650000 0.050000 10 40 244
-3.850000 -0.650000 0.050000 10 40 244
-3.750000 -0.750000 0.050000 10 40 244
-3.650000 -0.750000 0.050000 10 40 244
-3.750000 -0.650000 0.050000 10 40 244
-3.650000 -0.650000 0.050000 10 40 244
-3.950000 -0.550000 0.050000 10 40 244
-3.850000 -0.550000 0.050000 10 40 244
-3.950000 -0.450000 0.050000 10 40 244
-3.850000 -0.450000 0.050000 10 40 244
-3.750000 -0.550000 0.050000 10 40 244
-3.650000 -0.550000 0.050000 10 40 244
-3.750000 -0.450000 0.050000 10 40 244
-3.650000 -0.450000 0.050000 10 40 244
-3.550000 -0.750000 0.050000 10 40 244
-3.450000 -0.750000 0.050000 10 40 244
-3.550000 -0.650000 0.050000 10 40 244
-3.450000 -0.650000 0.050000 10 40 244
-3.350000 -0.750000 0.050000 10 40 244
-3.250000 -0.750000 0.050000 10 40 244
-3.350000 -0.650000 0.050000 10 40 244
-3.250000 -0.650000 0.050000 10 40 244
-3.550000 -0.550000 0.050000 10 40 244
-3.450000 -0.550000 0.050000 10 40 244
-3.550000 -0.450000 0.050000 10 40 244
-3.450000 -0.450000 0.050000 10 40 244
-3.350000 -0.550000 0.050000 10 40 244
-3.250000 -0.550000 0.050000 10 40 244
-3.350000 -0.450000 0.050000 10 40 244
-3.250000 -0.450000 0.050000 10 40 244
-3.950000 -0.350000 0.050000 10 40 244
-3.850000 -0.350000 0.050000 10 40 244
-3.950000 -0.250000 0.050000 10 40 244
-3.850000 -0.250000 0.050000 10 40 244
-3.750000 -0.350000 0.050000 10 40 244
-3.650000 -0.350000 0.050000 10 40 244
-3.750000 -0.250000 0.050000 10 40 244
-3.650000 -0.250000 0.050000 10 40 244
-3.950000 -0.150000 0.050000 10 40 244
-3.850000 -0.150000 0.050000 10 40 244
-3.950000 -0.050000 0.050000 10 40 244
-3.850000 -0.050000 0.050000 10 40 244
-3.750000 -0.150000 0.050000 10 40 244
-3.650000 -0.150000 0.050000 10 40 244
-3.750000 -0.050000 0.050000 10 40 244
-3.650000 -0.050000 0.050000 10 40 244
-3.550000 -0.350000 0.050000 10 40 244
-3.450000 -0.350000 0.050000 10 40 244
-3.550000 -0.250000 0.050000 10 40 244
-3.450000 -0.250000 0.050000 10 40 244
-3.350000 -0.350000 0.050000 10 40 244
-3.250000 -0.350000 0.050000 10 40 244
-3.350000 -0.250000 0.050000 10 40 244
-3.250000 -0.250000 0.050000 10 40 244
-3.550000 -0.150000 0.050000 10 40 244
-3.450000 -0.150000 0.050000 10 40 244
-3.550000 -0.050000 0.050000 10 40 244
-3.450000 -0.050000 0.050000 10 40 244
-3.350000 -0.150000 0.050000 10 40 244
-3.250000 -0.150000 0.050000 10 40 244
-3.350000 -0.050000 0.050000 10 40 244
-3.250000 -0.050000 0.050000 10 40 244
-3.150000 -3.150000 0.050000 10 40 244
-3.050000 -3.150000 0.050000 10 40 244
-3.150000 -3.050000 0.050000 10 40 244
-3.050000 -3.050000 0.050000 10 40 244
-2.950000 -3.150000 0.050000 10 40 244
-2.850000 -3.150000 0.050000 10 40 244
-2.950000 -3.050000 0.050000 10 40 244
-2.850000 -3.050000 0.050000 10 40 244
-3.150000 -2.950000 0.050000 10 40 244
-3.050000 -2.950000 0.050000 10 40 244
-3.150000 -2.850000 0.050000 10 40 244
-3.050000 -2.850000 0.050000 10 40 244
-2.950000 -2.950000 0.050000 10 40 244
-2.850000 -2.950000 0.050000 10 40 244
-2.950000 -2.850000 0.050000 10 40 244
-2.850000 -2.850000 0.050000 10 40 244
-2.750000 -3.150000 0.050000 10 40 244
-2.650000 -3.150000 0.050000 10 40 244
-2.750000 -3.050000 0.050000 10 40 244
-2.650000 -3.050000 0.050000 10 40 244
-2.550000 -3.150000 0.050000 10 40 244
-2.450000 -3.150000 0.050000 10 40 244
-2.550000 -3.050000 0.050000 10 40 244
-2.450000 -3.050000 0.050000 10 40 244
-2.750000 -2.950000 0.050000 10 40 244
-2.650000 -2.950000 0.050000 10 40 244
-2.750000 -2.850000 0.050000 10 40 244
-2.650000 -2.850000 0.050000 10 40 244
-2.550000 -2.950000 0.050000 10 40 244
-2.450000 -2.950000 0.050000 10 40 244
-2.550000 -2.850000 0.050000 10 40 244
-2.450000 -2.850000 0.050000 10 40 244
-3.150000 -2.750000 0.050000 10 40 244
-3.050000 -2.750000 0.050000 10 40 244
-3.150000 -2.650000 0.050000 10 40 244
-3.050000 -2.650000 0.050000 10 40 244
-2.950000 -2.750000 0.050000 10 40 244
-2.850000 -2.750000 0.050000 10 40 244
-2.950000 -2.650000 0.050000 10 40 244
-2.850000 -2.650000 0.050000 10 40 244
-3.150000 -2.550000 0.050000 10 40 244
-3.050000 -2.550000 0.050000 10 40 244
-3.150000 -2.450000 0.050000 10 40 244
-3.050000 -2.450000 0.050000 10 40 244
-2.950000 -2.550000 0.050000 10 40 244
-2.850000 -2.550000 0.050000 10 40 244
-2.950000 -2.450000 0.050000 10 40 244
-2.850000 -2.450000 0.050000 10 40 244
-2.750000 -2.750000 0.050000 10 40 244
-2.650000 -2.750000 0.050000 10 40 244
-2.750000 -2.650000 0.050000 10 40 244
-2.650000 -2.650000 0.050000 10 40 244
-2.550000 -2.750000 0.050000 10 40 244
-2.450000 -2.750000 0.050000 10 40 244
-2.550000 -2.650000 0.050000 10 40 244
-2.450000 -2.650000 0.050000 10 40 244
-2.750000 -2.550000 0.050000 10 40 244
-2.650000 -2.550000 0.050000 10 40 244
-2.750000 -2.450000 0.050000 10 40 244
-2.650000 -2.450000 0.050000 10 40 244
-2.550000 -2.550000 0.050000 10 40 244
-2.450000 -2.550000 0.050000 10 40 244
-2.550000 -2.450000 0.050000 10 40 244
-2.450000 -2.450000 0.050000 10 40 244
-2.350000 -3.150000 0.050000 10 40 244
-2.250000 -3.150000 0.050000 10 40 244
-2.350000 -3.050000 0.050000 10 40 244
-2.250000 -3.050000 0.050000 10 40 244
-2.150000 -3.150000 0.050000 10 40 244
-2.050000 -3.150000 0.050000 10 40 244
-2.150000 -3.050000 0.050000 10 40 244
-2.050000 -3.050000 0.050000 10 40 244
-2.350000 -2.950000 0.050000 10 40 244
-2.250000 -2.950000 0.050000 10 40 244
-2.350000 -2.850000 0.050000 10 40 244
-2.250000 -2.850000 0.050000 10 40 244
-2.150000 -2.950000 0.050000 10 40 244
-2.050000 -2.950000 0.050000 10 40 244
-2.150000 -2.850000 0.050000 10 40 244
-2.050000 -2.850000 0.050000 10 40 244
-1.950000 -3.150000 0.050000 10 40 244
-1.850000 -3.150000 0.050000 10 40 244
-1.950000 -3.050000 0.050000 10 40 244
-1.850000 -3.050000 0.050000 10 40 244
-1.750000 -3.150000 0.050000 10 40 244
-1.650000 -3.150000 0.050000 10 40 244
-1.750000 -3.050000 0.050000 10 40 244
-1.650000 -3.050000 0.050000 10 40 244
-1.950000 -2.950000 0.050000 10 40 244
-1.850000 -2.950000 0.050000 10 40 244
-1.950000 -2.850000 0.050000 10 40 244
-1.850000 -2.850000 0.050000 10 40 244
-1.750000 -2.950000 0.050000 10 40 244
-1.650000 -2.950000 0.050000 10 40 244
-1.750000 -2.850000 0.050000 10 40 244
-1.650000 -2.850000 0.050000 10 40 244
-2.350000 -2.750000 0.050000 10 40 244
-2.250000 -2.750000 0.050000 10 40 244
-2.350000 -2.650000 0.050000 10 40 244
-2.250000 -2.650000 0.050000 10 40 244
-2.150000 -2.750000 0.050000 10 40 244
-2.050000 -2.750000 0.050000 10 40 244
-2.150000 -2.650000 0.050000 10 40 244
-2.050000 -2.650000 0.050000 10 40 244
-2.350000 -2.550000 0.050000 10 40 244
-2.250000 -2.550000 0.050000 10 40 244
-2.350000 -2.450000 0.050000 10 40 244
-2.250000 -2.450000 0.050000 10 40 244
-2.150000 -2.550000 0.050000 10 40 244
-2.050000 -2.550000 0.050000 10 40 244
-2.150000 -2.450000 0.050000 10 40 244
-2.050000 -2.450000 0.050000 10 40 244
-1.950000 -2.750000 0.050000 10 40 244
-1.850000 -2.750000 0.050000 10 40 244
-1.950000 -2.650000 0.050000 10 40 244
-1.850000 -2.650000 0.050000 10 40 244
-1.750000 -2.750000 0.050000 10 40 244
-1.650000 -2.750000 0.050000 10 40 244
-1.750000 -2.650000 0.050000 10 40 244
-1.650000 -2.650000 0.050000 10 40 244
-1.950000 -2.550000 0.050000 10 40 244
-1.850000 -2.550000 0.050000 10 40 244
-1.950000 -2.450000 0.050000 10 40 244
-1.850000 -2.450000 0.050000 10 40 244
-1.750000 -2.550000 0.050000 10 40 244
-1.650000 -2.550000 0.050000 10 40 244
-1.750000 -2.450000 0.050000 10 40 244
-1.650000 -2.450000 0.050000 10 40 244
-3.150000 -2.350000 0.050000 10 40 244
-3.050000 -2.350000 0.050000 10 40 244
-3.150000 -2.250000 0.050000 10 40 244
-3.050000 -2.250000 0.050000 10 40 244
-2.950000 -2.350000 0.050000 10 40 244
-2.850000 -2.350000 0.050000 10 40 244
-2.950000 -2.250000 0.050000 10 40 244
-2.850000 -2.250000 0.050000 10 40 244
-3.150000 -2.150000 0.050000 10 40 244
-3.050000 -2.150000 0.050000 10 40 244
-3.150000 -2.050000 0.050000 10 40 244
-3.050000 -2.050000 0.050000 10 40 244
-2.950000 -2.150000 0.050000 10 40 244
-2.850000 -2.150000 0.050000 10 40 244
-2.950000 -2.050000 0.050000 10 40 244
-2.850000 -2.050000 0.050000 10 40 244
-2.750000 -2.350000 0.050000 10 40 244
-2.650000 -2.350000 0.050000 10 40 244
-2.750000 -2.250000 0.050000 10 40 244
-2.650000 -2.250000 0.050000 10 40 244
-2.550000 -2.350000 0.050000 10 40 244
-2.450000 -2.350000 0.050000 10 40 244
-2.550000 -2.250000 0.050000 10 40 244
-2.450000 -2.250000 0.050000 10 40 244
-2.750000 -2.150000 0.050000 10 40 244
-2.650000 -2.150000 0.050000 10 40 244
-2.750000 -2.050000 0.050000 10 40 244
-2.650000 -2.050000 0.050000 10 40 244
-2.550000 -2.150000 0.050000 10 40 244
-2.450000 -2.150000 0.050000 10 40 244
-2.550000 -2.050000 0.050000 10 40 244
-2.450000 -2.050000 0.050000 10 40 244
-3.150000 -1.950000 0.050000 10 40 244
-3.050000 -1.950000 0.050000 10 40 244
-3.150000 -1.850000 0.050000 10 40 244
-3.050000 -1.850000 0.050000 10 40 244
-2.950000 -1.950000 0.050000 10 40 244
-2.850000 -1.950000 0.050000 10 40 244
-2.950000 -1.850000 0.050000 10 40 244
-2.850000 -1.850000 0.050000 10 40 244
-3.150000 -1.750000 0.050000 10 40 244
-3.050000 -1.750000 0.050000 10 40 244
-3.150000 -1.650000 0.050000 10 40 244
-3.050000 -1.650000 0.050000 10 40 244
-2.950000 -1.750000 0.050000 10 40 244
-2.850000 -1.750000 0.050000 10 40 244
-2.950000 -1.650000 0.050000 10 40 244
-2.850000 -1.650000 0.050000 10 40 244
-2.750000 -1.950000 0.050000 10 40 244
-2.650000 -1.950000 0.050000 10 40 244
-2.750000 -1.850000 0.050000 10 40 244
-2.650000 -1.850000 0.050000 10 40 244
-2.550000 -1.950000 0.050000 10 40 244
-2.450000 -1.950000 0.050000 10 40 244
-2.550000 -1.850000 0.050000 10 40 244
-2.450000 -1.850000 0.050000 10 40 244
-2.750000 -1.750000 0.050000 10 40 244
-2.650000 -1.750000 0.050000 10 40 244
-2.750000 -1.650000 0.050000 10 40 244
-2.650000 -1.650000 0.050000 10 40 244
-2.550000 -1.750000 0.050000 10 40 244
-2.450000 -1.750000 0.050000 10 40 244
-2.550000 -1.650000 0.050000 10 40 244
-2.450000 -1.650000 0.050000 10 40 244
-2.350000 -2.350000 0.050000 10 40 244
-2.250000 -2.350000 0.050000 10 40 244
-2.350000 -2.250000 0.050000 10 40 244
-2.250000 -2.250000 0.050000 10 40 244
-2.150000 -2.350000 0.050000 10 40 244
-2.050000 -2.350000 0.050000 10 40 244
-2.150000 -2.250000 0.050000 10 40 244
-2.050000 -2.250000 0.050000 10 40 244
-2.350000 -2.150000 0.050000 10 40 244
-2.250000 -2.150000 0.050000 10 40 244
-2.350000 -2.050000 0.050000 10 40 244
-2.250000 -2.050000 0.050000 10 40 244
-2.150000 -2.150000 0.050000 10 40 244
-2.050000 -2.150000 0.050000 10 40 244
-2.150000 -2.050000 0.050000 10 40 244
-2.050000 -2.050000 0.050000 10 40 244
-1.950000 -2.350000 0.050000 10 40 244
-1.850000 -2.350000 0.050000 10 40 244
-1.950000 -2.250000 0.050000 10 40 244
-1.850000 -2.250000 0.050000 10 40 244
-1.750000 -2.350000 0.050000 10 40 244
-1.650000 -2.350000 0.050000 10 40 244
-1.750000 -2.250000 0.050000 10 40 244
-1.650000 -2.250000 0.050000 10 40 244
-1.950000 -2.150000 0.050000 10 40 244
-1.850000 -2.150000 0.050000 10 40 244
-1.950000 -2.050000 0.050000 10 40 244
-1.850000 -2.050000 0.050000 10 40 244
-1.750000 -2.150000 0.050000 10 40 244
-1.650000 -2.150000 0.050000 10 40 244
-1.750000 -2.050000 0.050000 10 40 244
-1.650000 -2.050000 0.050000 10 40 244
-2.350000 -1.950000 0.050000 10 40 244
-2.250000 -1.950000 0.050000 10 40 244
-2.350000 -1.850000 0.050000 10 40 244
-2.250000 -1.850000 0.050000 10 40 244
-2.150000 -1.950000 0.050000 10 40 244
-2.050000 -1.950000 0.050000 10 40 244
-2.150000 -1.850000 0.050000 10 40 244
-2.050000 -1.850000 0.050000 10 40 244
-2.350000 -1.750000 0.050000 10 40 244
-2.250000 -1.750000 0.050000 10 40 244
-2.350000 -1.650000 0.050000 10 40 244
-2.250000 -1.650000 0.050000 10 40 244
-2.150000 -1.750000 0.050000 10 40 244
-2.050000 -1.750000 0.050000 10 40 244
-2.150000 -1.650000 0.050000 10 40 244
-2.050000 -1.650000 0.050000 10 40 244
-1.950000 -1.950000 0.050000 10 40 244
-1.850000 -1.950000 0.050000 10 40 244
-1.950000 -1.850000 0.050000 10 40 244
-1.850000 -1.850000 0.050000 10 40 244
-1.750000 -1.950000 0.050000 10 40 244
-1.650000 -1.950000 0.050000 10 40 244
-1.750000 -1.850000 0.050000 10 40 244
-1.650000 -1.850000 0.050000 10 40 244
-1.950000 -1.750000 0.050000 10 40 244
-1.850000 -1.750000 0.050000 10 40 244
-1.950000 -1.650000 0.050000 10 40 244
-1.850000 -1.650000 0.050000 10 40 244
-1.750000 -1.750000 0.050000 10 40 244
-1.650000 -1.750000 0.050000 10 40 244
-1.750000 -1.650000 0.050000 10 40 244
-1.650000 -1.650000 0.050000 10 40 244
-1.550000 -3.150000 0.050000 10 40 244
-1.450000 -3.150000 0.050000 10 40 244
-1.550000 -3.050000 0.050000 10 40 244
-1.450000 -3.050000 0.050000 10 40 244
-1.350000 -3.150000 0.050000 10 40 244
-1.250000 -3.150000 0.050000 10 40 244
-1.350000 -3.050000 0.050000 10 40 244
-1.250000 -3.050000 0.050000 10 40 244
-1.550000 -2.950000 0.050000 10 40 244
-1.450000 -2.950000 0.050000 10 40 244
-1.550000 -2.850000 0.050000 10 40 244
-1.450000 -2.850000 0.050000 10 40 244
-1.350000 -2.950000 0.050000 10 40 244
-1.250000 -2.950000 0.050000 10 40 244
-1.350000 -2.850000 0.050000 10 40 244
-1.250000 -2.850000 0.050000 10 40 244
-1.150000 -3.150000 0.050000 10 40 244
-1.150000 -3.050000 0.050000 10 40 244
-1.050000 -3.050000 0.050000 10 40 244
-1.150000 -2.950000 0.050000 10 40 244
-1.050000 -2.950000 0.050000 10 40 244
-1.150000 -2.850000 0.050000 10 40 244
-1.050000 -2.850000 0.050000 10 40 244
-0.950000 -2.850000 0.050000 10 40 244
-0.850000 -2.850000 0.050000 10 40 244
-1.550000 -2.750000 0.050000 10 40 244
-1.450000 -2.750000 0.050000 10 40 244
-1.550000 -2.650000 0.050000 10 40 244
-1.450000 -2.650000 0.050000 10 40 244
-1.350000 -2.750000 0.050000 10 40 244
-1.250000 -2.750000 0.050000 10 40 244
-1.350000 -2.650000 0.050000 10 40 244
-1.250000 -2.650000 0.050000 10 40 244
-1.550000 -2.550000 0.050000 10 40 244
-1.450000 -2.550000 0.050000 10 40 244
-1.550000 -2.450000 0.050000 10 40 244
-1.450000 -2.450000 0.050000 10 40 244
-1.350000 -2.550000 0.050000 10 40 244
-1.250000 -2.550000 0.050000 10 40 244
-1.350000 -2.450000 0.050000 10 40 244
-1.250000 -2.450000 0.050000 10 40 244
-1.150000 -2.750000 0.050000 10 40 244
-1.050000 -2.750000 0.050000 10 40 244
-1.150000 -2.650000 0.050000 10 40 244
-1.050000 -2.650000 0.050000 10 40 244
-0.950000 -2.750000 0.050000 10 40 244
-0.850000 -2.750000 0.050000 10 40 244
-0.950000 -2.650000 0.050000 10 40 244
-0.850000 -2.650000 0.050000 10 40 244
-1.150000 -2.550000 0.050000 10 40 244
-1.050000 -2.550000 0.050000 10 40 244
-1.150000 -2.450000 0.050000 10 40 244
-1.050000 -2.450000 0.050000 10 40 244
-0.950000 -2.550000 0.050000 10 40 244
-0.850000 -2.550000 0.050000 10 40 244
-0.950000 -2.450000 0.050000 10 40 244
-0.850000 -2.450000 0.050000 10 40 244
-0.750000 -2.850000 0.050000 10 40 244
-0.750000 -2.750000 0.050000 10 40 244
-0.750000 -2.650000 0.050000 10 40 244
-0.650000 -2.650000 0.050000 10 40 244
-0.550000 -2.650000 0.050000 10 40 244
-0.750000 -2.550000 0.050000 10 40 244
-0.650000 -2.550000 0.050000 10 40 244
-0.750000 -2.450000 0.050000 10 40 244
-0.650000 -2.450000 0.050000 10 40 244
-0.550000 -2.550000 0.050000 10 40 244
-0.450000 -2.550000 0.050000 10 40 244
-0.550000 -2.450000 0.050000 10 40 244
-0.450000 -2.450000 0.050000 10 40 244
-0.350000 -2.550000 0.050000 10 40 244
-0.250000 -2.550000 0.050000 10 40 244
-0.350000 -2.450000 0.050000 10 40 244
-0.250000 -2.450000 0.050000 10 40 244
-0.150000 -2.550000 0.050000 10 40 244
-0.150000 -2.450000 0.050000 10 40 244
-0.050000 -2.450000 0.050000 10 40 244
-1.550000 -2.350000 0.050000 10 40 244
-1.450000 -2.350000 0.050000 10 40 244
-1.550000 -2.250000 0.050000 10 40 244
-1.450000 -2.250000 0.050000 10 40 244
-1.350000 -2.350000 0.050000 10 40 244
-1.250000 -2.350000 0.050000 10 40 244
-1.350000 -2.250000 0.050000 10 40 244
-1.250000 -2.250000 0.050000 10 40 244
-1.550000 -2.150000 0.050000 10 40 244
-1.450000 -2.150000 0.050000 10 40 244
-1.550000 -2.050000 0.050000 10 40 244
-1.450000 -2.050000 0.050000 10 40 244
-1.350000 -2.150000 0.050000 10 40 244
-1.250000 -2.150000 0.050000 10 40 244
-1.350000 -2.050000 0.050000 10 40 244
-1.250000 -2.050000 0.050000 10 40 244
-1.150000 -2.350000 0.050000 10 40 244
-1.050000 -2.350000 0.050000 10 40 244
-1.150000 -2.250000 0.050000 10 40 244
-1.050000 -2.250000 0.050000 10 40 244
-0.950000 -2.350000 0.050000 10 40 244
-0.850000 -2.350000 0.050000 10 40 244
-0.950000 -2.250000 0.050000 10 40 244
-0.850000 -2.250000 0.050000 10 40 244
-1.150000 -2.150000 0.050000 10 40 244
-1.050000 -2.150000 0.050000 10 40 244
-1.150000 -2.050000 0.050000 10 40 244
-1.050000 -2.050000 0.050000 10 40 244
-0.950000 -2.150000 0.050000 10 40 244
-0.850000 -2.150000 0.050000 10 40 244
-0.950000 -2.050000 0.050000 10 40 244
-0.850000 -2.050000 0.050000 10 40 244
-1.550000 -1.950000 0.050000 10 40 244
-1.450000 -1.950000 0.050000 10 40 244
-1.550000 -1.850000 0.050000 10 40 244
-1.450000 -1.850000 0.050000 10 40 244
-1.350000 -1.950000 0.050000 10 40 244
-1.250000 -1.950000 0.050000 10 40 244
-1.350000 -1.850000 0.050000 10 40 244
-1.250000 -1.850000 0.050000 10 40 244
-1.550000 -1.750000 0.050000 10 40 244
-1.450000 -1.750000 0.050000 10 40 244
-1.550000 -1.650000 0.050000 10 40 244
-1.450000 -1.650000 0.050000 10 40 244
-1.350000 -1.750000 0.050000 10 40 244
-1.250000 -1.750000 0.050000 10 40 244
-1.350000 -1.650000 0.050000 10 40 244
-1.250000 -1.650000 0.050000 10 40 244
-1.150000 -1.950000 0.050000 10 40 244
-1.050000 -1.950000 0.050000 10 40 244
-1.150000 -1.850000 0.050000 10 40 244
-1.050000 -1.850000 0.050000 10 40 244
-0.950000 -1.950000 0.050000 10 40 244
-0.850000 -1.950000 0.050000 10 40 244
-0.950000 -1.850000 0.050000 10 40 244
-0.850000 -1.850000 0.050000 10 40 244
-1.150000 -1.750000 0.050000 10 40 244
-1.050000 -1.750000 0.050000 10 40 244
-1.150000 -1.650000 0.050000 10 40 244
-1.050000 -1.650000 0.050000 10 40 244
-0.950000 -1.750000 0.050000 10 40 244
-0.850000 -1.750000 0.050000 10 40 244
-0.950000 -1.650000 0.050000 10 40 244
-0.850000 -1.650000 0.050000 10 40 244
-0.750000 -2.350000 0.050000 10 40 244
-0.650000 -2.350000 0.050000 10 40 244
-0.750000 -2.250000 0.050000 10 40 244
-0.650000 -2.250000 0.050000 10 40 244
-0.550000 -2.350000 0.050000 10 40 244
-0.450000 -2.350000 0.050000 10 40 244
-0.550000 -2.250000 0.050000 10 40 244
-0.450000 -2.250000 0.050000 10 40 244
-0.750000 -2.150000 0.050000 10 40 244
-0.650000 -2.150000 0.050000 10 40 244
-0.750000 -2.050000 0.050000 10 40 244
-0.650000 -2.050000 0.050000 10 40 244
-0.550000 -2.150000 0.050000 10 40 244
-0.450000 -2.150000 0.050000 10 40 244
-0.550000 -2.050000 0.050000 10 40 244
-0.450000 -2.050000 0.050000 10 40 244
-0.350000 -2.350000 0.050000 10 40 244
-0.250000 -2.350000 0.050000 10 40 244
-0.350000 -2.250000 0.050000 10 40 244
-0.250000 -2.250000 0.050000 10 40 244
-0.150000 -2.350000 0.050000 10 40 244
-0.050000 -2.350000 0.050000 10 40 244
-0.150000 -2.250000 0.050000 10 40 244
-0.050000 -2.250000 0.050000 10 40 244
-0.050000 -2.350000 0.150000 20 40 234
-0.050000 -2.250000 0.150000 20 40 234
-0.350000 -2.150000 0.050000 10 40 244
-0.250000 -2.150000 0.050000 10 40 244
-0.350000 -2.050000 0.050000 10 40 244
-0.250000 -2.050000 0.050000 10 40 244
-0.150000 -2.150000 0.050000 10 40 244
-0.050000 -2.150000 0.050000 10 40 244
-0.150000 -2.050000 0.050000 10 40 244
-0.050000 -2.050000 0.050000 10 40 244
-0.050000 -2.150000 0.150000 20 40 234
-0.050000 -2.050000 0.150000 20 40 234
-0.050000 -2.350000 0.250000 30 40 224
-0.050000 -2.250000 0.250000 30 40 224
-0.050000 -2.250000 0.350000 40 40 214
-0.050000 -2.150000 0.250000 30 40 224
-0.050000 -2.050000 0.250000 30 40 224
-0.050000 -2.150000 0.350000 40 40 214
-0.050000 -2.050000 0.350000 40 40 214
-0.750000 -1.950000 0.050000 10 40 244
-0.650000 -1.950000 0.050000 10 40 244
-0.750000 -1.850000 0.050000 10 40 244
-0.650000 -1.850000 0.050000 10 40 244
-0.550000 -1.950000 0.050000 10 40 244
-0.450000 -1.950000 0.050000 10 40 244
-0.550000 -1.850000 0.050000 10 40 244
-0.450000 -1.850000 0.050000 10 40 244
-0.750000 -1.750000 0.050000 10 40 244
-0.650000 -1.750000 0.050000 10 40 244
-0.750000 -1.650000 0.050000 10 40 244
-0.650000 -1.650000 0.050000 10 40 244
-0.550000 -1.750000 0.050000 10 40 244
-0.450000 -1.750000 0.050000 10 40 244
-0.550000 -1.650000 0.050000 10 40 244
-0.450000 -1.650000 0.050000 10 40 244
-0.350000 -1.950000 0.050000 10 40 244
-0.250000 -1.950000 0.050000 10 40 244
-0.350000 -1.850000 0.050000 10 40 244
-0.250000 -1.850000 0.050000 10 40 244
-0.150000 -1.950000 0.050000 10 40 244
-0.050000 -1.950000 0.050000 10 40 244
-0.150000 -1.850000 0.050000 10 40 244
-0.050000 -1.850000 0.050000 10 40 244
-0.050000 -1.950000 0.150000 20 40 234
-0.050000 -1.850000 0.150000 20 40 234
-0.350000 -1.750000 0.050000 10 40 244
-0.250000 -1.750000 0.050000 10 40 244
-0.350000 -1.650000 0.050000 10 40 244
-0.250000 -1.650000 0.050000 10 40 244
-0.150000 -1.750000 0.050000 10 40 244
-0.050000 -1.750000 0.050000 10 40 244
-0.150000 -1.650000 0.050000 10 40 244
-0.050000 -1.650000 0.050000 10 40 244
-0.050000 -1.750000 0.150000 20 40 234
-0.050000 -1.650000 0.150000 20 40 234
-0.050000 -1.950000 0.250000 30 40 224
-0.050000 -1.850000 0.250000 30 40 224
-0.050000 -1.950000 0.350000 40 40 214
-0.050000 -1.850000 0.350000 40 40 214
-0.050000 -1.750000 0.250000 30 40 224
-0.050000 -1.650000 0.250000 30 40 224
-0.050000 -1.750000 0.350000 40 40 214
-0.050000 -1.650000 0.350000 40 40 214
-0.050000 -2.250000 0.450000 50 40 204
-0.050000 -2.150000 0.450000 50 40 204
-0.050000 -2.050000 0.450000 50 40 204
-0.050000 -2.150000 0.550000 61 40 193
-0.050000 -2.050000 0.550000 61 40 193
-0.050000 -2.150000 0.650000 71 40 183
-0.050000 -2.050000 0.650000 71 40 183
-0.050000 -2.050000 0.750000 81 40 173
-0.050000 -1.950000 0.450000 50 40 204
-0.050000 -1.850000 0.450000 50 40 204
-0.050000 -1.950000 0.550000 61 40 193
-0.050000 -1.850000 0.550000 61 40 193
-0.050000 -1.750000 0.450000 50 40 204
-0.050000 -1.650000 0.450000 50 40 204
-0.050000 -1.750000 0.550000 61 40 193
-0.050000 -1.650000 0.550000 61 40 193
-0.050000 -1.950000 0.650000 71 40 183
-0.050000 -1.850000 0.650000 71 40 183
-0.050000 -1.950000 0.750000 81 40 173
-0.050000 -1.850000 0.750000 81 40 173
-0.050000 -1.750000 0.650000 71 40 183
-0.050000 -1.650000 0.650000 71 40 183
-0.050000 -1.750000 0.750000 81 40 173
-0.050000 -1.650000 0.750000 81 40 173
-0.050000 -2.050000 0.850000 91 40 163
-0.050000 -1.950000 0.850000 91 40 163
-0.050000 -1.850000 0.850000 91 40 163
-0.050000 -1.950000 0.950000 101 40 153
-0.050000 -1.850000 0.950000 101 40 153
-0.050000 -1.750000 0.850000 91 40 163
-0.050000 -1.650000 0.850000 91 40 163
-0.050000 -1.750000 0.950000 101 40 153
-0.050000 -1.650000 0.950000 101 40 153
-0.050000 -1.950000 1.050000 112 40 142
-0.050000 -1.850000 1.050000 112 40 142
-0.050000 -1.850000 1.150000 122 40 132
-0.050000 -1.750000 1.050000 112 40 142
-0.050000 -1.650000 1.050000 112 40 142
-0.050000 -1.750000 1.150000 122 40 132
-0.050000 -1.650000 1.150000 122 40 132
-0.050000 -1.750000 1.250000 132 40 122
-0.050000 -1.650000 1.250000 132 40 122
-0.050000 -1.750000 1.350000 142 40 112
-0.050000 -1.650000 1.350000 142 40 112
-0.050000 -1.650000 1.450000 153 40 101
-0.050000 -1.650000 1.550000 163 40 91
-3.150000 -1.550000 0.050000 10 40 244
-3.050000 -1.550000 0.050000 10 40 244
-3.150000 -1.450000 0.050000 10 40 244
-3.050000 -1.450000 0.050000 10 40 244
-2.950000 -1.550000 0.050000 10 40 244
-2.850000 -1.550000 0.050000 10 40 244
-2.950000 -1.450000 0.050000 10 40 244
-2.850000 -1.450000 0.050000 10 40 244
-3.150000 -1.350000 0.050000 10 40 244
-3.050000 -1.350000 0.050000 10 40 244
-3.150000 -1.250000 0.050000 10 40 244
-3.050000 -1.250000 0.050000 10 40 244
-2.950000 -1.350000 0.050000 10 40 244
-2.850000 -1.350000 0.050000 10 40 244
-2.950000 -1.250000 0.050000 10 40 244
-2.850000 -1.250000 0.050000 10 40 244
-2.750000 -1.550000 0.050000 10 40 244
-2.650000 -1.550000 0.050000 10 40 244
-2.750000 -1.450000 0.050000 10 40 244
-2.650000 -1.450000 0.050000 10 40 244
-2.550000 -1.550000 0.050000 10 40 244
-2.450000 -1.550000 0.050000 10 40 244
-2.550000 -1.450000 0.050000 10 40 244
-2.450000 -1.450000 0.050000 10 40 244
-2.750000 -1.350000 0.050000 10 40 244
-2.650000 -1.350000 0.050000 10 40 244
-2.750000 -1.250000 0.050000 10 40 244
-2.650000 -1.250000 0.050000 10 40 244
-2.550000 -1.350000 0.050000 10 40 244
-2.450000 -1.350000 0.050000 10 40 244
-2.550000 -1.250000 0.050000 10 40 244
-2.450000 -1.250000 0.050000 10 40 244
-3.150000 -1.150000 0.050000 10 40 244
-3.050000 -1.150000 0.050000 10 40 244
-3.150000 -1.050000 0.050000 10 40 244
-3.050000 -1.050000 0.050000 10 40 244
-2.950000 -1.150000 0.050000 10 40 244
-2.850000 -1.150000 0.050000 10 40 244
-2.950000 -1.050000 0.050000 10 40 244
-2.850000 -1.050000 0.050000 10 40 244
-3.150000 -0.950000 0.050000 10 40 244
-3.050000 -0.950000 0.050000 10 40 244
-3.150000 -0.850000 0.050000 10 40 244
-3.050000 -0.850000 0.050000 10 40 244
-2.950000 -0.950000 0.050000 10 40 244
-2.850000 -0.950000 0.050000 10 40 244
-2.950000 -0.850000 0.050000 10 40 244
-2.850000 -0.850000 0.050000 10 40 244
-2.750000 -1.150000 0.050000 10 40 244
-2.650000 -1.150000 0.050000 10 40 244
-2.750000 -1.050000 0.050000 10 40 244
-2.650000 -1.050000 0.050000 10 40 244
-2.550000 -1.150000 0.050000 10 40 244
-2.450000 -1.150000 0.050000 10 40 244
-2.550000 -1.050000 0.050000 10 40 244
-2.450000 -1.050000 0.050000 10 40 244
-2.750000 -0.950000 0.050000 10 40 244
-2.650000 -0.950000 0.050000 10 40 244
-2.750000 -0.850000 0.050000 10 40 244
-2.650000 -0.850000 0.050000 10 40 244
-2.550000 -0.950000 0.050000 10 40 244
-2.450000 -0.950000 0.050000 10 40 244
-2.550000 -0.850000 0.050000 10 40 244
-2.450000 -0.850000 0.050000 10 40 244
-2.350000 -1.550000 0.050000 10 40 244
-2.250000 -1.550000 0.050000 10 40 244
-2.350000 -1.450000 0.050000 10 40 244
-2.250000 -1.450000 0.050000 10 40 244
-2.150000 -1.550000 0.050000 10 40 244
-2.050000 -1.550000 0.050000 10 40 244
-2.150000 -1.450000 0.050000 10 40 244
-2.050000 -1.450000 0.050000 10 40 244
-2.350000 -1.350000 0.050000 10 40 244
-2.250000 -1.350000 0.050000 10 40 244
-2.350000 -1.250000 0.050000 10 40 244
-2.250000 -1.250000 0.050000 10 40 244
-2.150000 -1.350000 0.050000 10 40 244
-2.050000 -1.350000 0.050000 10 40 244
-2.150000 -1.250000 0.050000 10 40 244
-2.050000 -1.250000 0.050000 10 40 244
-1.950000 -1.550000 0.050000 10 40 244
-1.850000 -1.550000 0.050000 10 40 244
-1.950000 -1.450000 0.050000 10 40 244
-1.850000 -1.450000 0.050000 10 40 244
-1.750000 -1.550000 0.050000 10 40 244
-1.650000 -1.550000 0.050000 10 40 244
-1.750000 -1.450000 0.050000 10 40 244
-1.650000 -1.450000 0.050000 10 40 244
-1.950000 -1.350000 0.050000 10 40 244
-1.850000 -1.350000 0.050000 10 40 244
-1.950000 -1.250000 0.050000 10 40 244
-1.850000 -1.250000 0.050000 10 40 244
-1.750000 -1.350000 0.050000 10 40 244
-1.650000 -1.350000 0.050000 10 40 244
-1.750000 -1.250000 0.050000 10 40 244
-1.650000 -1.250000 0.050000 10 40 244
-2.350000 -1.150000 0.050000 10 40 244
-2.250000 -1.150000 0.050000 10 40 244
-2.350000 -1.050000 0.050000 10 40 244
-2.250000 -1.050000 0.050000 10 40 244
-2.150000 -1.150000 0.050000 10 40 244
-2.050000 -1.150000 0.050000 10 40 244
-2.150000 -1.050000 0.050000 10 40 244
-2.050000 -1.050000 0.050000 10 40 244
-2.350000 -0.950000 0.050000 10 40 244
-2.250000 -0.950000 0.050000 10 40 244
-2.350000 -0.850000 0.050000 10 40 244
-2.250000 -0.850000 0.050000 10 40 244
-2.150000 -0.950000 0.050000 10 40 244
-2.050000 -0.950000 0.050000 10 40 244
-2.150000 -0.850000 0.050000 10 40 244
-2.050000 -0.850000 0.050000 10 40 244
-1.950000 -1.150000 0.050000 10 40 244
-1.850000 -1.150000 0.050000 10 40 244
-1.950000 -1.050000 0.050000 10 40 244
-1.850000 -1.050000 0.050000 10 40 244
-1.750000 -1.150000 0.050000 10 40 244
-1.650000 -1.150000 0.050000 10 40 244
-1.750000 -1.050000 0.050000 10 40 244
-1.650000 -1.050000 0.050000 10 40 244
-1.950000 -0.950000 0.050000 10 40 244
-1.850000 -0.950000 0.050000 10 40 244
-1.950000 -0.850000 0.050000 10 40 244
-1.850000 -0.850000 0.050000 10 40 244
-1.750000 -0.950000 0.050000 10 40 244
-1.650000 -0.950000 0.050000 10 40 244
-1.750000 -0.850000 0.050000 10 40 244
-1.650000 -0.850000 0.050000 10 40 244
-3.150000 -0.750000 0.050000 10 40 244
-3.050000 -0.750000 0.050000 10 40 244
-3.150000 -0.650000 0.050000 10 40 244
-3.050000 -0.650000 0.050000 10 40 244
-2.950000 -0.750000 0.050000 10 40 244
-2.850000 -0.750000 0.050000 10 40 244
-2.950000 -0.650000 0.050000 10 40 244
-2.850000 -0.650000 0.050000 10 40 244
-3.150000 -0.550000 0.050000 10 40 244
-3.050000 -0.550000 0.050000 10 40 244
-3.150000 -0.450000 0.050000 10 40 244
-3.050000 -0.450000 0.050000 10 40 244
-2.950000 -0.550000 0.050000 10 40 244
-2.850000 -0.550000 0.050000 10 40 244
-2.950000 -0.450000 0.050000 10 40 244
-2.850000 -0.450000 0.050000 10 40 244
-2.750000 -0.750000 0.050000 10 40 244
-2.650000 -0.750000 0.050000 10 40 244
-2.750000 -0.650000 0.050000 10 40 244
-2.650000 -0.650000 0.050000 10 40 244
-2.550000 -0.750000 0.050000 10 40 244
-2.450000 -0.750000 0.050000 10 40 244
-2.550000 -0.650000 0.050000 10 40 244
-2.450000 -0.650000 0.050000 10 40 244
-2.750000 -0.550000 0.050000 10 40 244
-2.650000 -0.550000 0.050000 10 40 244
-2.750000 -0.450000 0.050000 10 40 244
-2.650000 -0.450000 0.050000 10 40 244
-2.550000 -0.550000 0.050000 10 40 244
-2.450000 -0.550000 0.050000 10 40 244
-2.550000 -0.450000 0.050000 10 40 244
-2.450000 -0.450000 0.050000 10 40 244
-3.150000 -0.350000 0.050000 10 40 244
-3.050000 -0.350000 0.050000 10 40 244
-3.150000 -0.250000 0.050000 10 40 244
-3.050000 -0.250000 0.050000 10 40 244
-2.950000 -0.350000 0.050000 10 40 244
-2.850000 -0.350000 0.050000 10 40 244
-2.950000 -0.250000 0.050000 10 40 244
-2.850000 -0.250000 0.050000 10 40 244
-3.150000 -0.150000 0.050000 10 40 244
-3.050000 -0.150000 0.050000 10 40 244
-3.150000 -0.050000 0.050000 10 40 244
-3.050000 -0.050000 0.050000 10 40 244
-2.950000 -0.150000 0.050000 10 40 244
-2.850000 -0.150000 0.050000 10 40 244
-2.950000 -0.050000 0.050000 10 40 244
-2.850000 -0.050000 0.050000 10 40 244
-2.750000 -0.350000 0.050000 10 40 244
-2.650000 -0.350000 0.050000 10 40 244
-2.750000 -0.250000 0.050000 10 40 244
-2.650000 -0.250000 0.050000 10 40 244
-2.550000 -0.350000 0.050000 10 40 244
-2.450000 -0.350000 0.050000 10 40 244
-2.550000 -0.250000 0.050000 10 40 244
-2.450000 -0.250000 0.050000 10 40 244
-2.750000 -0.150000 0.050000 10 40 244
-2.650000 -0.150000 0.050000 10 40 244
-2.750000 -0.050000 0.050000 10 40 244
-2.650000 -0.050000 0.050000 10 40 244
-2.550000 -0.150000 0.050000 10 40 244
-2.450000 -0.150000 0.050000 10 40 244
-2.550000 -0.050000 0.050000 10 40 244
-2.450000 -0.050000 0.050000 10 40 244
-2.350000 -0.750000 0.050000 10 40 244
-2.250000 -0.750000 0.050000 10 40 244
-2.350000 -0.650000 0.050000 10 40 244
-2.250000 -0.650000 0.050000 10 40 244
-2.150000 -0.750000 0.050000 10 40 244
-2.050000 -0.750000 0.050000 10 40 244
-2.150000 -0.650000 0.050000 10 40 244
-2.050000 -0.650000 0.050000 10 40 244
-2.350000 -0.550000 0.050000 10 40 244
-2.250000 -0.550000 0.050000 10 40 244
-2.350000 -0.450000 0.050000 10 40 244
-2.250000 -0.450000 0.050000 10 40 244
-2.150000 -0.550000 0.050000 10 40 244
-2.050000 -0.550000 0.050000 10 40 244
-2.150000 -0.450000 0.050000 10 40 244
-2.050000 -0.450000 0.050000 10 40 244
-1.950000 -0.750000 0.050000 10 40 244
-1.850000 -0.750000 0.050000 10 40 244
-1.950000 -0.650000 0.050000 10 40 244
-1.850000 -0.650000 0.050000 10 40 244
-1.750000 -0.750000 0.050000 10 40 244
-1.650000 -0.750000 0.050000 10 40 244
-1.750000 -0.650000 0.050000 10 40 244
-1.650000 -0.650000 0.050000 10 40 244
-1.950000 -0.550000 0.050000 10 40 244
-1.850000 -0.550000 0.050000 10 40 244
-1.950000 -0.450000 0.050000 10 40 244
-1.850000 -0.450000 0.050000 10 40 244
-1.750000 -0.550000 0.050000 10 40 244
-1.650000 -0.550000 0.050000 10 40 244
-1.750000 -0.450000 0.050000 10 40 244
-1.650000 -0.450000 0.050000 10 40 244
-2.350000 -0.350000 0.050000 10 40 244
-2.250000 -0.350000 0.050000 10 40 244
-2.350000 -0.250000 0.050000 10 40 244
-2.250000 -0.250000 0.050000 10 40 244
-2.150000 -0.350000 0.050000 10 40 244
-2.050000 -0.350000 0.050000 10 40 244
-2.150000 -0.250000 0.050000 10 40 244
-2.050000 -0.250000 0.050000 10 40 244
-2.350000 -0.150000 0.050000 10 40 244
-2.250000 -0.150000 0.050000 10 40 244
-2.350000 -0.050000 0.050000 10 40 244
-2.250000 -0.050000 0.050000 10 40 244
-2.150000 -0.150000 0.050000 10 40 244
-2.050000 -0.150000 0.050000 10 40 244
-2.150000 -0.050000 0.050000 10 40 244
-2.050000 -0.050000 0.050000 10 40 244
-1.950000 -0.350000 0.050000 10 40 244
-1.850000 -0.350000 0.050000 10 40 244
-1.950000 -0.250000 0.050000 10 40 244
-1.850000 -0.250000 0.050000 10 40 244
-1.750000 -0.350000 0.050000 10 40 244
-1.650000 -0.350000 0.050000 10 40 244
-1.750000 -0.250000 0.050000 10 40 244
-1.650000 -0.250000 0.050000 10 40 244
-1.950000 -0.150000 0.050000 10 40 244
-1.850000 -0.150000 0.050000 10 40 244
-1.950000 -0.050000 0.050000 10 40 244
-1.850000 -0.050000 0.050000 10 40 244
-1.750000 -0.150000 0.050000 10 40 244
-1.650000 -0.150000 0.050000 10 40 244
-1.750000 -0.050000 0.050000 10 40 244
-1.650000 -0.050000 0.050000 10 40 244
-1.550000 -1.550000 0.050000 10 40 244
-1.450000 -1.550000 0.050000 10 40 244
-1.550000 -1.450000 0.050000 10 40 244
-1.450000 -1.450000 0.050000 10 40 244
-1.350000 -1.550000 0.050000 10 40 244
-1.250000 -1.550000 0.050000 10 40 244
-1.350000 -1.450000 0.050000 10 40 244
-1.250000 -1.450000 0.050000 10 40 244
-1.550000 -1.350000 0.050000 10 40 244
-1.450000 -1.350000 0.050000 10 40 244
-1.550000 -1.250000 0.050000 10 40 244
-1.450000 -1.250000 0.050000 10 40 244
-1.350000 -1.350000 0.050000 10 40 244
-1.250000 -1.350000 0.050000 10 40 244
-1.350000 -1.250000 0.050000 10 40 244
-1.250000 -1.250000 0.050000 10 40 244
-1.150000 -1.550000 0.050000 10 40 244
-1.050000 -1.550000 0.050000 10 40 244
-1.150000 -1.450000 0.050000 10 40 244
-1.050000 -1.450000 0.050000 10 40 244
-0.950000 -1.550000 0.050000 10 40 244
-0.850000 -1.550000 0.050000 10 40 244
-0.950000 -1.450000 0.050000 10 40 244
-0.850000 -1.450000 0.050000 10 40 244
-1.150000 -1.350000 0.050000 10 40 244
-1.050000 -1.350000 0.050000 10 40 244
-1.150000 -1.250000 0.050000 10 40 244
-1.050000 -1.250000 0.050000 10 40 244
-0.950000 -1.350000 0.050000 10 40 244
-0.850000 -1.350000 0.050000 10 40 244
-0.950000 -1.250000 0.050000 10 40 244
-0.850000 -1.250000 0.050000 10 40 244
-1.550000 -1.150000 0.050000 10 40 244
-1.450000 -1.150000 0.050000 10 40 244
-1.550000 -1.050000 0.050000 10 40 244
-1.450000 -1.050000 0.050000 10 40 244
-1.350000 -1.150000 0.050000 10 40 244
-1.250000 -1.150000 0.050000 10 40 244
-1.350000 -1.050000 0.050000 10 40 244
-1.250000 -1.050000 0.050000 10 40 244
-1.550000 -0.950000 0.050000 10 40 244
-1.450000 -0.950000 0.050000 10 40 244
-1.550000 -0.850000 0.050000 10 40 244
-1.450000 -0.850000 0.050000 10 40 244
-1.350000 -0.950000 0.050000 10 40 244
-1.250000 -0.950000 0.050000 10 40 244
-1.350000 -0.850000 0.050000 10 40 244
-1.250000 -0.850000 0.050000 10 40 244
-1.150000 -1.150000 0.050000 10 40 244
-1.050000 -1.150000 0.050000 10 40 244
-1.150000 -1.050000 0.050000 10 40 244
-1.050000 -1.050000 0.050000 10 40 244
-0.950000 -1.150000 0.050000 10 40 244
-0.850000 -1.150000 0.050000 10 40 244
-0.950000 -1.050000 0.050000 10 40 244
-0.850000 -1.050000 0.050000 10 40 244
-1.150000 -0.950000 0.050000 10 40 244
-1.050000 -0.950000 0.050000 10 40 244
-1.150000 -0.850000 0.050000 10 40 244
-1.050000 -0.850000 0.050000 10 40 244
-0.950000 -0.950000 0.050000 10 40 244
-0.850000 -0.950000 0.050000 10 40 244
-0.950000 -0.850000 0.050000 10 40 244
-0.850000 -0.850000 0.050000 10 40 244
-0.750000 -1.550000 0.050000 10 40 244
-0.650000 -1.550000 0.050000 10 40 244
-0.750000 -1.450000 0.050000 10 40 244
-0.650000 -1.450000 0.050000 10 40 244
-0.550000 -1.550000 0.050000 10 40 244
-0.450000 -1.550000 0.050000 10 40 244
-0.550000 -1.450000 0.050000 10 40 244
-0.450000 -1.450000 0.050000 10 40 244
-0.750000 -1.350000 0.050000 10 40 244
-0.650000 -1.350000 0.050000 10 40 244
-0.750000 -1.250000 0.050000 10 40 244
-0.650000 -1.250000 0.050000 10 40 244
-0.550000 -1.350000 0.050000 10 40 244
-0.450000 -1.350000 0.050000 10 40 244
-0.550000 -1.250000 0.050000 10 40 244
-0.450000 -1.250000 0.050000 10 40 244
-0.350000 -1.550000 0.050000 10 40 244
-0.250000 -1.550000 0.050000 10 40 244
-0.350000 -1.450000 0.050000 10 40 244
-0.250000 -1.450000 0.050000 10 40 244
-0.150000 -1.550000 0.050000 10 40 244
-0.050000 -1.550000 0.050000 10 40 244
-0.150000 -1.450000 0.050000 10 40 244
-0.050000 -1.450000 0.050000 10 40 244
-0.050000 -1.550000 0.150000 20 40 234
-0.050000 -1.450000 0.150000 20 40 234
-0.350000 -1.350000 0.050000 10 40 244
-0.250000 -1.350000 0.050000 10 40 244
-0.350000 -1.250000 0.050000 10 40 244
-0.250000 -1.250000 0.050000 10 40 244
-0.150000 -1.350000 0.050000 10 40 244
-0.050000 -1.350000 0.050000 10 40 244
-0.150000 -1.250000 0.050000 10 40 244
-0.050000 -1.250000 0.050000 10 40 244
-0.050000 -1.350000 0.150000 20 40 234
-0.050000 -1.250000 0.150000 20 40 234
-0.050000 -1.550000 0.250000 30 40 224
-0.050000 -1.450000 0.250000 30 40 224
-0.050000 -1.550000 0.350000 40 40 214
-0.050000 -1.450000 0.350000 40 40 214
-0.050000 -1.350000 0.250000 30 40 224
-0.050000 -1.250000 0.250000 30 40 224
-0.050000 -1.350000 0.350000 40 40 214
-0.050000 -1.250000 0.350000 40 40 214
-0.750000 -1.150000 0.050000 10 40 244
-0.650000 -1.150000 0.050000 10 40 244
-0.750000 -1.050000 0.050000 10 40 244
-0.650000 -1.050000 0.050000 10 40 244
-0.550000 -1.150000 0.050000 10 40 244
-0.450000 -1.150000 0.050000 10 40 244
-0.550000 -1.050000 0.050000 10 40 244
-0.450000 -1.050000 0.050000 10 40 244
-0.750000 -0.950000 0.050000 10 40 244
-0.650000 -0.950000 0.050000 10 40 244
-0.750000 -0.850000 0.050000 10 40 244
-0.650000 -0.850000 0.050000 10 40 244
-0.550000 -0.950000 0.050000 10 40 244
-0.450000 -0.950000 0.050000 10 40 244
-0.550000 -0.850000 0.050000 10 40 244
-0.450000 -0.850000 0.050000 10 40 244
-0.350000 -1.150000 0.050000 10 40 244
-0.250000 -1.150000 0.050000 10 40 244
-0.350000 -1.050000 0.050000 10 40 244
-0.250000 -1.050000 0.050000 10 40 244
-0.150000 -1.150000 0.050000 10 40 244
-0.050000 -1.150000 0.050000 10 40 244
-0.150000 -1.050000 0.050000 10 40 244
-0.050000 -1.050000 0.050000 10 40 244
-0.050000 -1.150000 0.150000 20 40 234
-0.050000 -1.050000 0.150000 20 40 234
-0.350000 -0.950000 0.050000 10 40 244
-0.250000 -0.950000 0.050000 10 40 244
-0.350000 -0.850000 0.050000 10 40 244
-0.250000 -0.850000 0.050000 10 40 244
-0.150000 -0.950000 0.050000 10 40 244
-0.050000 -0.950000 0.050000 10 40 244
-0.150000 -0.850000 0.050000 10 40 244
-0.050000 -0.850000 0.050000 10 40 244
-0.050000 -0.950000 0.150000 20 40 234
-0.050000 -0.850000 0.150000 20 40 234
-0.050000 -1.150000 0.250000 30 40 224
-0.050000 -1.050000 0.250000 30 40 224
-0.050000 -1.150000 0.350000 40 40 214
-0.050000 -1.050000 0.350000 40 40 214
-0.050000 -0.950000 0.250000 30 40 224
-0.050000 -0.850000 0.250000 30 40 224
-0.050000 -0.950000 0.350000 40 40 214
-0.050000 -0.850000 0.350000 40 40 214
-0.050000 -1.550000 0.450000 50 40 204
-0.050000 -1.450000 0.450000 50 40 204
-0.050000 -1.550000 0.550000 61 40 193
-0.050000 -1.450000 0.550000 61 40 193
-0.050000 -1.350000 0.450000 50 40 204
-0.050000 -1.250000 0.450000 50 40 204
-0.050000 -1.350000 0.550000 61 40 193
-0.050000 -1.250000 0.550000 61 40 193
-0.050000 -1.550000 0.650000 71 40 183
-0.050000 -1.450000 0.650000 71 40 183
-0.050000 -1.550000 0.750000 81 40 173
-0.050000 -1.450000 0.750000 81 40 173
-0.050000 -1.350000 0.650000 71 40 183
-0.050000 -1.250000 0.650000 71 40 183
-0.050000 -1.350000 0.750000 81 40 173
-0.050000 -1.250000 0.750000 81 40 173
-0.050000 -1.150000 0.450000 50 40 204
-0.050000 -1.050000 0.450000 50 40 204
-0.050000 -1.150000 0.550000 61 40 193
-0.050000 -1.050000 0.550000 61 40 193
-0.050000 -0.950000 0.450000 50 40 204
-0.050000 -0.850000 0.450000 50 40 204
-0.050000 -0.950000 0.550000 61 40 193
-0.050000 -0.850000 0.550000 61 40 193
-0.050000 -1.150000 0.650000 71 40 183
-0.050000 -1.050000 0.650000 71 40 183
-0.050000 -1.150000 0.750000 81 40 173
-0.050000 -1.050000 0.750000 81 40 173
-0.050000 -0.950000 0.650000 71 40 183
-0.050000 -0.850000 0.650000 71 40 183
-0.050000 -0.950000 0.750000 81 40 173
-0.050000 -0.850000 0.750000 81 40 173
-1.550000 -0.750000 0.050000 10 40 244
-1.450000 -0.750000 0.050000 10 40 244
-1.550000 -0.650000 0.050000 10 40 244
-1.450000 -0.650000 0.050000 10 40 244
-1.350000 -0.750000 0.050000 10 40 244
-1.250000 -0.750000 0.050000 10 40 244
-1.350000 -0.650000 0.050000 10 40 244
-1.250000 -0.650000 0.050000 10 40 244
-1.550000 -0.550000 0.050000 10 40 244
-1.450000 -0.550000 0.050000 10 40 244
-1.550000 -0.450000 0.050000 10 40 244
-1.450000 -0.450000 0.050000 10 40 244
-1.350000 -0.550000 0.050000 10 40 244
-1.250000 -0.550000 0.050000 10 40 244
-1.350000 -0.450000 0.050000 10 40 244
-1.250000 -0.450000 0.050000 10 40 244
-1.150000 -0.750000 0.050000 10 40 244
-1.050000 -0.750000 0.050000 10 40 244
-1.150000 -0.650000 0.050000 10 40 244
-1.050000 -0.650000 0.050000 10 40 244
-0.950000 -0.750000 0.050000 10 40 244
-0.850000 -0.750000 0.050000 10 40 244
-0.950000 -0.650000 0.050000 10 40 244
-0.850000 -0.650000 0.050000 10 40 244
-1.150000 -0.550000 0.050000 10 40 244
-1.050000 -0.550000 0.050000 10 40 244
-1.150000 -0.450000 0.050000 10 40 244
-1.050000 -0.450000 0.050000 10 40 244
-0.950000 -0.550000 0.050000 10 40 244
-0.850000 -0.550000 0.050000 10 40 244
-0.950000 -0.450000 0.050000 10 40 244
-0.850000 -0.450000 0.050000 10 40 244
-1.550000 -0.350000 0.050000 10 40 244
-1.450000 -0.350000 0.050000 10 40 244
-1.550000 -0.250000 0.050000 10 40 244
-1.450000 -0.250000 0.050000 10 40 244
-1.350000 -0.350000 0.050000 10 40 244
-1.250000 -0.350000 0.050000 10 40 244
-1.350000 -0.250000 0.050000 10 40 244
-1.250000 -0.250000 0.050000 10 40 244
-1.550000 -0.150000 0.050000 10 40 244
-1.450000 -0.150000 0.050000 10 40 244
-1.550000 -0.050000 0.050000 10 40 244
-1.450000 -0.050000 0.050000 10 40 244
-1.350000 -0.150000 0.050000 10 40 244
-1.250000 -0.150000 0.050000 10 40 244
-1.350000 -0.050000 0.050000 10 40 244
-1.250000 -0.050000 0.050000 10 40 244
-1.150000 -0.350000 0.050000 10 40 244
-1.050000 -0.350000 0.050000 10 40 244
-1.150000 -0.250000 0.050000 10 40 244
-1.050000 -0.250000 0.050000 10 40 244
-0.950000 -0.350000 0.050000 10 40 244
-0.850000 -0.350000 0.050000 10 40 244
-0.950000 -0.250000 0.050000 10 40 244
-0.850000 -0.250000 0.050000 10 40 244
-1.150000 -0.150000 0.050000 10 40 244
-1.050000 -0.150000 0.050000 10 40 244
-1.150000 -0.050000 0.050000 10 40 244
-1.050000 -0.050000 0.050000 10 40 244
-0.950000 -0.150000 0.050000 10 40 244
-0.850000 -0.150000 0.050000 10 40 244
-0.950000 -0.050000 0.050000 10 40 244
-0.850000 -0.050000 0.050000 10 40 244
-0.750000 -0.750000 0.050000 10 40 244
-0.650000 -0.750000 0.050000 10 40 244
-0.750000 -0.650000 0.050000 10 40 244
-0.650000 -0.650000 0.050000 10 40 244
-0.550000 -0.750000 0.050000 10 40 244
-0.450000 -0.750000 0.050000 10 40 244
-0.550000 -0.650000 0.050000 10 40 244
-0.450000 -0.650000 0.050000 10 40 244
-0.550000 -0.650000 0.150000 20 40 234
-0.450000 -0.650000 0.150000 20 40 234
-0.750000 -0.550000 0.050000 10 40 244
-0.650000 -0.550000 0.050000 10 40 244
-0.750000 -0.450000 0.050000 10 40 244
-0.650000 -0.450000 0.050000 10 40 244
-0.550000 -0.550000 0.050000 10 40 244
-0.450000 -0.550000 0.050000 10 40 244
-0.550000 -0.450000 0.050000 10 40 244
-0.450000 -0.450000 0.050000 10 40 244
-0.750000 -0.650000 0.350000 40 40 214
-0.650000 -0.650000 0.350000 40 40 214
-0.550000 -0.650000 0.350000 40 40 214
-0.450000 -0.650000 0.350000 40 40 214
-0.350000 -0.750000 0.050000 10 40 244
-0.250000 -0.750000 0.050000 10 40 244
-0.350000 -0.650000 0.150000 20 40 234
-0.250000 -0.650000 0.150000 20 40 234
-0.150000 -0.750000 0.050000 10 40 244
-0.050000 -0.750000 0.050000 10 40 244
-0.050000 -0.750000 0.150000 20 40 234
-0.150000 -0.650000 0.150000 20 40 234
-0.050000 -0.650000 0.150000 20 40 234
-0.350000 -0.650000 0.350000 40 40 214
-0.250000 -0.650000 0.350000 40 40 214
-0.050000 -0.750000 0.250000 30 40 224
-0.050000 -0.650000 0.250000 30 40 224
-0.050000 -0.750000 0.350000 40 40 214
-0.150000 -0.650000 0.350000 40 40 214
-0.050000 -0.650000 0.350000 40 40 214
-0.750000 -0.350000 0.050000 10 40 244
-0.650000 -0.350000 0.050000 10 40 244
-0.750000 -0.250000 0.050000 10 40 244
-0.650000 -0.250000 0.050000 10 40 244
-0.550000 -0.350000 0.050000 10 40 244
-0.450000 -0.350000 0.050000 10 40 244
-0.550000 -0.250000 0.050000 10 40 244
-0.450000 -0.250000 0.050000 10 40 244
-0.750000 -0.150000 0.050000 10 40 244
-0.650000 -0.150000 0.050000 10 40 244
-0.750000 -0.050000 0.050000 10 40 244
-0.650000 -0.050000 0.050000 10 40 244
-0.550000 -0.150000 0.050000 10 40 244
-0.450000 -0.150000 0.050000 10 40 244
-0.550000 -0.050000 0.050000 10 40 244
-0.450000 -0.050000 0.050000 10 40 244
-0.750000 -0.650000 0.450000 50 40 204
-0.650000 -0.650000 0.450000 50 40 204
-0.550000 -0.650000 0.450000 50 40 204
-0.750000 -0.550000 0.450000 50 40 204
-0.650000 -0.550000 0.450000 50 40 204
-0.750000 -0.550000 0.550000 61 40 193
-0.650000 -0.550000 0.550000 61 40 193
-0.750000 -0.450000 0.550000 61 40 193
-0.650000 -0.450000 0.550000 61 40 193
-0.550000 -0.550000 0.450000 50 40 204
-0.450000 -0.550000 0.450000 50 40 204
-0.550000 -0.550000 0.550000 61 40 193
-0.450000 -0.550000 0.550000 61 40 193
-0.550000 -0.450000 0.550000 61 40 193
-0.450000 -0.450000 0.550000 61 40 193
-0.750000 -0.450000 0.650000 71 40 183
-0.650000 -0.450000 0.650000 71 40 183
-0.550000 -0.450000 0.650000 71 40 183
-0.450000 -0.450000 0.650000 71 40 183
-0.350000 -0.650000 0.450000 50 40 204
-0.250000 -0.650000 0.450000 50 40 204
-0.050000 -0.750000 0.450000 50 40 204
-0.150000 -0.650000 0.450000 50 40 204
-0.050000 -0.650000 0.450000 50 40 204
-0.050000 -0.750000 0.550000 61 40 193
-0.350000 -0.550000 0.450000 50 40 204
-0.250000 -0.550000 0.450000 50 40 204
-0.350000 -0.550000 0.550000 61 40 193
-0.250000 -0.550000 0.550000 61 40 193
-0.350000 -0.450000 0.550000 61 40 193
-0.250000 -0.450000 0.550000 61 40 193
-0.150000 -0.550000 0.450000 50 40 204
-0.050000 -0.550000 0.450000 50 40 204
-0.150000 -0.550000 0.550000 61 40 193
-0.050000 -0.550000 0.550000 61 40 193
-0.150000 -0.450000 0.550000 61 40 193
-0.050000 -0.450000 0.550000 61 40 193
-0.050000 -0.750000 0.650000 71 40 183
-0.050000 -0.750000 0.750000 81 40 173
-0.350000 -0.450000 0.650000 71 40 183
-0.250000 -0.450000 0.650000 71 40 183
-0.150000 -0.450000 0.650000 71 40 183
-0.050000 -0.450000 0.650000 71 40 183
-0.750000 -0.350000 0.650000 71 40 183
-0.650000 -0.350000 0.650000 71 40 183
-0.750000 -0.250000 0.650000 71 40 183
-0.650000 -0.250000 0.650000 71 40 183
-0.750000 -0.250000 0.750000 81 40 173
-0.650000 -0.250000 0.750000 81 40 173
-0.550000 -0.350000 0.650000 71 40 183
-0.450000 -0.350000 0.650000 71 40 183
-0.550000 -0.250000 0.650000 71 40 183
-0.450000 -0.250000 0.650000 71 40 183
-0.550000 -0.250000 0.750000 81 40 173
-0.450000 -0.250000 0.750000 81 40 173
-0.750000 -0.150000 0.750000 81 40 173
-0.650000 -0.150000 0.750000 81 40 173
-0.750000 -0.050000 0.750000 81 40 173
-0.650000 -0.050000 0.750000 81 40 173
-0.550000 -0.150000 0.750000 81 40 173
-0.450000 -0.150000 0.750000 81 40 173
-0.550000 -0.050000 0.750000 81 40 173
-0.450000 -0.050000 0.750000 81 40 173
-0.350000 -0.350000 0.650000 71 40 183
-0.250000 -0.350000 0.650000 71 40 183
-0.350000 -0.250000 0.650000 71 40 183
-0.250000 -0.250000 0.650000 71 40 183
-0.350000 -0.250000 0.750000 81 40 173
-0.250000 -0.250000 0.750000 81 40 173
-0.150000 -0.350000 0.650000 71 40 183
-0.050000 -0.350000 0.650000 71 40 183
-0.150000 -0.250000 0.650000 71 40 183
-0.050000 -0.250000 0.650000 71 40 183
-0.150000 -0.250000 0.750000 81 40 173
-0.050000 -0.250000 0.750000 81 40 173
-0.350000 -0.150000 0.750000 81 40 173
-0.250000 -0.150000 0.750000 81 40 173
-0.350000 -0.050000 0.750000 81 40 173
-0.250000 -0.050000 0.750000 81 40 173
-0.150000 -0.150000 0.750000 81 40 173
-0.050000 -0.150000 0.750000 81 40 173
-0.150000 -0.050000 0.750000 81 40 173
-0.050000 -0.050000 0.750000 81 40 173
-0.050000 -1.550000 0.850000 91 40 163
-0.050000 -1.450000 0.850000 91 40 163
-0.050000 -1.550000 0.950000 101 40 153
-0.050000 -1.450000 0.950000 101 40 153
-0.050000 -1.350000 0.850000 91 40 163
-0.050000 -1.250000 0.850000 91 40 163
-0.050000 -1.350000 0.950000 101 40 153
-0.050000 -1.250000 0.950000 101 40 153
-0.050000 -1.550000 1.050000 112 40 142
-0.050000 -1.450000 1.050000 112 40 142
-0.050000 -1.550000 1.150000 122 40 132
-0.050000 -1.450000 1.150000 122 40 132
-0.050000 -1.350000 1.050000 112 40 142
-0.050000 -1.250000 1.050000 112 40 142
-0.050000 -1.350000 1.150000 122 40 132
-0.050000 -1.250000 1.150000 122 40 132
-0.050000 -1.150000 0.850000 91 40 163
-0.050000 -1.050000 0.850000 91 40 163
-0.050000 -1.150000 0.950000 101 40 153
-0.050000 -1.050000 0.950000 101 40 153
-0.050000 -0.950000 0.850000 91 40 163
-0.050000 -0.850000 0.850000 91 40 163
-0.050000 -0.950000 0.950000 101 40 153
-0.050000 -0.850000 0.950000 101 40 153
-0.050000 -1.150000 1.050000 112 40 142
-0.050000 -1.050000 1.050000 112 40 142
-0.050000 -1.150000 1.150000 122 40 132
-0.050000 -1.050000 1.150000 122 40 132
-0.050000 -0.950000 1.050000 112 40 142
-0.050000 -0.850000 1.050000 112 40 142
-0.050000 -0.950000 1.150000 122 40 132
-0.050000 -0.850000 1.150000 122 40 132
-0.050000 -1.550000 1.250000 132 40 122
-0.050000 -1.450000 1.250000 132 40 122
-0.050000 -1.550000 1.350000 142 40 112
-0.050000 -1.450000 1.350000 142 40 112
-0.050000 -1.350000 1.250000 132 40 122
-0.050000 -1.250000 1.250000 132 40 122
-0.050000 -1.350000 1.350000 142 40 112
-0.050000 -1.250000 1.350000 142 40 112
-0.050000 -1.550000 1.450000 153 40 101
-0.050000 -1.450000 1.450000 153 40 101
-0.050000 -1.550000 1.550000 163 40 91
-0.050000 -1.450000 1.550000 163 40 91
-0.050000 -1.350000 1.450000 153 40 101
-0.050000 -1.250000 1.450000 153 40 101
-0.050000 -1.350000 1.550000 163 40 91
-0.050000 -1.250000 1.550000 163 40 91
-0.050000 -1.150000 1.250000 132 40 122
-0.050000 -1.050000 1.250000 132 40 122
-0.050000 -1.150000 1.350000 142 40 112
-0.050000 -1.050000 1.350000 142 40 112
-0.050000 -0.950000 1.250000 132 40 122
-0.050000 -0.850000 1.250000 132 40 122
-0.050000 -0.950000 1.350000 142 40 112
-0.050000 -0.850000 1.350000 142 40 112
-0.050000 -1.150000 1.450000 153 40 101
-0.050000 -1.050000 1.450000 153 40 101
-0.050000 -1.150000 1.550000 163 40 91
-0.050000 -1.050000 1.550000 163 40 91
-0.050000 -0.950000 1.450000 153 40 101
-0.050000 -0.850000 1.450000 153 40 101
-0.050000 -0.950000 1.550000 163 40 91
-0.050000 -0.850000 1.550000 163 40 91
-0.050000 -0.750000 0.850000 91 40 163
-0.050000 -0.750000 0.950000 101 40 153
-0.050000 -0.750000 1.050000 112 40 142
-0.050000 -0.750000 1.150000 122 40 132
-0.050000 -0.750000 1.250000 132 40 122
-0.050000 -0.750000 1.350000 142 40 112
-0.050000 -0.750000 1.450000 153 40 101
-0.050000 -0.750000 1.550000 163 40 91
-0.050000 -1.550000 1.650000 173 40 81
-0.050000 -1.450000 1.650000 173 40 81
-0.050000 -1.550000 1.750000 183 40 71
-0.050000 -1.450000 1.750000 183 40 71
-0.050000 -1.350000 1.650000 173 40 81
-0.050000 -1.250000 1.650000 173 40 81
-0.050000 -1.350000 1.750000 183 40 71
-0.050000 -1.250000 1.750000 183 40 71
-0.050000 -1.450000 1.850000 193 40 61
-0.050000 -1.450000 1.950000 204 40 50
-0.050000 -1.350000 1.850000 193 40 61
-0.050000 -1.250000 1.850000 193 40 61
-0.050000 -1.350000 1.950000 204 40 50
-0.050000 -1.250000 1.950000 204 40 50
-0.050000 -1.150000 1.650000 173 40 81
-0.050000 -1.050000 1.650000 173 40 81
-0.050000 -1.150000 1.750000 183 40 71
-0.050000 -1.050000 1.750000 183 40 71
-0.050000 -0.950000 1.650000 173 40 81
-0.050000 -0.850000 1.650000 173 40 81
-0.050000 -0.950000 1.750000 183 40 71
-0.050000 -0.850000 1.750000 183 40 71
-0.050000 -1.150000 1.850000 193 40 61
-0.050000 -1.050000 1.850000 193 40 61
-0.050000 -1.150000 1.950000 204 40 50
-0.050000 -1.050000 1.950000 204 40 50
-0.050000 -0.950000 1.850000 193 40 61
-0.050000 -0.850000 1.850000 193 40 61
-0.050000 -0.950000 1.950000 204 40 50
-0.050000 -0.850000 1.950000 204 40 50
-0.050000 -1.350000 2.050000 214 40 40
-0.050000 -1.250000 2.050000 214 40 40
-0.050000 -1.250000 2.150000 224 40 30
-0.050000 -1.250000 2.250000 234 40 20
-0.050000 -1.150000 2.050000 214 40 40
-0.050000 -1.050000 2.050000 214 40 40
-0.050000 -1.150000 2.150000 224 40 30
-0.050000 -1.050000 2.150000 224 40 30
-0.050000 -0.950000 2.050000 214 40 40
-0.050000 -0.850000 2.050000 214 40 40
-0.050000 -0.950000 2.150000 224 40 30
-0.050000 -0.850000 2.150000 224 40 30
-0.050000 -1.150000 2.250000 234 40 20
-0.050000 -1.050000 2.250000 234 40 20
-0.050000 -1.150000 2.350000 244 40 10
-0.050000 -1.050000 2.350000 244 40 10
-0.050000 -0.950000 2.250000 234 40 20
-0.050000 -0.850000 2.250000 234 40 20
-0.050000 -0.950000 2.350000 244 40 10
-0.050000 -0.750000 1.650000 173 40 81
-0.050000 -0.750000 1.750000 183 40 71
-0.050000 -0.750000 1.850000 193 40 61
-0.050000 -0.750000 1.950000 204 40 50
-0.050000 -0.750000 2.050000 214 40 40
-0.050000 -0.750000 2.150000 224 40 30
-0.050000 -1.150000 2.450000 255 40 0
-0.050000 -1.050000 2.450000 255 40 0
-0.050000 -0.950000 2.450000 255 40 0
0.850000 -3.250000 0.050000 10 40 244
0.950000 -3.250000 0.050000 10 40 244
1.050000 -3.350000 0.050000 10 40 244
1.150000 -3.350000 0.050000 10 40 244
1.050000 -3.250000 0.050000 10 40 244
1.150000 -3.250000 0.050000 10 40 244
1.350000 -3.450000 0.050000 10 40 244
1.450000 -3.450000 0.050000 10 40 244
1.550000 -3.450000 0.050000 10 40 244
1.250000 -3.350000 0.050000 10 40 244
1.350000 -3.350000 0.050000 10 40 244
1.250000 -3.250000 0.050000 10 40 244
1.350000 -3.250000 0.050000 10 40 244
1.450000 -3.350000 0.050000 10 40 244
1.550000 -3.350000 0.050000 10 40 244
1.450000 -3.250000 0.050000 10 40 244
1.550000 -3.250000 0.050000 10 40 244
1.750000 -3.950000 0.050000 10 40 244
1.750000 -3.850000 0.050000 10 40 244
1.850000 -3.950000 0.050000 10 40 244
1.950000 -3.950000 0.050000 10 40 244
1.850000 -3.850000 0.050000 10 40 244
1.950000 -3.850000 0.050000 10 40 244
1.850000 -3.950000 0.150000 20 40 234
1.950000 -3.950000 0.150000 20 40 234
1.750000 -3.750000 0.050000 10 40 244
1.750000 -3.650000 0.050000 10 40 244
1.850000 -3.750000 0.050000 10 40 244
1.950000 -3.750000 0.050000 10 40 244
1.850000 -3.650000 0.050000 10 40 244
1.950000 -3.650000 0.050000 10 40 244
1.950000 -3.950000 0.250000 30 40 224
2.050000 -3.950000 0.050000 10 40 244
2.150000 -3.950000 0.050000 10 40 244
2.050000 -3.850000 0.050000 10 40 244
2.150000 -3.850000 0.050000 10 40 244
2.050000 -3.950000 0.150000 20 40 234
2.150000 -3.950000 0.150000 20 40 234
2.250000 -3.950000 0.050000 10 40 244
2.350000 -3.950000 0.050000 10 40 244
2.250000 -3.850000 0.050000 10 40 244
2.350000 -3.850000 0.050000 10 40 244
2.250000 -3.950000 0.150000 20 40 234
2.350000 -3.950000 0.150000 20 40 234
2.050000 -3.750000 0.050000 10 40 244
2.150000 -3.750000 0.050000 10 40 244
2.050000 -3.650000 0.050000 10 40 244
2.150000 -3.650000 0.050000 10 40 244
2.250000 -3.750000 0.050000 10 40 244
2.350000 -3.750000 0.050000 10 40 244
2.250000 -3.650000 0.050000 10 40 244
2.350000 -3.650000 0.050000 10 40 244
2.050000 -3.950000 0.250000 30 40 224
2.150000 -3.950000 0.250000 30 40 224
2.250000 -3.950000 0.250000 30 40 224
2.350000 -3.950000 0.250000 30 40 224
2.250000 -3.950000 0.350000 40 40 214
2.350000 -3.950000 0.350000 40 40 214
1.650000 -3.550000 0.050000 10 40 244
1.750000 -3.550000 0.050000 10 40 244
1.650000 -3.450000 0.050000 10 40 244
1.750000 -3.450000 0.050000 10 40 244
1.850000 -3.550000 0.050000 10 40 244
1.950000 -3.550000 0.050000 10 40 244
1.850000 -3.450000 0.050000 10 40 244
1.950000 -3.450000 0.050000 10 40 244
1.650000 -3.350000 0.050000 10 40 244
1.750000 -3.350000 0.050000 10 40 244
1.650000 -3.250000 0.050000 10 40 244
1.750000 -3.250000 0.050000 10 40 244
1.850000 -3.350000 0.050000 10 40 244
1.950000 -3.350000 0.050000 10 40 244
1.850000 -3.250000 0.050000 10 40 244
1.950000 -3.250000 0.050000 10 40 244
2.050000 -3.550000 0.050000 10 40 244
2.150000 -3.550000 0.050000 10 40 244
2.050000 -3.450000 0.050000 10 40 244
2.150000 -3.450000 0.050000 10 40 244
2.250000 -3.550000 0.050000 10 40 244
2.350000 -3.550000 0.050000 10 40 244
2.250000 -3.450000 0.050000 10 40 244
2.350000 -3.450000 0.050000 10 40 244
2.050000 -3.350000 0.050000 10 40 244
2.150000 -3.350000 0.050000 10 40 244
2.050000 -3.250000 0.050000 10 40 244
2.150000 -3.250000 0.050000 10 40 244
2.250000 -3.350000 0.050000 10 40 244
2.350000 -3.350000 0.050000 10 40 244
2.250000 -3.250000 0.050000 10 40 244
2.350000 -3.250000 0.050000 10 40 244
2.350000 -3.950000 0.450000 50 40 204
2.350000 -3.950000 0.550000 61 40 193
2.350000 -3.950000 0.650000 71 40 183
2.450000 -3.950000 0.050000 10 40 244
2.550000 -3.950000 0.050000 10 40 244
2.450000 -3.850000 0.050000 10 40 244
2.550000 -3.850000 0.050000 10 40 244
2.450000 -3.950000 0.150000 20 40 234
2.550000 -3.950000 0.150000 20 40 234
2.650000 -3.950000 0.050000 10 40 244
2.750000 -3.950000 0.050000 10 40 244
2.650000 -3.850000 0.050000 10 40 244
2.750000 -3.850000 0.050000 10 40 244
2.650000 -3.950000 0.150000 20 40 234
2.750000 -3.950000 0.150000 20 40 234
2.450000 -3.750000 0.050000 10 40 244
2.550000 -3.750000 0.050000 10 40 244
2.450000 -3.650000 0.050000 10 40 244
2.550000 -3.650000 0.050000 10 40 244
2.650000 -3.750000 0.050000 10 40 244
2.750000 -3.750000 0.050000 10 40 244
2.650000 -3.650000 0.050000 10 40 244
2.750000 -3.650000 0.050000 10 40 244
2.450000 -3.950000 0.250000 30 40 224
2.550000 -3.950000 0.250000 30 40 224
2.450000 -3.950000 0.350000 40 40 214
2.550000 -3.950000 0.350000 40 40 214
2.650000 -3.950000 0.250000 30 40 224
2.750000 -3.950000 0.250000 30 40 224
2.650000 -3.950000 0.350000 40 40 214
2.750000 -3.950000 0.350000 40 40 214
2.850000 -3.950000 0.050000 10 40 244
2.950000 -3.950000 0.050000 10 40 244
2.850000 -3.850000 0.050000 10 40 244
2.950000 -3.850000 0.050000 10 40 244
2.850000 -3.950000 0.150000 20 40 234
2.950000 -3.950000 0.150000 20 40 234
3.050000 -3.950000 0.050000 10 40 244
3.150000 -3.950000 0.050000 10 40 244
3.050000 -3.850000 0.050000 10 40 244
3.150000 -3.850000 0.050000 10 40 244
3.050000 -3.950000 0.150000 20 40 234
3.150000 -3.950000 0.150000 20 40 234
2.850000 -3.750000 0.050000 10 40 244
2.950000 -3.750000 0.050000 10 40 244
2.850000 -3.650000 0.050000 10 40 244
2.950000 -3.650000 0.050000 10 40 244
3.050000 -3.750000 0.050000 10 40 244
3.150000 -3.750000 0.050000 10 40 244
3.050000 -3.650000 0.050000 10 40 244
3.150000 -3.650000 0.050000 10 40 244
2.850000 -3.950000 0.250000 30 40 224
2.950000 -3.950000 0.250000 30 40 224
2.850000 -3.950000 0.350000 40 40 214
2.950000 -3.950000 0.350000 40 40 214
3.050000 -3.950000 0.250000 30 40 224
3.150000 -3.950000 0.250000 30 40 224
3.050000 -3.950000 0.350000 40 40 214
3.150000 -3.950000 0.350000 40 40 214
2.450000 -3.550000 0.050000 10 40 244
2.550000 -3.550000 0.050000 10 40 244
2.450000 -3.450000 0.050000 10 40 244
2.550000 -3.450000 0.050000 10 40 244
2.650000 -3.550000 0.050000 10 40 244
2.750000 -3.550000 0.050000 10 40 244
2.650000 -3.450000 0.050000 10 40 244
2.750000 -3.450000 0.050000 10 40 244
2.450000 -3.350000 0.050000 10 40 244
2.550000 -3.350000 0.050000 10 40 244
2.450000 -3.250000 0.050000 10 40 244
2.550000 -3.250000 0.050000 10 40 244
2.650000 -3.350000 0.050000 10 40 244
2.750000 -3.350000 0.050000 10 40 244
2.650000 -3.250000 0.050000 10 40 244
2.750000 -3.250000 0.050000 10 40 244
2.850000 -3.550000 0.050000 10 40 244
2.950000 -3.550000 0.050000 10 40 244
2.850000 -3.450000 0.050000 10 40 244
2.950000 -3.450000 0.050000 10 40 244
3.050000 -3.550000 0.050000 10 40 244
3.150000 -3.550000 0.050000 10 40 244
3.050000 -3.450000 0.050000 10 40 244
3.150000 -3.450000 0.050000 10 40 244
2.850000 -3.350000 0.050000 10 40 244
2.950000 -3.350000 0.050000 10 40 244
2.850000 -3.250000 0.050000 10 40 244
2.950000 -3.250000 0.050000 10 40 244
3.050000 -3.350000 0.050000 10 40 244
3.150000 -3.350000 0.050000 10 40 244
3.050000 -3.250000 0.050000 10 40 244
3.150000 -3.250000 0.050000 10 40 244
2.450000 -3.950000 0.450000 50 40 204
2.550000 -3.950000 0.450000 50 40 204
2.450000 -3.950000 0.550000 61 40 193
2.550000 -3.950000 0.550000 61 40 193
2.650000 -3.950000 0.450000 50 40 204
2.750000 -3.950000 0.450000 50 40 204
2.650000 -3.950000 0.550000 61 40 193
2.750000 -3.950000 0.550000 61 40 193
2.450000 -3.950000 0.650000 71 40 183
2.550000 -3.950000 0.650000 71 40 183
2.450000 -3.950000 0.750000 81 40 173
2.550000 -3.950000 0.750000 81 40 173
2.650000 -3.950000 0.650000 71 40 183
2.750000 -3.950000 0.650000 71 40 183
2.650000 -3.950000 0.750000 81 40 173
2.750000 -3.950000 0.750000 81 40 173
2.850000 -3.950000 0.450000 50 40 204
2.950000 -3.950000 0.450000 50 40 204
2.850000 -3.950000 0.550000 61 40 193
2.950000 -3.950000 0.550000 61 40 193
3.050000 -3.950000 0.450000 50 40 204
3.150000 -3.950000 0.450000 50 40 204
3.050000 -3.950000 0.550000 61 40 193
3.150000 -3.950000 0.550000 61 40 193
2.850000 -3.950000 0.650000 71 40 183
2.950000 -3.950000 0.650000 71 40 183
2.850000 -3.950000 0.750000 81 40 173
2.950000 -3.950000 0.750000 81 40 173
3.050000 -3.950000 0.650000 71 40 183
3.150000 -3.950000 0.650000 71 40 183
3.050000 -3.950000 0.750000 81 40 173
3.150000 -3.950000 0.750000 81 40 173
2.550000 -3.950000 0.850000 91 40 163
2.550000 -3.950000 0.950000 101 40 153
2.650000 -3.950000 0.850000 91 40 163
2.750000 -3.950000 0.850000 91 40 163
2.650000 -3.950000 0.950000 101 40 153
2.750000 -3.950000 0.950000 101 40 153
2.850000 -3.950000 0.850000 91 40 163
2.950000 -3.950000 0.850000 91 40 163
2.850000 -3.950000 0.950000 101 40 153
2.950000 -3.950000 0.950000 101 40 153
3.050000 -3.950000 0.850000 91 40 163
3.150000 -3.950000 0.850000 91 40 163
3.050000 -3.950000 0.950000 101 40 153
3.150000 -3.950000 0.950000 101 40 153
3.250000 -3.950000 0.050000 10 40 244
3.350000 -3.950000 0.050000 10 40 244
3.250000 -3.850000 0.050000 10 40 244
3.350000 -3.850000 0.050000 10 40 244
3.250000 -3.950000 0.150000 20 40 234
3.350000 -3.950000 0.150000 20 40 234
3.450000 -3.950000 0.050000 10 40 244
3.550000 -3.950000 0.050000 10 40 244
3.450000 -3.850000 0.050000 10 40 244
3.550000 -3.850000 0.050000 10 40 244
3.450000 -3.950000 0.150000 20 40 234
3.550000 -3.950000 0.150000 20 40 234
3.250000 -3.750000 0.050000 10 40 244
3.350000 -3.750000 0.050000 10 40 244
3.250000 -3.650000 0.050000 10 40 244
3.350000 -3.650000 0.050000 10 40 244
3.450000 -3.750000 0.050000 10 40 244
3.550000 -3.750000 0.050000 10 40 244
3.450000 -3.650000 0.050000 10 40 244
3.550000 -3.650000 0.050000 10 40 244
3.250000 -3.950000 0.250000 30 40 224
3.350000 -3.950000 0.250000 30 40 224
3.250000 -3.950000 0.350000 40 40 214
3.350000 -3.950000 0.350000 40 40 214
3.450000 -3.950000 0.250000 30 40 224
3.550000 -3.950000 0.250000 30 40 224
3.450000 -3.950000 0.350000 40 40 214
3.550000 -3.950000 0.350000 40 40 214
3.650000 -3.950000 0.050000 10 40 244
3.750000 -3.950000 0.050000 10 40 244
3.650000 -3.850000 0.050000 10 40 244
3.750000 -3.850000 0.050000 10 40 244
3.650000 -3.950000 0.150000 20 40 234
3.750000 -3.950000 0.150000 20 40 234
3.850000 -3.950000 0.050000 10 40 244
3.950000 -3.950000 0.050000 10 40 244
3.850000 -3.850000 0.050000 10 40 244
3.950000 -3.850000 0.050000 10 40 244
3.850000 -3.950000 0.150000 20 40 234
3.950000 -3.950000 0.150000 20 40 234
3.650000 -3.750000 0.050000 10 40 244
3.750000 -3.750000 0.050000 10 40 244
3.650000 -3.650000 0.050000 10 40 244
3.750000 -3.650000 0.050000 10 40 244
3.850000 -3.750000 0.050000 10 40 244
3.950000 -3.750000 0.050000 10 40 244
3.850000 -3.650000 0.050000 10 40 244
3.950000 -3.650000 0.050000 10 40 244
3.650000 -3.950000 0.250000 30 40 224
3.750000 -3.950000 0.250000 30 40 224
3.650000 -3.950000 0.350000 40 40 214
3.750000 -3.950000 0.350000 40 40 214
3.850000 -3.950000 0.250000 30 40 224
3.950000 -3.950000 0.250000 30 40 224
3.850000 -3.950000 0.350000 40 40 214
3.950000 -3.950000 0.350000 40 40 214
3.250000 -3.550000 0.050000 10 40 244
3.350000 -3.550000 0.050000 10 40 244
3.250000 -3.450000 0.050000 10 40 244
3.350000 -3.450000 0.050000 10 40 244
3.450000 -3.550000 0.050000 10 40 244
3.550000 -3.550000 0.050000 10 40 244
3.450000 -3.450000 0.050000 10 40 244
3.550000 -3.450000 0.050000 10 40 244
3.250000 -3.350000 0.050000 10 40 244
3.350000 -3.350000 0.050000 10 40 244
3.250000 -3.250000 0.050000 10 40 244
3.350000 -3.250000 0.050000 10 40 244
3.450000 -3.350000 0.050000 10 40 244
3.550000 -3.350000 0.050000 10 40 244
3.450000 -3.250000 0.050000 10 40 244
3.550000 -3.250000 0.050000 10 40 244
3.650000 -3.550000 0.050000 10 40 244
3.750000 -3.550000 0.050000 10 40 244
3.650000 -3.450000 0.050000 10 40 244
3.750000 -3.450000 0.050000 10 40 244
3.850000 -3.550000 0.050000 10 40 244
3.950000 -3.550000 0.050000 10 40 244
3.850000 -3.450000 0.050000 10 40 244
3.950000 -3.450000 0.050000 10 40 244
3.650000 -3.350000 0.050000 10 40 244
3.750000 -3.350000 0.050000 10 40 244
3.650000 -3.250000 0.050000 10 40 244
3.750000 -3.250000 0.050000 10 40 244
3.850000 -3.350000 0.050000 10 40 244
3.950000 -3.350000 0.050000 10 40 244
3.850000 -3.250000 0.050000 10 40 244
3.950000 -3.250000 0.050000 10 40 244
3.250000 -3.950000 0.450000 50 40 204
3.350000 -3.950000 0.450000 50 40 204
3.250000 -3.950000 0.550000 61 40 193
3.350000 -3.950000 0.550000 61 40 193
3.450000 -3.950000 0.450000 50 40 204
3.550000 -3.950000 0.450000 50 40 204
3.450000 -3.950000 0.550000 61 40 193
3.550000 -3.950000 0.550000 61 40 193
3.250000 -3.950000 0.650000 71 40 183
3.350000 -3.950000 0.650000 71 40 183
3.250000 -3.950000 0.750000 81 40 173
3.350000 -3.950000 0.750000 81 40 173
3.450000 -3.950000 0.650000 71 40 183
3.550000 -3.950000 0.650000 71 40 183
3.450000 -3.950000 0.750000 81 40 173
3.550000 -3.950000 0.750000 81 40 173
3.650000 -3.950000 0.450000 50 40 204
3.750000 -3.950000 0.450000 50 40 204
3.650000 -3.950000 0.550000 61 40 193
3.750000 -3.950000 0.550000 61 40 193
3.850000 -3.950000 0.450000 50 40 204
3.950000 -3.950000 0.450000 50 40 204
3.850000 -3.950000 0.550000 61 40 193
3.950000 -3.950000 0.550000 61 40 193
3.650000 -3.950000 0.650000 71 40 183
3.750000 -3.950000 0.650000 71 40 183
3.650000 -3.950000 0.750000 81 40 173
3.750000 -3.950000 0.750000 81 40 173
3.850000 -3.950000 0.650000 71 40 183
3.950000 -3.950000 0.650000 71 40 183
3.850000 -3.950000 0.750000 81 40 173
3.950000 -3.950000 0.750000 81 40 173
4.050000 -3.950000 0.050000 10 40 244
4.150000 -3.950000 0.050000 10 40 244
4.050000 -3.850000 0.050000 10 40 244
4.150000 -3.850000 0.050000 10 40 244
4.050000 -3.950000 0.150000 20 40 234
4.150000 -3.950000 0.150000 20 40 234
4.250000 -3.950000 0.050000 10 40 244
4.350000 -3.950000 0.050000 10 40 244
4.250000 -3.850000 0.050000 10 40 244
4.350000 -3.850000 0.050000 10 40 244
4.250000 -3.950000 0.150000 20 40 234
4.350000 -3.950000 0.150000 20 40 234
4.050000 -3.750000 0.050000 10 40 244
4.150000 -3.750000 0.050000 10 40 244
4.050000 -3.650000 0.050000 10 40 244
4.150000 -3.650000 0.050000 10 40 244
4.250000 -3.750000 0.050000 10 40 244
4.350000 -3.750000 0.050000 10 40 244
4.250000 -3.650000 0.050000 10 40 244
4.350000 -3.650000 0.050000 10 40 244
4.050000 -3.950000 0.250000 30 40 224
4.150000 -3.950000 0.250000 30 40 224
4.050000 -3.950000 0.350000 40 40 214
4.150000 -3.950000 0.350000 40 40 214
4.250000 -3.950000 0.250000 30 40 224
4.350000 -3.950000 0.250000 30 40 224
4.250000 -3.950000 0.350000 40 40 214
4.350000 -3.950000 0.350000 40 40 214
4.450000 -3.950000 0.050000 10 40 244
4.550000 -3.950000 0.050000 10 40 244
4.450000 -3.850000 0.050000 10 40 244
4.550000 -3.850000 0.050000 10 40 244
4.450000 -3.950000 0.150000 20 40 234
4.550000 -3.950000 0.150000 20 40 234
4.650000 -3.950000 0.050000 10 40 244
4.750000 -3.950000 0.050000 10 40 244
4.650000 -3.850000 0.050000 10 40 244
4.750000 -3.850000 0.050000 10 40 244
4.650000 -3.950000 0.150000 20 40 234
4.750000 -3.950000 0.150000 20 40 234
4.450000 -3.750000 0.050000 10 40 244
4.550000 -3.750000 0.050000 10 40 244
4.450000 -3.650000 0.050000 10 40 244
4.550000 -3.650000 0.050000 10 40 244
4.650000 -3.750000 0.050000 10 40 244
4.750000 -3.750000 0.050000 10 40 244
4.650000 -3.650000 0.050000 10 40 244
4.750000 -3.650000 0.050000 10 40 244
4.450000 -3.950000 0.250000 30 40 224
4.550000 -3.950000 0.250000 30 40 224
4.450000 -3.950000 0.350000 40 40 214
4.550000 -3.950000 0.350000 40 40 214
4.650000 -3.950000 0.250000 30 40 224
4.750000 -3.950000 0.250000 30 40 224
4.650000 -3.950000 0.350000 40 40 214
4.750000 -3.950000 0.350000 40 40 214
4.050000 -3.550000 0.050000 10 40 244
4.150000 -3.550000 0.050000 10 40 244
4.050000 -3.450000 0.050000 10 40 244
4.150000 -3.450000 0.050000 10 40 244
4.250000 -3.550000 0.050000 10 40 244
4.350000 -3.550000 0.050000 10 40 244
4.250000 -3.450000 0.050000 10 40 244
4.350000 -3.450000 0.050000 10 40 244
4.050000 -3.350000 0.050000 10 40 244
4.150000 -3.350000 0.050000 10 40 244
4.050000 -3.250000 0.050000 10 40 244
4.150000 -3.250000 0.050000 10 40 244
4.250000 -3.350000 0.050000 10 40 244
4.350000 -3.350000 0.050000 10 40 244
4.250000 -3.250000 0.050000 10 40 244
4.350000 -3.250000 0.050000 10 40 244
4.450000 -3.550000 0.050000 10 40 244
4.550000 -3.550000 0.050000 10 40 244
4.450000 -3.450000 0.050000 10 40 244
4.550000 -3.450000 0.050000 10 40 244
4.650000 -3.550000 0.050000 10 40 244
4.750000 -3.550000 0.050000 10 40 244
4.650000 -3.450000 0.050000 10 40 244
4.750000 -3.450000 0.050000 10 40 244
4.450000 -3.350000 0.050000 10 40 244
4.550000 -3.350000 0.050000 10 40 244
4.450000 -3.250000 0.050000 10 40 244
4.550000 -3.250000 0.050000 10 40 244
4.650000 -3.350000 0.050000 10 40 244
4.750000 -3.350000 0.050000 10 40 244
4.650000 -3.250000 0.050000 10 40 244
4.750000 -3.250000 0.050000 10 40 244
4.050000 -3.950000 0.450000 50 40 204
4.150000 -3.950000 0.450000 50 40 204
4.050000 -3.950000 0.550000 61 40 193
4.150000 -3.950000 0.550000 61 40 193
4.250000 -3.950000 0.450000 50 40 204
4.350000 -3.950000 0.450000 50 40 204
4.250000 -3.950000 0.550000 61 40 193
4.350000 -3.950000 0.550000 61 40 193
4.050000 -3.950000 0.650000 71 40 183
4.150000 -3.950000 0.650000 71 40 183
4.050000 -3.950000 0.750000 81 40 173
4.150000 -3.950000 0.750000 81 40 173
4.250000 -3.950000 0.650000 71 40 183
4.350000 -3.950000 0.650000 71 40 183
4.250000 -3.950000 0.750000 81 40 173
4.350000 -3.950000 0.750000 81 40 173
4.450000 -3.950000 0.450000 50 40 204
4.550000 -3.950000 0.450000 50 40 204
4.450000 -3.950000 0.550000 61 40 193
4.550000 -3.950000 0.550000 61 40 193
4.650000 -3.950000 0.450000 50 40 204
4.750000 -3.950000 0.450000 50 40 204
4.650000 -3.950000 0.550000 61 40 193
4.750000 -3.950000 0.550000 61 40 193
4.450000 -3.950000 0.650000 71 40 183
4.550000 -3.950000 0.650000 71 40 183
4.450000 -3.950000 0.750000 81 40 173
4.550000 -3.950000 0.750000 81 40 173
4.650000 -3.950000 0.650000 71 40 183
4.750000 -3.950000 0.650000 71 40 183
4.650000 -3.950000 0.750000 81 40 173
4.750000 -3.950000 0.750000 81 40 173
3.250000 -3.950000 0.850000 91 40 163
3.350000 -3.950000 0.850000 91 40 163
3.250000 -3.950000 0.950000 101 40 153
3.350000 -3.950000 0.950000 101 40 153
3.450000 -3.950000 0.850000 91 40 163
3.550000 -3.950000 0.850000 91 40 163
3.450000 -3.950000 0.950000 101 40 153
3.550000 -3.950000 0.950000 101 40 153
3.650000 -3.950000 0.850000 91 40 163
3.750000 -3.950000 0.850000 91 40 163
3.650000 -3.950000 0.950000 101 40 153
3.750000 -3.950000 0.950000 101 40 153
3.850000 -3.950000 0.850000 91 40 163
3.950000 -3.950000 0.850000 91 40 163
3.850000 -3.950000 0.950000 101 40 153
3.950000 -3.950000 0.950000 101 40 153
3.850000 -3.950000 1.050000 112 40 142
3.950000 -3.950000 1.050000 112 40 142
4.050000 -3.950000 0.850000 91 40 163
4.150000 -3.950000 0.850000 91 40 163
4.050000 -3.950000 0.950000 101 40 153
4.150000 -3.950000 0.950000 101 40 153
4.250000 -3.950000 0.850000 91 40 163
4.350000 -3.950000 0.850000 91 40 163
4.250000 -3.950000 0.950000 101 40 153
4.350000 -3.950000 0.950000 101 40 153
4.050000 -3.950000 1.050000 112 40 142
4.150000 -3.950000 1.050000 112 40 142
4.250000 -3.950000 1.050000 112 40 142
4.350000 -3.950000 1.050000 112 40 142
4.450000 -3.950000 0.850000 91 40 163
4.550000 -3.950000 0.850000 91 40 163
4.450000 -3.950000 0.950000 101 40 153
4.550000 -3.950000 0.950000 101 40 153
4.650000 -3.950000 0.850000 91 40 163
4.450000 -3.950000 1.050000 112 40 142
4.550000 -3.950000 1.050000 112 40 142
4.850000 -3.950000 0.050000 10 40 244
4.950000 -3.950000 0.050000 10 40 244
4.850000 -3.850000 0.050000 10 40 244
4.950000 -3.850000 0.050000 10 40 244
4.850000 -3.950000 0.150000 20 40 234
4.950000 -3.950000 0.150000 20 40 234
5.050000 -3.950000 0.050000 10 40 244
5.150000 -3.950000 0.050000 10 40 244
5.050000 -3.850000 0.050000 10 40 244
5.150000 -3.850000 0.050000 10 40 244
5.050000 -3.950000 0.150000 20 40 234
5.150000 -3.950000 0.150000 20 40 234
4.850000 -3.750000 0.050000 10 40 244
4.950000 -3.750000 0.050000 10 40 244
4.850000 -3.650000 0.050000 10 40 244
4.950000 -3.650000 0.050000 10 40 244
5.050000 -3.750000 0.050000 10 40 244
5.150000 -3.750000 0.050000 10 40 244
5.050000 -3.650000 0.050000 10 40 244
5.150000 -3.650000 0.050000 10 40 244
4.850000 -3.950000 0.250000 30 40 224
4.950000 -3.950000 0.250000 30 40 224
4.850000 -3.950000 0.350000 40 40 214
4.950000 -3.950000 0.350000 40 40 214
5.050000 -3.950000 0.250000 30 40 224
5.250000 -3.950000 0.050000 10 40 244
5.250000 -3.850000 0.050000 10 40 244
5.250000 -3.750000 0.050000 10 40 244
4.850000 -3.550000 0.050000 10 40 244
4.950000 -3.550000 0.050000 10 40 244
4.850000 -3.450000 0.050000 10 40 244
4.950000 -3.450000 0.050000 10 40 244
5.050000 -3.550000 0.050000 10 40 244
5.150000 -3.550000 0.050000 10 40 244
5.050000 -3.450000 0.050000 10 40 244
5.150000 -3.450000 0.050000 10 40 244
4.850000 -3.350000 0.050000 10 40 244
4.950000 -3.350000 0.050000 10 40 244
4.850000 -3.250000 0.050000 10 40 244
4.950000 -3.250000 0.050000 10 40 244
5.050000 -3.350000 0.050000 10 40 244
5.150000 -3.350000 0.050000 10 40 244
5.050000 -3.250000 0.050000 10 40 244
5.150000 -3.250000 0.050000 10 40 244
4.850000 -3.950000 0.450000 50 40 204
4.950000 -3.950000 0.450000 50 40 204
4.850000 -3.950000 0.550000 61 40 193
0.350000 -3.050000 0.050000 10 40 244
0.050000 -2.950000 0.050000 10 40 244
0.150000 -2.950000 0.050000 10 40 244
0.050000 -2.850000 0.050000 10 40 244
0.150000 -2.850000 0.050000 10 40 244
0.050000 -2.850000 0.150000 20 40 234
0.250000 -2.950000 0.050000 10 40 244
0.350000 -2.950000 0.050000 10 40 244
0.250000 -2.850000 0.050000 10 40 244
0.350000 -2.850000 0.050000 10 40 244
0.450000 -3.050000 0.050000 10 40 244
0.550000 -3.050000 0.050000 10 40 244
0.650000 -3.150000 0.050000 10 40 244
0.750000 -3.150000 0.050000 10 40 244
0.650000 -3.050000 0.050000 10 40 244
0.750000 -3.050000 0.050000 10 40 244
0.450000 -2.950000 0.050000 10 40 244
0.550000 -2.950000 0.050000 10 40 244
0.450000 -2.850000 0.050000 10 40 244
0.550000 -2.850000 0.050000 10 40 244
0.650000 -2.950000 0.050000 10 40 244
0.750000 -2.950000 0.050000 10 40 244
0.650000 -2.850000 0.050000 10 40 244
0.750000 -2.850000 0.050000 10 40 244
0.050000 -2.750000 0.050000 10 40 244
0.150000 -2.750000 0.050000 10 40 244
0.050000 -2.650000 0.050000 10 40 244
0.150000 -2.650000 0.050000 10 40 244
0.050000 -2.750000 0.150000 20 40 234
0.050000 -2.650000 0.150000 20 40 234
0.250000 -2.750000 0.050000 10 40 244
0.350000 -2.750000 0.050000 10 40 244
0.250000 -2.650000 0.050000 10 40 244
0.350000 -2.650000 0.050000 10 40 244
0.050000 -2.550000 0.050000 10 40 244
0.150000 -2.550000 0.050000 10 40 244
0.050000 -2.450000 0.050000 10 40 244
0.150000 -2.450000 0.050000 10 40 244
0.050000 -2.550000 0.150000 20 40 234
0.050000 -2.450000 0.150000 20 40 234
0.250000 -2.550000 0.050000 10 40 244
0.350000 -2.550000 0.050000 10 40 244
0.250000 -2.450000 0.050000 10 40 244
0.350000 -2.450000 0.050000 10 40 244
0.050000 -2.750000 0.250000 30 40 224
0.050000 -2.650000 0.250000 30 40 224
0.050000 -2.650000 0.350000 40 40 214
0.050000 -2.550000 0.250000 30 40 224
0.050000 -2.450000 0.250000 30 40 224
0.050000 -2.550000 0.350000 40 40 214
0.050000 -2.450000 0.350000 40 40 214
0.450000 -2.750000 0.050000 10 40 244
0.550000 -2.750000 0.050000 10 40 244
0.450000 -2.650000 0.050000 10 40 244
0.550000 -2.650000 0.050000 10 40 244
0.650000 -2.750000 0.050000 10 40 244
0.750000 -2.750000 0.050000 10 40 244
0.650000 -2.650000 0.050000 10 40 244
0.750000 -2.650000 0.050000 10 40 244
0.450000 -2.550000 0.050000 10 40 244
0.550000 -2.550000 0.050000 10 40 244
0.450000 -2.450000 0.050000 10 40 244
0.550000 -2.450000 0.050000 10 40 244
0.650000 -2.550000 0.050000 10 40 244
0.750000 -2.550000 0.050000 10 40 244
0.650000 -2.450000 0.050000 10 40 244
0.750000 -2.450000 0.050000 10 40 244
0.050000 -2.650000 0.450000 50 40 204
0.050000 -2.550000 0.450000 50 40 204
0.050000 -2.450000 0.450000 50 40 204
0.050000 -2.550000 0.550000 61 40 193
0.050000 -2.450000 0.550000 61 40 193
0.050000 -2.450000 0.650000 71 40 183
0.050000 -2.450000 0.750000 81 40 173
0.850000 -3.150000 0.050000 10 40 244
0.950000 -3.150000 0.050000 10 40 244
0.850000 -3.050000 0.050000 10 40 244
0.950000 -3.050000 0.050000 10 40 244
1.050000 -3.150000 0.050000 10 40 244
1.150000 -3.150000 0.050000 10 40 244
1.050000 -3.050000 0.050000 10 40 244
1.150000 -3.050000 0.050000 10 40 244
0.850000 -2.950000 0.050000 10 40 244
0.950000 -2.950000 0.050000 10 40 244
0.850000 -2.850000 0.050000 10 40 244
0.950000 -2.850000 0.050000 10 40 244
1.050000 -2.950000 0.050000 10 40 244
1.150000 -2.950000 0.050000 10 40 244
1.050000 -2.850000 0.050000 10 40 244
1.150000 -2.850000 0.050000 10 40 244
1.250000 -3.150000 0.050000 10 40 244
1.350000 -3.150000 0.050000 10 40 244
1.250000 -3.050000 0.050000 10 40 244
1.350000 -3.050000 0.050000 10 40 244
1.450000 -3.150000 0.050000 10 40 244
1.550000 -3.150000 0.050000 10 40 244
1.450000 -3.050000 0.050000 10 40 244
1.550000 -3.050000 0.050000 10 40 244
1.250000 -2.950000 0.050000 10 40 244
1.350000 -2.950000 0.050000 10 40 244
1.250000 -2.850000 0.050000 10 40 244
1.350000 -2.850000 0.050000 10 40 244
1.450000 -2.950000 0.050000 10 40 244
1.550000 -2.950000 0.050000 10 40 244
1.450000 -2.850000 0.050000 10 40 244
1.550000 -2.850000 0.050000 10 40 244
0.850000 -2.750000 0.050000 10 40 244
0.950000 -2.750000 0.050000 10 40 244
0.850000 -2.650000 0.050000 10 40 244
0.950000 -2.650000 0.050000 10 40 244
1.050000 -2.750000 0.050000 10 40 244
1.150000 -2.750000 0.050000 10 40 244
1.050000 -2.650000 0.050000 10 40 244
1.150000 -2.650000 0.050000 10 40 244
0.850000 -2.550000 0.050000 10 40 244
0.950000 -2.550000 0.050000 10 40 244
0.850000 -2.450000 0.050000 10 40 244
0.950000 -2.450000 0.050000 10 40 244
1.050000 -2.550000 0.050000 10 40 244
1.150000 -2.550000 0.050000 10 40 244
1.050000 -2.450000 0.050000 10 40 244
1.150000 -2.450000 0.050000 10 40 244
1.250000 -2.750000 0.050000 10 40 244
1.350000 -2.750000 0.050000 10 40 244
1.250000 -2.650000 0.050000 10 40 244
1.350000 -2.650000 0.050000 10 40 244
1.450000 -2.750000 0.050000 10 40 244
1.550000 -2.750000 0.050000 10 40 244
1.450000 -2.650000 0.050000 10 40 244
1.550000 -2.650000 0.050000 10 40 244
1.250000 -2.550000 0.050000 10 40 244
1.350000 -2.550000 0.050000 10 40 244
1.250000 -2.450000 0.050000 10 40 244
1.350000 -2.450000 0.050000 10 40 244
1.450000 -2.550000 0.050000 10 40 244
1.550000 -2.550000 0.050000 10 40 244
1.450000 -2.450000 0.050000 10 40 244
1.550000 -2.450000 0.050000 10 40 244
0.050000 -2.350000 0.050000 10 40 244
0.150000 -2.350000 0.050000 10 40 244
0.050000 -2.250000 0.050000 10 40 244
0.150000 -2.250000 0.050000 10 40 244
0.050000 -2.350000 0.150000 20 40 234
0.050000 -2.250000 0.150000 20 40 234
0.250000 -2.350000 0.050000 10 40 244
0.350000 -2.350000 0.050000 10 40 244
0.250000 -2.250000 0.050000 10 40 244
0.350000 -2.250000 0.050000 10 40 244
0.050000 -2.150000 0.050000 10 40 244
0.150000 -2.150000 0.050000 10 40 244
0.050000 -2.050000 0.050000 10 40 244
0.150000 -2.050000 0.050000 10 40 244
0.050000 -2.150000 0.150000 20 40 234
0.050000 -2.050000 0.150000 20 40 234
0.250000 -2.150000 0.050000 10 40 244
0.350000 -2.150000 0.050000 10 40 244
0.250000 -2.050000 0.050000 10 40 244
0.350000 -2.050000 0.050000 10 40 244
0.050000 -2.350000 0.250000 30 40 224
0.050000 -2.250000 0.250000 30 40 224
0.050000 -2.350000 0.350000 40 40 214
0.050000 -2.250000 0.350000 40 40 214
0.050000 -2.150000 0.250000 30 40 224
0.050000 -2.050000 0.250000 30 40 224
0.050000 -2.150000 0.350000 40 40 214
0.050000 -2.050000 0.350000 40 40 214
0.450000 -2.350000 0.050000 10 40 244
0.550000 -2.350000 0.050000 10 40 244
0.450000 -2.250000 0.050000 10 40 244
0.550000 -2.250000 0.050000 10 40 244
0.650000 -2.350000 0.050000 10 40 244
0.750000 -2.350000 0.050000 10 40 244
0.650000 -2.250000 0.050000 10 40 244
0.750000 -2.250000 0.050000 10 40 244
0.450000 -2.150000 0.050000 10 40 244
0.550000 -2.150000 0.050000 10 40 244
0.450000 -2.050000 0.050000 10 40 244
0.550000 -2.050000 0.050000 10 40 244
0.650000 -2.150000 0.050000 10 40 244
0.750000 -2.150000 0.050000 10 40 244
0.650000 -2.050000 0.050000 10 40 244
0.750000 -2.050000 0.050000 10 40 244
0.050000 -1.950000 0.050000 10 40 244
0.150000 -1.950000 0.050000 10 40 244
0.050000 -1.850000 0.050000 10 40 244
0.150000 -1.850000 0.050000 10 40 244
0.050000 -1.950000 0.150000 20 40 234
0.050000 -1.850000 0.150000 20 40 234
0.250000 -1.950000 0.050000 10 40 244
0.350000 -1.950000 0.050000 10 40 244
0.250000 -1.850000 0.050000 10 40 244
0.350000 -1.850000 0.050000 10 40 244
0.050000 -1.750000 0.050000 10 40 244
0.150000 -1.750000 0.050000 10 40 244
0.050000 -1.650000 0.050000 10 40 244
0.150000 -1.650000 0.050000 10 40 244
0.050000 -1.750000 0.150000 20 40 234
0.050000 -1.650000 0.150000 20 40 234
0.250000 -1.750000 0.050000 10 40 244
0.350000 -1.750000 0.050000 10 40 244
0.250000 -1.650000 0.050000 10 40 244
0.350000 -1.650000 0.050000 10 40 244
0.050000 -1.950000 0.250000 30 40 224
0.050000 -1.850000 0.250000 30 40 224
0.050000 -1.950000 0.350000 40 40 214
0.050000 -1.850000 0.350000 40 40 214
0.050000 -1.750000 0.250000 30 40 224
0.050000 -1.650000 0.250000 30 40 224
0.050000 -1.750000 0.350000 40 40 214
0.050000 -1.650000 0.350000 40 40 214
0.450000 -1.950000 0.050000 10 40 244
0.550000 -1.950000 0.050000 10 40 244
0.450000 -1.850000 0.050000 10 40 244
0.550000 -1.850000 0.050000 10 40 244
0.650000 -1.950000 0.050000 10 40 244
0.750000 -1.950000 0.050000 10 40 244
0.650000 -1.850000 0.050000 10 40 244
0.750000 -1.850000 0.050000 10 40 244
0.450000 -1.750000 0.050000 10 40 244
0.550000 -1.750000 0.050000 10 40 244
0.450000 -1.650000 0.050000 10 40 244
0.550000 -1.650000 0.050000 10 40 244
0.650000 -1.750000 0.050000 10 40 244
0.750000 -1.750000 0.050000 10 40 244
0.650000 -1.650000 0.050000 10 40 244
0.750000 -1.650000 0.050000 10 40 244
0.050000 -2.350000 0.450000 50 40 204
0.050000 -2.250000 0.450000 50 40 204
0.050000 -2.350000 0.550000 61 40 193
0.050000 -2.250000 0.550000 61 40 193
0.050000 -2.150000 0.450000 50 40 204
0.050000 -2.050000 0.450000 50 40 204
0.050000 -2.150000 0.550000 61 40 193
0.050000 -2.050000 0.550000 61 40 193
0.050000 -2.350000 0.650000 71 40 183
0.050000 -2.250000 0.650000 71 40 183
0.050000 -2.350000 0.750000 81 40 173
0.050000 -2.250000 0.750000 81 40 173
0.050000 -2.150000 0.650000 71 40 183
0.050000 -2.050000 0.650000 71 40 183
0.050000 -2.150000 0.750000 81 40 173
0.050000 -2.050000 0.750000 81 40 173
0.050000 -1.950000 0.450000 50 40 204
0.050000 -1.850000 0.450000 50 40 204
0.050000 -1.950000 0.550000 61 40 193
0.050000 -1.850000 0.550000 61 40 193
0.050000 -1.750000 0.450000 50 40 204
0.050000 -1.650000 0.450000 50 40 204
0.050000 -1.750000 0.550000 61 40 193
0.050000 -1.650000 0.550000 61 40 193
0.050000 -1.950000 0.650000 71 40 183
0.050000 -1.850000 0.650000 71 40 183
0.050000 -1.950000 0.750000 81 40 173
0.050000 -1.850000 0.750000 81 40 173
0.050000 -1.750000 0.650000 71 40 183
0.050000 -1.650000 0.650000 71 40 183
0.050000 -1.750000 0.750000 81 40 173
0.050000 -1.650000 0.750000 81 40 173
0.850000 -2.350000 0.050000 10 40 244
0.950000 -2.350000 0.050000 10 40 244
0.850000 -2.250000 0.050000 10 40 244
0.950000 -2.250000 0.050000 10 40 244
1.050000 -2.350000 0.050000 10 40 244
1.150000 -2.350000 0.050000 10 40 244
1.050000 -2.250000 0.050000 10 40 244
1.150000 -2.250000 0.050000 10 40 244
0.850000 -2.150000 0.050000 10 40 244
0.950000 -2.150000 0.050000 10 40 244
0.850000 -2.050000 0.050000 10 40 244
0.950000 -2.050000 0.050000 10 40 244
1.050000 -2.150000 0.050000 10 40 244
1.150000 -2.150000 0.050000 10 40 244
1.050000 -2.050000 0.050000 10 40 244
1.150000 -2.050000 0.050000 10 40 244
1.250000 -2.350000 0.050000 10 40 244
1.350000 -2.350000 0.050000 10 40 244
1.250000 -2.250000 0.050000 10 40 244
1.350000 -2.250000 0.050000 10 40 244
1.450000 -2.350000 0.050000 10 40 244
1.550000 -2.350000 0.050000 10 40 244
1.450000 -2.250000 0.050000 10 40 244
1.550000 -2.250000 0.050000 10 40 244
1.250000 -2.150000 0.050000 10 40 244
1.350000 -2.150000 0.050000 10 40 244
1.250000 -2.050000 0.050000 10 40 244
1.350000 -2.050000 0.050000 10 40 244
1.450000 -2.150000 0.050000 10 40 244
1.550000 -2.150000 0.050000 10 40 244
1.450000 -2.050000 0.050000 10 40 244
1.550000 -2.050000 0.050000 10 40 244
0.850000 -1.950000 0.050000 10 40 244
0.950000 -1.950000 0.050000 10 40 244
0.850000 -1.850000 0.050000 10 40 244
0.950000 -1.850000 0.050000 10 40 244
1.050000 -1.950000 0.050000 10 40 244
1.150000 -1.950000 0.050000 10 40 244
1.050000 -1.850000 0.050000 10 40 244
1.150000 -1.850000 0.050000 10 40 244
0.850000 -1.750000 0.050000 10 40 244
0.950000 -1.750000 0.050000 10 40 244
0.850000 -1.650000 0.050000 10 40 244
0.950000 -1.650000 0.050000 10 40 244
1.050000 -1.750000 0.050000 10 40 244
1.150000 -1.750000 0.050000 10 40 244
1.050000 -1.650000 0.050000 10 40 244
1.150000 -1.650000 0.050000 10 40 244
1.250000 -1.950000 0.050000 10 40 244
1.350000 -1.950000 0.050000 10 40 244
1.250000 -1.850000 0.050000 10 40 244
1.350000 -1.850000 0.050000 10 40 244
1.450000 -1.950000 0.050000 10 40 244
1.550000 -1.950000 0.050000 10 40 244
1.450000 -1.850000 0.050000 10 40 244
1.550000 -1.850000 0.050000 10 40 244
1.250000 -1.750000 0.050000 10 40 244
1.350000 -1.750000 0.050000 10 40 244
1.250000 -1.650000 0.050000 10 40 244
1.350000 -1.650000 0.050000 10 40 244
1.450000 -1.750000 0.050000 10 40 244
1.550000 -1.750000 0.050000 10 40 244
1.450000 -1.650000 0.050000 10 40 244
1.550000 -1.650000 0.050000 10 40 244
0.050000 -2.350000 0.850000 91 40 163
0.050000 -2.250000 0.850000 91 40 163
0.050000 -2.250000 0.950000 101 40 153
0.050000 -2.150000 0.850000 91 40 163
0.050000 -2.050000 0.850000 91 40 163
0.050000 -2.150000 0.950000 101 40 153
0.050000 -2.050000 0.950000 101 40 153
0.050000 -2.150000 1.050000 112 40 142
0.050000 -2.050000 1.050000 112 40 142
0.050000 -2.150000 1.150000 122 40 132
0.050000 -2.050000 1.150000 122 40 132
0.050000 -1.950000 0.850000 91 40 163
0.050000 -1.850000 0.850000 91 40 163
0.050000 -1.950000 0.950000 101 40 153
0.050000 -1.850000 0.950000 101 40 153
0.050000 -1.750000 0.850000 91 40 163
0.050000 -1.650000 0.850000 91 40 163
0.050000 -1.750000 0.950000 101 40 153
0.050000 -1.650000 0.950000 101 40 153
0.050000 -1.950000 1.050000 112 40 142
0.050000 -1.850000 1.050000 112 40 142
0.050000 -1.950000 1.150000 122 40 132
0.050000 -1.850000 1.150000 122 40 132
0.050000 -1.750000 1.050000 112 40 142
0.050000 -1.650000 1.050000 112 40 142
0.050000 -1.750000 1.150000 122 40 132
0.050000 -1.650000 1.150000 122 40 132
0.050000 -2.050000 1.250000 132 40 122
0.050000 -1.950000 1.250000 132 40 122
0.050000 -1.850000 1.250000 132 40 122
0.050000 -1.950000 1.350000 142 40 112
0.050000 -1.850000 1.350000 142 40 112
0.050000 -1.750000 1.250000 132 40 122
0.050000 -1.650000 1.250000 132 40 122
0.050000 -1.750000 1.350000 142 40 112
0.050000 -1.650000 1.350000 142 40 112
0.050000 -1.950000 1.450000 153 40 101
0.050000 -1.850000 1.450000 153 40 101
0.050000 -1.750000 1.450000 153 40 101
0.050000 -1.650000 1.450000 153 40 101
0.050000 -1.750000 1.550000 163 40 91
0.050000 -1.650000 1.550000 163 40 91
1.650000 -3.150000 0.050000 10 40 244
1.750000 -3.150000 0.050000 10 40 244
1.650000 -3.050000 0.050000 10 40 244
1.750000 -3.050000 0.050000 10 40 244
1.850000 -3.150000 0.050000 10 40 244
1.950000 -3.150000 0.050000 10 40 244
1.850000 -3.050000 0.050000 10 40 244
1.950000 -3.050000 0.050000 10 40 244
1.650000 -2.950000 0.050000 10 40 244
1.750000 -2.950000 0.050000 10 40 244
1.650000 -2.850000 0.050000 10 40 244
1.750000 -2.850000 0.050000 10 40 244
1.850000 -2.950000 0.050000 10 40 244
1.950000 -2.950000 0.050000 10 40 244
1.850000 -2.850000 0.050000 10 40 244
1.950000 -2.850000 0.050000 10 40 244
2.050000 -3.150000 0.050000 10 40 244
2.150000 -3.150000 0.050000 10 40 244
2.050000 -3.050000 0.050000 10 40 244
2.150000 -3.050000 0.050000 10 40 244
2.250000 -3.150000 0.050000 10 40 244
2.350000 -3.150000 0.050000 10 40 244
2.250000 -3.050000 0.050000 10 40 244
2.350000 -3.050000 0.050000 10 40 244
2.050000 -2.950000 0.050000 10 40 244
2.150000 -2.950000 0.050000 10 40 244
2.050000 -2.850000 0.050000 10 40 244
2.150000 -2.850000 0.050000 10 40 244
2.250000 -2.950000 0.050000 10 40 244
2.350000 -2.950000 0.050000 10 40 244
2.250000 -2.850000 0.050000 10 40 244
2.350000 -2.850000 0.050000 10 40 244
1.650000 -2.750000 0.050000 10 40 244
1.750000 -2.750000 0.050000 10 40 244
1.650000 -2.650000 0.050000 10 40 244
1.750000 -2.650000 0.050000 10 40 244
1.850000 -2.750000 0.050000 10 40 244
1.950000 -2.750000 0.050000 10 40 244
1.850000 -2.650000 0.050000 10 40 244
1.950000 -2.650000 0.050000 10 40 244
1.650000 -2.550000 0.050000 10 40 244
1.750000 -2.550000 0.050000 10 40 244
1.650000 -2.450000 0.050000 10 40 244
1.750000 -2.450000 0.050000 10 40 244
1.850000 -2.550000 0.050000 10 40 244
1.950000 -2.550000 0.050000 10 40 244
1.850000 -2.450000 0.050000 10 40 244
1.950000 -2.450000 0.050000 10 40 244
2.050000 -2.750000 0.050000 10 40 244
2.150000 -2.750000 0.050000 10 40 244
2.050000 -2.650000 0.050000 10 40 244
2.150000 -2.650000 0.050000 10 40 244
2.250000 -2.750000 0.050000 10 40 244
2.350000 -2.750000 0.050000 10 40 244
2.250000 -2.650000 0.050000 10 40 244
2.350000 -2.650000 0.050000 10 40 244
2.050000 -2.550000 0.050000 10 40 244
2.150000 -2.550000 0.050000 10 40 244
2.050000 -2.450000 0.050000 10 40 244
2.150000 -2.450000 0.050000 10 40 244
2.250000 -2.550000 0.050000 10 40 244
2.350000 -2.550000 0.050000 10 40 244
2.250000 -2.450000 0.050000 10 40 244
2.350000 -2.450000 0.050000 10 40 244
2.450000 -3.150000 0.050000 10 40 244
2.550000 -3.150000 0.050000 10 40 244
2.450000 -3.050000 0.050000 10 40 244
2.550000 -3.050000 0.050000 10 40 244
2.650000 -3.150000 0.050000 10 40 244
2.750000 -3.150000 0.050000 10 40 244
2.650000 -3.050000 0.050000 10 40 244
2.750000 -3.050000 0.050000 10 40 244
2.450000 -2.950000 0.050000 10 40 244
2.550000 -2.950000 0.050000 10 40 244
2.450000 -2.850000 0.050000 10 40 244
2.550000 -2.850000 0.050000 10 40 244
2.650000 -2.950000 0.050000 10 40 244
2.750000 -2.950000 0.050000 10 40 244
2.650000 -2.850000 0.050000 10 40 244
2.750000 -2.850000 0.050000 10 40 244
2.850000 -3.150000 0.050000 10 40 244
2.950000 -3.150000 0.050000 10 40 244
2.850000 -3.050000 0.050000 10 40 244
2.950000 -3.050000 0.050000 10 40 244
3.050000 -3.150000 0.050000 10 40 244
3.150000 -3.150000 0.050000 10 40 244
3.050000 -3.050000 0.050000 10 40 244
3.150000 -3.050000 0.050000 10 40 244
2.850000 -2.950000 0.050000 10 40 244
2.950000 -2.950000 0.050000 10 40 244
2.850000 -2.850000 0.050000 10 40 244
2.950000 -2.850000 0.050000 10 40 244
3.050000 -2.950000 0.050000 10 40 244
3.150000 -2.950000 0.050000 10 40 244
3.050000 -2.850000 0.050000 10 40 244
3.150000 -2.850000 0.050000 10 40 244
2.450000 -2.750000 0.050000 10 40 244
2.550000 -2.750000 0.050000 10 40 244
2.450000 -2.650000 0.050000 10 40 244
2.550000 -2.650000 0.050000 10 40 244
2.650000 -2.750000 0.050000 10 40 244
2.750000 -2.750000 0.050000 10 40 244
2.650000 -2.650000 0.050000 10 40 244
2.750000 -2.650000 0.050000 10 40 244
2.450000 -2.550000 0.050000 10 40 244
2.550000 -2.550000 0.050000 10 40 244
2.450000 -2.450000 0.050000 10 40 244
2.550000 -2.450000 0.050000 10 40 244
2.650000 -2.550000 0.050000 10 40 244
2.750000 -2.550000 0.050000 10 40 244
2.650000 -2.450000 0.050000 10 40 244
2.750000 -2.450000 0.050000 10 40 244
2.850000 -2.750000 0.050000 10 40 244
2.950000 -2.750000 0.050000 10 40 244
2.850000 -2.650000 0.050000 10 40 244
2.950000 -2.650000 0.050000 10 40 244
3.050000 -2.750000 0.050000 10 40 244
3.150000 -2.750000 0.050000 10 40 244
3.050000 -2.650000 0.050000 10 40 244
3.150000 -2.650000 0.050000 10 40 244
2.850000 -2.550000 0.050000 10 40 244
2.950000 -2.550000 0.050000 10 40 244
2.850000 -2.450000 0.050000 10 40 244
2.950000 -2.450000 0.050000 10 40 244
3.050000 -2.550000 0.050000 10 40 244
3.150000 -2.550000 0.050000 10 40 244
3.050000 -2.450000 0.050000 10 40 244
3.150000 -2.450000 0.050000 10 40 244
1.650000 -2.350000 0.050000 10 40 244
1.750000 -2.350000 0.050000 10 40 244
1.650000 -2.250000 0.050000 10 40 244
1.750000 -2.250000 0.050000 10 40 244
1.850000 -2.350000 0.050000 10 40 244
1.950000 -2.350000 0.050000 10 40 244
1.850000 -2.250000 0.050000 10 40 244
1.950000 -2.250000 0.050000 10 40 244
1.650000 -2.150000 0.050000 10 40 244
1.750000 -2.150000 0.050000 10 40 244
1.650000 -2.050000 0.050000 10 40 244
1.750000 -2.050000 0.050000 10 40 244
1.850000 -2.150000 0.050000 10 40 244
1.950000 -2.150000 0.050000 10 40 244
1.850000 -2.050000 0.050000 10 40 244
1.950000 -2.050000 0.050000 10 40 244
2.050000 -2.350000 0.050000 10 40 244
2.150000 -2.350000 0.050000 10 40 244
2.050000 -2.250000 0.050000 10 40 244
2.150000 -2.250000 0.050000 10 40 244
2.250000 -2.350000 0.050000 10 40 244
2.350000 -2.350000 0.050000 10 40 244
2.250000 -2.250000 0.050000 10 40 244
2.350000 -2.250000 0.050000 10 40 244
2.050000 -2.150000 0.050000 10 40 244
2.150000 -2.150000 0.050000 10 40 244
2.050000 -2.050000 0.050000 10 40 244
2.150000 -2.050000 0.050000 10 40 244
2.250000 -2.150000 0.050000 10 40 244
2.350000 -2.150000 0.050000 10 40 244
2.250000 -2.050000 0.050000 10 40 244
2.350000 -2.050000 0.050000 10 40 244
1.650000 -1.950000 0.050000 10 40 244
1.750000 -1.950000 0.050000 10 40 244
1.650000 -1.850000 0.050000 10 40 244
1.750000 -1.850000 0.050000 10 40 244
1.850000 -1.950000 0.050000 10 40 244
1.950000 -1.950000 0.050000 10 40 244
1.850000 -1.850000 0.050000 10 40 244
1.950000 -1.850000 0.050000 10 40 244
1.650000 -1.750000 0.050000 10 40 244
1.750000 -1.750000 0.050000 10 40 244
1.650000 -1.650000 0.050000 10 40 244
1.750000 -1.650000 0.050000 10 40 244
1.850000 -1.750000 0.050000 10 40 244
1.950000 -1.750000 0.050000 10 40 244
1.850000 -1.650000 0.050000 10 40 244
1.950000 -1.650000 0.050000 10 40 244
2.050000 -1.950000 0.050000 10 40 244
2.150000 -1.950000 0.050000 10 40 244
2.050000 -1.850000 0.050000 10 40 244
2.150000 -1.850000 0.050000 10 40 244
2.250000 -1.950000 0.050000 10 40 244
2.350000 -1.950000 0.050000 10 40 244
2.250000 -1.850000 0.050000 10 40 244
2.350000 -1.850000 0.050000 10 40 244
2.050000 -1.750000 0.050000 10 40 244
2.150000 -1.750000 0.050000 10 40 244
2.050000 -1.650000 0.050000 10 40 244
2.150000 -1.650000 0.050000 10 40 244
2.250000 -1.750000 0.050000 10 40 244
2.350000 -1.750000 0.050000 10 40 244
2.250000 -1.650000 0.050000 10 40 244
2.350000 -1.650000 0.050000 10 40 244
2.450000 -2.350000 0.050000 10 40 244
2.550000 -2.350000 0.050000 10 40 244
2.450000 -2.250000 0.050000 10 40 244
2.550000 -2.250000 0.050000 10 40 244
2.650000 -2.350000 0.050000 10 40 244
2.750000 -2.350000 0.050000 10 40 244
2.650000 -2.250000 0.050000 10 40 244
2.750000 -2.250000 0.050000 10 40 244
2.450000 -2.150000 0.050000 10 40 244
2.550000 -2.150000 0.050000 10 40 244
2.450000 -2.050000 0.050000 10 40 244
2.550000 -2.050000 0.050000 10 40 244
2.650000 -2.150000 0.050000 10 40 244
2.750000 -2.150000 0.050000 10 40 244
2.650000 -2.050000 0.050000 10 40 244
2.750000 -2.050000 0.050000 10 40 244
2.850000 -2.350000 0.050000 10 40 244
2.950000 -2.350000 0.050000 10 40 244
2.850000 -2.250000 0.050000 10 40 244
2.950000 -2.250000 0.050000 10 40 244
3.050000 -2.350000 0.050000 10 40 244
3.150000 -2.350000 0.050000 10 40 244
3.050000 -2.250000 0.050000 10 40 244
3.150000 -2.250000 0.050000 10 40 244
2.850000 -2.150000 0.050000 10 40 244
2.950000 -2.150000 0.050000 10 40 244
2.850000 -2.050000 0.050000 10 40 244
2.950000 -2.050000 0.050000 10 40 244
3.050000 -2.150000 0.050000 10 40 244
3.150000 -2.150000 0.050000 10 40 244
3.050000 -2.050000 0.050000 10 40 244
3.150000 -2.050000 0.050000 10 40 244
2.450000 -1.950000 0.050000 10 40 244
2.550000 -1.950000 0.050000 10 40 244
2.450000 -1.850000 0.050000 10 40 244
2.550000 -1.850000 0.050000 10 40 244
2.650000 -1.950000 0.050000 10 40 244
2.750000 -1.950000 0.050000 10 40 244
2.650000 -1.850000 0.050000 10 40 244
2.750000 -1.850000 0.050000 10 40 244
2.450000 -1.750000 0.050000 10 40 244
2.550000 -1.750000 0.050000 10 40 244
2.450000 -1.650000 0.050000 10 40 244
2.550000 -1.650000 0.050000 10 40 244
2.650000 -1.750000 0.050000 10 40 244
2.750000 -1.750000 0.050000 10 40 244
2.650000 -1.650000 0.050000 10 40 244
2.750000 -1.650000 0.050000 10 40 244
2.850000 -1.950000 0.050000 10 40 244
2.950000 -1.950000 0.050000 10 40 244
2.850000 -1.850000 0.050000 10 40 244
2.950000 -1.850000 0.050000 10 40 244
3.050000 -1.950000 0.050000 10 40 244
3.150000 -1.950000 0.050000 10 40 244
3.050000 -1.850000 0.050000 10 40 244
3.150000 -1.850000 0.050000 10 40 244
2.850000 -1.750000 0.050000 10 40 244
2.950000 -1.750000 0.050000 10 40 244
2.850000 -1.650000 0.050000 10 40 244
2.950000 -1.650000 0.050000 10 40 244
3.050000 -1.750000 0.050000 10 40 244
3.150000 -1.750000 0.050000 10 40 244
3.050000 -1.650000 0.050000 10 40 244
3.150000 -1.650000 0.050000 10 40 244
0.050000 -1.550000 0.050000 10 40 244
0.150000 -1.550000 0.050000 10 40 244
0.050000 -1.450000 0.050000 10 40 244
0.150000 -1.450000 0.050000 10 40 244
0.050000 -1.550000 0.150000 20 40 234
0.050000 -1.450000 0.150000 20 40 234
0.250000 -1.550000 0.050000 10 40 244
0.350000 -1.550000 0.050000 10 40 244
0.250000 -1.450000 0.050000 10 40 244
0.350000 -1.450000 0.050000 10 40 244
0.050000 -1.350000 0.050000 10 40 244
0.150000 -1.350000 0.050000 10 40 244
0.050000 -1.250000 0.050000 10 40 244
0.150000 -1.250000 0.050000 10 40 244
0.050000 -1.350000 0.150000 20 40 234
0.050000 -1.250000 0.150000 20 40 234
0.250000 -1.350000 0.050000 10 40 244
0.350000 -1.350000 0.050000 10 40 244
0.250000 -1.250000 0.050000 10 40 244
0.350000 -1.250000 0.050000 10 40 244
0.050000 -1.550000 0.250000 30 40 224
0.050000 -1.450000 0.250000 30 40 224
0.050000 -1.550000 0.350000 40 40 214
0.050000 -1.450000 0.350000 40 40 214
0.050000 -1.350000 0.250000 30 40 224
0.050000 -1.250000 0.250000 30 40 224
0.050000 -1.350000 0.350000 40 40 214
0.050000 -1.250000 0.350000 40 40 214
0.450000 -1.550000 0.050000 10 40 244
0.550000 -1.550000 0.050000 10 40 244
0.450000 -1.450000 0.050000 10 40 244
0.550000 -1.450000 0.050000 10 40 244
0.650000 -1.550000 0.050000 10 40 244
0.750000 -1.550000 0.050000 10 40 244
0.650000 -1.450000 0.050000 10 40 244
0.750000 -1.450000 0.050000 10 40 244
0.450000 -1.350000 0.050000 10 40 244
0.550000 -1.350000 0.050000 10 40 244
0.450000 -1.250000 0.050000 10 40 244
0.550000 -1.250000 0.050000 10 40 244
0.650000 -1.350000 0.050000 10 40 244
0.750000 -1.350000 0.050000 10 40 244
0.650000 -1.250000 0.050000 10 40 244
0.750000 -1.250000 0.050000 10 40 244
0.050000 -1.150000 0.050000 10 40 244
0.150000 -1.150000 0.050000 10 40 244
0.050000 -1.050000 0.050000 10 40 244
0.150000 -1.050000 0.050000 10 40 244
0.050000 -1.150000 0.150000 20 40 234
0.050000 -1.050000 0.150000 20 40 234
0.250000 -1.150000 0.050000 10 40 244
0.350000 -1.150000 0.050000 10 40 244
0.250000 -1.050000 0.050000 10 40 244
0.350000 -1.050000 0.050000 10 40 244
0.050000 -0.950000 0.050000 10 40 244
0.150000 -0.950000 0.050000 10 40 244
0.050000 -0.850000 0.050000 10 40 244
0.150000 -0.850000 0.050000 10 40 244
0.050000 -0.950000 0.150000 20 40 234
0.050000 -0.850000 0.150000 20 40 234
0.250000 -0.950000 0.050000 10 40 244
0.350000 -0.950000 0.050000 10 40 244
0.250000 -0.850000 0.050000 10 40 244
0.350000 -0.850000 0.050000 10 40 244
0.050000 -1.150000 0.250000 30 40 224
0.050000 -1.050000 0.250000 30 40 224
0.050000 -1.150000 0.350000 40 40 214
0.050000 -1.050000 0.350000 40 40 214
0.050000 -0.950000 0.250000 30 40 224
0.050000 -0.850000 0.250000 30 40 224
0.050000 -0.950000 0.350000 40 40 214
0.050000 -0.850000 0.350000 40 40 214
0.450000 -1.150000 0.050000 10 40 244
0.550000 -1.150000 0.050000 10 40 244
0.450000 -1.050000 0.050000 10 40 244
0.550000 -1.050000 0.050000 10 40 244
0.650000 -1.150000 0.050000 10 40 244
0.750000 -1.150000 0.050000 10 40 244
0.650000 -1.050000 0.050000 10 40 244
0.750000 -1.050000 0.050000 10 40 244
0.450000 -0.950000 0.050000 10 40 244
0.550000 -0.950000 0.050000 10 40 244
0.450000 -0.850000 0.050000 10 40 244
0.550000 -0.850000 0.050000 10 40 244
0.650000 -0.950000 0.050000 10 40 244
0.750000 -0.950000 0.050000 10 40 244
0.650000 -0.850000 0.050000 10 40 244
0.750000 -0.850000 0.050000 10 40 244
0.050000 -1.550000 0.450000 50 40 204
0.050000 -1.450000 0.450000 50 40 204
0.050000 -1.550000 0.550000 61 40 193
0.050000 -1.450000 0.550000 61 40 193
0.050000 -1.350000 0.450000 50 40 204
0.050000 -1.250000 0.450000 50 40 204
0.050000 -1.350000 0.550000 61 40 193
0.050000 -1.250000 0.550000 61 40 193
0.050000 -1.550000 0.650000 71 40 183
0.050000 -1.450000 0.650000 71 40 183
0.050000 -1.550000 0.750000 81 40 173
0.050000 -1.450000 0.750000 81 40 173
0.050000 -1.350000 0.650000 71 40 183
0.050000 -1.250000 0.650000 71 40 183
0.050000 -1.350000 0.750000 81 40 173
0.050000 -1.250000 0.750000 81 40 173
0.050000 -1.150000 0.450000 50 40 204
0.050000 -1.050000 0.450000 50 40 204
0.050000 -1.150000 0.550000 61 40 193
0.050000 -1.050000 0.550000 61 40 193
0.050000 -0.950000 0.450000 50 40 204
0.050000 -0.850000 0.450000 50 40 204
0.050000 -0.950000 0.550000 61 40 193
0.050000 -0.850000 0.550000 61 40 193
0.050000 -1.150000 0.650000 71 40 183
0.050000 -1.050000 0.650000 71 40 183
0.050000 -1.150000 0.750000 81 40 173
0.050000 -1.050000 0.750000 81 40 173
0.050000 -0.950000 0.650000 71 40 183
0.050000 -0.850000 0.650000 71 40 183
0.050000 -0.950000 0.750000 81 40 173
0.050000 -0.850000 0.750000 81 40 173
0.850000 -1.550000 0.050000 10 40 244
0.950000 -1.550000 0.050000 10 40 244
0.850000 -1.450000 0.050000 10 40 244
0.950000 -1.450000 0.050000 10 40 244
1.050000 -1.550000 0.050000 10 40 244
1.150000 -1.550000 0.050000 10 40 244
1.050000 -1.450000 0.050000 10 40 244
1.150000 -1.450000 0.050000 10 40 244
0.850000 -1.350000 0.050000 10 40 244
0.950000 -1.350000 0.050000 10 40 244
0.850000 -1.250000 0.050000 10 40 244
0.950000 -1.250000 0.050000 10 40 244
1.050000 -1.350000 0.050000 10 40 244
1.150000 -1.350000 0.050000 10 40 244
1.050000 -1.250000 0.050000 10 40 244
1.150000 -1.250000 0.050000 10 40 244
1.250000 -1.550000 0.050000 10 40 244
1.350000 -1.550000 0.050000 10 40 244
1.250000 -1.450000 0.050000 10 40 244
1.350000 -1.450000 0.050000 10 40 244
1.450000 -1.550000 0.050000 10 40 244
1.550000 -1.550000 0.050000 10 40 244
1.450000 -1.450000 0.050000 10 40 244
1.550000 -1.450000 0.050000 10 40 244
1.250000 -1.350000 0.050000 10 40 244
1.350000 -1.350000 0.050000 10 40 244
1.250000 -1.250000 0.050000 10 40 244
1.350000 -1.250000 0.050000 10 40 244
1.450000 -1.350000 0.050000 10 40 244
1.550000 -1.350000 0.050000 10 40 244
1.450000 -1.250000 0.050000 10 40 244
1.550000 -1.250000 0.050000 10 40 244
0.850000 -1.150000 0.050000 10 40 244
0.950000 -1.150000 0.050000 10 40 244
0.850000 -1.050000 0.050000 10 40 244
0.950000 -1.050000 0.050000 10 40 244
1.050000 -1.150000 0.050000 10 40 244
1.150000 -1.150000 0.050000 10 40 244
1.050000 -1.050000 0.050000 10 40 244
1.150000 -1.050000 0.050000 10 40 244
0.850000 -0.950000 0.050000 10 40 244
0.950000 -0.950000 0.050000 10 40 244
0.850000 -0.850000 0.050000 10 40 244
0.950000 -0.850000 0.050000 10 40 244
1.050000 -0.950000 0.050000 10 40 244
1.150000 -0.950000 0.050000 10 40 244
1.050000 -0.850000 0.050000 10 40 244
1.150000 -0.850000 0.050000 10 40 244
1.250000 -1.150000 0.050000 10 40 244
1.350000 -1.150000 0.050000 10 40 244
1.250000 -1.050000 0.050000 10 40 244
1.350000 -1.050000 0.050000 10 40 244
1.450000 -1.150000 0.050000 10 40 244
1.550000 -1.150000 0.050000 10 40 244
1.450000 -1.050000 0.050000 10 40 244
1.550000 -1.050000 0.050000 10 40 244
1.250000 -0.950000 0.050000 10 40 244
1.350000 -0.950000 0.050000 10 40 244
1.250000 -0.850000 0.050000 10 40 244
1.350000 -0.850000 0.050000 10 40 244
1.450000 -0.950000 0.050000 10 40 244
1.550000 -0.950000 0.050000 10 40 244
1.450000 -0.850000 0.050000 10 40 244
1.550000 -0.850000 0.050000 10 40 244
0.050000 -0.750000 0.050000 10 40 244
0.150000 -0.750000 0.050000 10 40 244
0.050000 -0.750000 0.150000 20 40 234
0.050000 -0.650000 0.150000 20 40 234
0.150000 -0.650000 0.150000 20 40 234
0.250000 -0.750000 0.050000 10 40 244
0.350000 -0.750000 0.050000 10 40 244
0.250000 -0.650000 0.150000 20 40 234
0.350000 -0.650000 0.150000 20 40 234
0.050000 -0.750000 0.250000 30 40 224
0.050000 -0.650000 0.250000 30 40 224
0.050000 -0.750000 0.350000 40 40 214
0.050000 -0.650000 0.350000 40 40 214
0.150000 -0.650000 0.350000 40 40 214
0.250000 -0.650000 0.350000 40 40 214
0.350000 -0.650000 0.350000 40 40 214
0.450000 -0.750000 0.050000 10 40 244
0.550000 -0.750000 0.050000 10 40 244
0.550000 -0.650000 0.050000 10 40 244
0.450000 -0.650000 0.150000 20 40 234
0.550000 -0.650000 0.150000 20 40 234
0.650000 -0.750000 0.050000 10 40 244
0.750000 -0.750000 0.050000 10 40 244
0.650000 -0.650000 0.050000 10 40 244
0.750000 -0.650000 0.050000 10 40 244
0.750000 -0.750000 0.150000 20 40 234
0.650000 -0.650000 0.150000 20 40 234
0.750000 -0.650000 0.150000 20 40 234
0.550000 -0.550000 0.050000 10 40 244
0.550000 -0.450000 0.050000 10 40 244
0.650000 -0.550000 0.050000 10 40 244
0.750000 -0.550000 0.050000 10 40 244
0.650000 -0.450000 0.050000 10 40 244
0.750000 -0.450000 0.050000 10 40 244
0.450000 -0.650000 0.350000 40 40 214
0.550000 -0.650000 0.350000 40 40 214
0.750000 -0.650000 0.250000 30 40 224
0.650000 -0.650000 0.350000 40 40 214
0.750000 -0.650000 0.350000 40 40 214
0.750000 -0.550000 0.350000 40 40 214
0.450000 -0.350000 0.050000 10 40 244
0.550000 -0.350000 0.050000 10 40 244
0.450000 -0.250000 0.050000 10 40 244
0.550000 -0.250000 0.050000 10 40 244
0.650000 -0.350000 0.050000 10 40 244
0.750000 -0.350000 0.050000 10 40 244
0.650000 -0.250000 0.050000 10 40 244
0.750000 -0.250000 0.050000 10 40 244
0.450000 -0.150000 0.050000 10 40 244
0.550000 -0.150000 0.050000 10 40 244
0.450000 -0.050000 0.050000 10 40 244
0.550000 -0.050000 0.050000 10 40 244
0.650000 -0.150000 0.050000 10 40 244
0.750000 -0.150000 0.050000 10 40 244
0.650000 -0.050000 0.050000 10 40 244
0.750000 -0.050000 0.050000 10 40 244
0.050000 -0.750000 0.450000 50 40 204
0.050000 -0.650000 0.450000 50 40 204
0.150000 -0.650000 0.450000 50 40 204
0.050000 -0.750000 0.550000 61 40 193
0.050000 -0.650000 0.550000 61 40 193
0.250000 -0.650000 0.450000 50 40 204
0.350000 -0.650000 0.450000 50 40 204
0.050000 -0.550000 0.450000 50 40 204
0.150000 -0.550000 0.450000 50 40 204
0.050000 -0.550000 0.550000 61 40 193
0.150000 -0.550000 0.550000 61 40 193
0.050000 -0.450000 0.550000 61 40 193
0.150000 -0.450000 0.550000 61 40 193
0.250000 -0.550000 0.450000 50 40 204
0.350000 -0.550000 0.450000 50 40 204
0.250000 -0.550000 0.550000 61 40 193
0.350000 -0.550000 0.550000 61 40 193
0.250000 -0.450000 0.550000 61 40 193
0.350000 -0.450000 0.550000 61 40 193
0.050000 -0.750000 0.650000 71 40 183
0.050000 -0.650000 0.650000 71 40 183
0.050000 -0.750000 0.750000 81 40 173
0.050000 -0.650000 0.750000 81 40 173
0.050000 -0.450000 0.650000 71 40 183
0.150000 -0.450000 0.650000 71 40 183
0.250000 -0.450000 0.650000 71 40 183
0.350000 -0.450000 0.650000 71 40 183
0.450000 -0.650000 0.450000 50 40 204
0.550000 -0.650000 0.450000 50 40 204
0.650000 -0.650000 0.450000 50 40 204
0.450000 -0.550000 0.450000 50 40 204
0.550000 -0.550000 0.450000 50 40 204
0.450000 -0.550000 0.550000 61 40 193
0.550000 -0.550000 0.550000 61 40 193
0.450000 -0.450000 0.550000 61 40 193
0.550000 -0.450000 0.550000 61 40 193
0.650000 -0.550000 0.450000 50 40 204
0.750000 -0.550000 0.450000 50 40 204
0.650000 -0.550000 0.550000 61 40 193
0.750000 -0.550000 0.550000 61 40 193
0.650000 -0.450000 0.550000 61 40 193
0.750000 -0.450000 0.550000 61 40 193
0.450000 -0.450000 0.650000 71 40 183
0.550000 -0.450000 0.650000 71 40 183
0.650000 -0.450000 0.650000 71 40 183
0.750000 -0.450000 0.650000 71 40 183
0.050000 -0.350000 0.650000 71 40 183
0.150000 -0.350000 0.650000 71 40 183
0.050000 -0.250000 0.650000 71 40 183
0.150000 -0.250000 0.650000 71 40 183
0.050000 -0.250000 0.750000 81 40 173
0.150000 -0.250000 0.750000 81 40 173
0.250000 -0.350000 0.650000 71 40 183
0.350000 -0.350000 0.650000 71 40 183
0.250000 -0.250000 0.650000 71 40 183
0.350000 -0.250000 0.650000 71 40 183
0.250000 -0.250000 0.750000 81 40 173
0.350000 -0.250000 0.750000 81 40 173
0.050000 -0.150000 0.750000 81 40 173
0.150000 -0.150000 0.750000 81 40 173
0.050000 -0.050000 0.750000 81 40 173
0.150000 -0.050000 0.750000 81 40 173
0.250000 -0.150000 0.750000 81 40 173
0.350000 -0.150000 0.750000 81 40 173
0.250000 -0.050000 0.750000 81 40 173
0.350000 -0.050000 0.750000 81 40 173
0.450000 -0.350000 0.650000 71 40 183
0.550000 -0.350000 0.650000 71 40 183
0.450000 -0.250000 0.650000 71 40 183
0.550000 -0.250000 0.650000 71 40 183
0.450000 -0.250000 0.750000 81 40 173
0.550000 -0.250000 0.750000 81 40 173
0.650000 -0.350000 0.650000 71 40 183
0.750000 -0.350000 0.650000 71 40 183
0.650000 -0.250000 0.650000 71 40 183
0.750000 -0.250000 0.650000 71 40 183
0.650000 -0.250000 0.750000 81 40 173
0.750000 -0.250000 0.750000 81 40 173
0.450000 -0.150000 0.750000 81 40 173
0.550000 -0.150000 0.750000 81 40 173
0.450000 -0.050000 0.750000 81 40 173
0.550000 -0.050000 0.750000 81 40 173
0.750000 -0.150000 0.650000 71 40 183
0.750000 -0.050000 0.650000 71 40 183
0.650000 -0.150000 0.750000 81 40 173
0.750000 -0.150000 0.750000 81 40 173
0.650000 -0.050000 0.750000 81 40 173
0.750000 -0.050000 0.750000 81 40 173
0.850000 -0.750000 0.050000 10 40 244
0.950000 -0.750000 0.050000 10 40 244
0.850000 -0.650000 0.050000 10 40 244
0.950000 -0.650000 0.050000 10 40 244
1.050000 -0.750000 0.050000 10 40 244
1.150000 -0.750000 0.050000 10 40 244
1.050000 -0.650000 0.050000 10 40 244
1.150000 -0.650000 0.050000 10 40 244
0.850000 -0.550000 0.050000 10 40 244
0.950000 -0.550000 0.050000 10 40 244
0.850000 -0.450000 0.050000 10 40 244
0.950000 -0.450000 0.050000 10 40 244
1.050000 -0.550000 0.050000 10 40 244
1.150000 -0.550000 0.050000 10 40 244
1.050000 -0.450000 0.050000 10 40 244
1.150000 -0.450000 0.050000 10 40 244
1.250000 -0.750000 0.050000 10 40 244
1.350000 -0.750000 0.050000 10 40 244
1.250000 -0.650000 0.050000 10 40 244
1.350000 -0.650000 0.050000 10 40 244
1.450000 -0.750000 0.050000 10 40 244
1.550000 -0.750000 0.050000 10 40 244
1.450000 -0.650000 0.050000 10 40 244
1.550000 -0.650000 0.050000 10 40 244
1.250000 -0.550000 0.050000 10 40 244
1.350000 -0.550000 0.050000 10 40 244
1.250000 -0.450000 0.050000 10 40 244
1.350000 -0.450000 0.050000 10 40 244
1.450000 -0.550000 0.050000 10 40 244
1.550000 -0.550000 0.050000 10 40 244
1.450000 -0.450000 0.050000 10 40 244
1.550000 -0.450000 0.050000 10 40 244
0.850000 -0.350000 0.050000 10 40 244
0.950000 -0.350000 0.050000 10 40 244
0.850000 -0.250000 0.050000 10 40 244
0.950000 -0.250000 0.050000 10 40 244
1.050000 -0.350000 0.050000 10 40 244
1.150000 -0.350000 0.050000 10 40 244
1.050000 -0.250000 0.050000 10 40 244
1.150000 -0.250000 0.050000 10 40 244
0.850000 -0.150000 0.050000 10 40 244
0.950000 -0.150000 0.050000 10 40 244
0.850000 -0.050000 0.050000 10 40 244
0.950000 -0.050000 0.050000 10 40 244
1.050000 -0.150000 0.050000 10 40 244
1.150000 -0.150000 0.050000 10 40 244
1.050000 -0.050000 0.050000 10 40 244
1.150000 -0.050000 0.050000 10 40 244
1.250000 -0.350000 0.050000 10 40 244
1.350000 -0.350000 0.050000 10 40 244
1.250000 -0.250000 0.050000 10 40 244
1.350000 -0.250000 0.050000 10 40 244
1.450000 -0.350000 0.050000 10 40 244
1.550000 -0.350000 0.050000 10 40 244
1.450000 -0.250000 0.050000 10 40 244
1.550000 -0.250000 0.050000 10 40 244
1.250000 -0.150000 0.050000 10 40 244
1.350000 -0.150000 0.050000 10 40 244
1.250000 -0.050000 0.050000 10 40 244
1.350000 -0.050000 0.050000 10 40 244
1.450000 -0.150000 0.050000 10 40 244
1.550000 -0.150000 0.050000 10 40 244
1.450000 -0.050000 0.050000 10 40 244
1.550000 -0.050000 0.050000 10 40 244
0.050000 -1.550000 0.850000 91 40 163
0.050000 -1.450000 0.850000 91 40 163
0.050000 -1.550000 0.950000 101 40 153
0.050000 -1.450000 0.950000 101 40 153
0.050000 -1.350000 0.850000 91 40 163
0.050000 -1.250000 0.850000 91 40 163
0.050000 -1.350000 0.950000 101 40 153
0.050000 -1.250000 0.950000 101 40 153
0.050000 -1.550000 1.050000 112 40 142
0.050000 -1.450000 1.050000 112 40 142
0.050000 -1.550000 1.150000 122 40 132
0.050000 -1.450000 1.150000 122 40 132
0.050000 -1.350000 1.050000 112 40 142
0.050000 -1.250000 1.050000 112 40 142
0.050000 -1.350000 1.150000 122 40 132
0.050000 -1.250000 1.150000 122 40 132
0.050000 -1.150000 0.850000 91 40 163
0.050000 -1.050000 0.850000 91 40 163
0.050000 -1.150000 0.950000 101 40 153
0.050000 -1.050000 0.950000 101 40 153
0.050000 -0.950000 0.850000 91 40 163
0.050000 -0.850000 0.850000 91 40 163
0.050000 -0.950000 0.950000 101 40 153
0.050000 -0.850000 0.950000 101 40 153
0.050000 -1.150000 1.050000 112 40 142
0.050000 -1.050000 1.050000 112 40 142
0.050000 -1.150000 1.150000 122 40 132
0.050000 -1.050000 1.150000 122 40 132
0.050000 -0.950000 1.050000 112 40 142
0.050000 -0.850000 1.050000 112 40 142
0.050000 -0.950000 1.150000 122 40 132
0.050000 -0.850000 1.150000 122 40 132
0.050000 -1.550000 1.250000 132 40 122
0.050000 -1.450000 1.250000 132 40 122
0.050000 -1.550000 1.350000 142 40 112
0.050000 -1.450000 1.350000 142 40 112
0.050000 -1.350000 1.250000 132 40 122
0.050000 -1.250000 1.250000 132 40 122
0.050000 -1.350000 1.350000 142 40 112
0.050000 -1.250000 1.350000 142 40 112
0.050000 -1.550000 1.450000 153 40 101
0.050000 -1.450000 1.450000 153 40 101
0.050000 -1.550000 1.550000 163 40 91
0.050000 -1.450000 1.550000 163 40 91
0.050000 -1.350000 1.450000 153 40 101
0.050000 -1.250000 1.450000 153 40 101
0.050000 -1.350000 1.550000 163 40 91
0.050000 -1.250000 1.550000 163 40 91
0.050000 -1.150000 1.250000 132 40 122
0.050000 -1.050000 1.250000 132 40 122
0.050000 -1.150000 1.350000 142 40 112
0.050000 -1.050000 1.350000 142 40 112
0.050000 -0.950000 1.250000 132 40 122
0.050000 -0.850000 1.250000 132 40 122
0.050000 -0.950000 1.350000 142 40 112
0.050000 -0.850000 1.350000 142 40 112
0.050000 -1.150000 1.450000 153 40 101
0.050000 -1.050000 1.450000 153 40 101
0.050000 -1.150000 1.550000 163 40 91
0.050000 -1.050000 1.550000 163 40 91
0.050000 -0.950000 1.450000 153 40 101
0.050000 -0.850000 1.450000 153 40 101
0.050000 -0.950000 1.550000 163 40 91
0.050000 -0.850000 1.550000 163 40 91
0.050000 -0.750000 0.850000 91 40 163
0.050000 -0.650000 0.850000 91 40 163
0.050000 -0.750000 0.950000 101 40 153
0.050000 -0.650000 0.950000 101 40 153
0.050000 -0.750000 1.050000 112 40 142
0.050000 -0.650000 1.050000 112 40 142
0.050000 -0.750000 1.150000 122 40 132
0.050000 -0.650000 1.150000 122 40 132
0.050000 -0.750000 1.250000 132 40 122
0.050000 -0.650000 1.250000 132 40 122
0.050000 -0.750000 1.350000 142 40 112
0.050000 -0.650000 1.350000 142 40 112
0.050000 -0.750000 1.450000 153 40 101
0.050000 -0.650000 1.450000 153 40 101
0.050000 -0.750000 1.550000 163 40 91
0.050000 -0.650000 1.550000 163 40 91
1.650000 -1.550000 0.050000 10 40 244
1.750000 -1.550000 0.050000 10 40 244
1.650000 -1.450000 0.050000 10 40 244
1.750000 -1.450000 0.050000 10 40 244
1.850000 -1.550000 0.050000 10 40 244
1.950000 -1.550000 0.050000 10 40 244
1.850000 -1.450000 0.050000 10 40 244
1.950000 -1.450000 0.050000 10 40 244
1.650000 -1.350000 0.050000 10 40 244
1.750000 -1.350000 0.050000 10 40 244
1.650000 -1.250000 0.050000 10 40 244
1.750000 -1.250000 0.050000 10 40 244
1.850000 -1.350000 0.050000 10 40 244
1.950000 -1.350000 0.050000 10 40 244
1.850000 -1.250000 0.050000 10 40 244
1.950000 -1.250000 0.050000 10 40 244
2.050000 -1.550000 0.050000 10 40 244
2.150000 -1.550000 0.050000 10 40 244
2.050000 -1.450000 0.050000 10 40 244
2.150000 -1.450000 0.050000 10 40 244
2.250000 -1.550000 0.050000 10 40 244
2.350000 -1.550000 0.050000 10 40 244
2.250000 -1.450000 0.050000 10 40 244
2.350000 -1.450000 0.050000 10 40 244
2.050000 -1.350000 0.050000 10 40 244
2.150000 -1.350000 0.050000 10 40 244
2.050000 -1.250000 0.050000 10 40 244
2.150000 -1.250000 0.050000 10 40 244
2.250000 -1.350000 0.050000 10 40 244
2.350000 -1.350000 0.050000 10 40 244
2.250000 -1.250000 0.050000 10 40 244
2.350000 -1.250000 0.050000 10 40 244
1.650000 -1.150000 0.050000 10 40 244
1.750000 -1.150000 0.050000 10 40 244
1.650000 -1.050000 0.050000 10 40 244
1.750000 -1.050000 0.050000 10 40 244
1.850000 -1.150000 0.050000 10 40 244
1.950000 -1.150000 0.050000 10 40 244
1.850000 -1.050000 0.050000 10 40 244
1.950000 -1.050000 0.050000 10 40 244
1.650000 -0.950000 0.050000 10 40 244
1.750000 -0.950000 0.050000 10 40 244
1.650000 -0.850000 0.050000 10 40 244
1.750000 -0.850000 0.050000 10 40 244
1.850000 -0.950000 0.050000 10 40 244
1.950000 -0.950000 0.050000 10 40 244
1.850000 -0.850000 0.050000 10 40 244
1.950000 -0.850000 0.050000 10 40 244
2.050000 -1.150000 0.050000 10 40 244
2.150000 -1.150000 0.050000 10 40 244
2.050000 -1.050000 0.050000 10 40 244
2.150000 -1.050000 0.050000 10 40 244
2.250000 -1.150000 0.050000 10 40 244
2.350000 -1.150000 0.050000 10 40 244
2.250000 -1.050000 0.050000 10 40 244
2.350000 -1.050000 0.050000 10 40 244
2.050000 -0.950000 0.050000 10 40 244
2.150000 -0.950000 0.050000 10 40 244
2.050000 -0.850000 0.050000 10 40 244
2.150000 -0.850000 0.050000 10 40 244
2.250000 -0.950000 0.050000 10 40 244
2.350000 -0.950000 0.050000 10 40 244
2.250000 -0.850000 0.050000 10 40 244
2.350000 -0.850000 0.050000 10 40 244
2.450000 -1.550000 0.050000 10 40 244
2.550000 -1.550000 0.050000 10 40 244
2.450000 -1.450000 0.050000 10 40 244
2.550000 -1.450000 0.050000 10 40 244
2.650000 -1.550000 0.050000 10 40 244
2.750000 -1.550000 0.050000 10 40 244
2.650000 -1.450000 0.050000 10 40 244
2.750000 -1.450000 0.050000 10 40 244
2.450000 -1.350000 0.050000 10 40 244
2.550000 -1.350000 0.050000 10 40 244
2.450000 -1.250000 0.050000 10 40 244
2.550000 -1.250000 0.050000 10 40 244
2.650000 -1.350000 0.050000 10 40 244
2.750000 -1.350000 0.050000 10 40 244
2.650000 -1.250000 0.050000 10 40 244
2.750000 -1.250000 0.050000 10 40 244
2.850000 -1.550000 0.050000 10 40 244
2.950000 -1.550000 0.050000 10 40 244
2.850000 -1.450000 0.050000 10 40 244
2.950000 -1.450000 0.050000 10 40 244
3.050000 -1.550000 0.050000 10 40 244
3.150000 -1.550000 0.050000 10 40 244
3.050000 -1.450000 0.050000 10 40 244
3.150000 -1.450000 0.050000 10 40 244
2.850000 -1.350000 0.050000 10 40 244
2.950000 -1.350000 0.050000 10 40 244
2.850000 -1.250000 0.050000 10 40 244
2.950000 -1.250000 0.050000 10 40 244
3.050000 -1.350000 0.050000 10 40 244
3.150000 -1.350000 0.050000 10 40 244
3.050000 -1.250000 0.050000 10 40 244
3.150000 -1.250000 0.050000 10 40 244
2.450000 -1.150000 0.050000 10 40 244
2.550000 -1.150000 0.050000 10 40 244
2.450000 -1.050000 0.050000 10 40 244
2.550000 -1.050000 0.050000 10 40 244
2.650000 -1.150000 0.050000 10 40 244
2.750000 -1.150000 0.050000 10 40 244
2.650000 -1.050000 0.050000 10 40 244
2.750000 -1.050000 0.050000 10 40 244
2.450000 -0.950000 0.050000 10 40 244
2.550000 -0.950000 0.050000 10 40 244
2.450000 -0.850000 0.050000 10 40 244
2.550000 -0.850000 0.050000 10 40 244
2.650000 -0.950000 0.050000 10 40 244
2.750000 -0.950000 0.050000 10 40 244
2.650000 -0.850000 0.050000 10 40 244
2.750000 -0.850000 0.050000 10 40 244
2.850000 -1.150000 0.050000 10 40 244
2.950000 -1.150000 0.050000 10 40 244
2.850000 -1.050000 0.050000 10 40 244
2.950000 -1.050000 0.050000 10 40 244
3.050000 -1.150000 0.050000 10 40 244
3.150000 -1.150000 0.050000 10 40 244
3.050000 -1.050000 0.050000 10 40 244
3.150000 -1.050000 0.050000 10 40 244
2.850000 -0.950000 0.050000 10 40 244
2.950000 -0.950000 0.050000 10 40 244
2.850000 -0.850000 0.050000 10 40 244
2.950000 -0.850000 0.050000 10 40 244
3.050000 -0.950000 0.050000 10 40 244
3.150000 -0.950000 0.050000 10 40 244
3.050000 -0.850000 0.050000 10 40 244
3.150000 -0.850000 0.050000 10 40 244
1.650000 -0.750000 0.050000 10 40 244
1.750000 -0.750000 0.050000 10 40 244
1.650000 -0.650000 0.050000 10 40 244
1.750000 -0.650000 0.050000 10 40 244
1.850000 -0.750000 0.050000 10 40 244
1.950000 -0.750000 0.050000 10 40 244
1.850000 -0.650000 0.050000 10 40 244
1.950000 -0.650000 0.050000 10 40 244
1.650000 -0.550000 0.050000 10 40 244
1.750000 -0.550000 0.050000 10 40 244
1.650000 -0.450000 0.050000 10 40 244
1.750000 -0.450000 0.050000 10 40 244
1.850000 -0.550000 0.050000 10 40 244
1.950000 -0.550000 0.050000 10 40 244
1.850000 -0.450000 0.050000 10 40 244
1.950000 -0.450000 0.050000 10 40 244
2.050000 -0.750000 0.050000 10 40 244
2.150000 -0.750000 0.050000 10 40 244
2.050000 -0.650000 0.050000 10 40 244
2.150000 -0.650000 0.050000 10 40 244
2.250000 -0.750000 0.050000 10 40 244
2.350000 -0.750000 0.050000 10 40 244
2.250000 -0.650000 0.050000 10 40 244
2.350000 -0.650000 0.050000 10 40 244
2.050000 -0.550000 0.050000 10 40 244
2.150000 -0.550000 0.050000 10 40 244
2.050000 -0.450000 0.050000 10 40 244
2.150000 -0.450000 0.050000 10 40 244
2.250000 -0.550000 0.050000 10 40 244
2.350000 -0.550000 0.050000 10 40 244
2.250000 -0.450000 0.050000 10 40 244
2.350000 -0.450000 0.050000 10 40 244
1.650000 -0.350000 0.050000 10 40 244
1.750000 -0.350000 0.050000 10 40 244
1.650000 -0.250000 0.050000 10 40 244
1.750000 -0.250000 0.050000 10 40 244
1.850000 -0.350000 0.050000 10 40 244
1.950000 -0.350000 0.050000 10 40 244
1.850000 -0.250000 0.050000 10 40 244
1.950000 -0.250000 0.050000 10 40 244
1.650000 -0.150000 0.050000 10 40 244
1.750000 -0.150000 0.050000 10 40 244
1.650000 -0.050000 0.050000 10 40 244
1.750000 -0.050000 0.050000 10 40 244
1.850000 -0.150000 0.050000 10 40 244
1.950000 -0.150000 0.050000 10 40 244
1.850000 -0.050000 0.050000 10 40 244
1.950000 -0.050000 0.050000 10 40 244
2.050000 -0.350000 0.050000 10 40 244
2.150000 -0.350000 0.050000 10 40 244
2.050000 -0.250000 0.050000 10 40 244
2.150000 -0.250000 0.050000 10 40 244
2.250000 -0.350000 0.050000 10 40 244
2.350000 -0.350000 0.050000 10 40 244
2.250000 -0.250000 0.050000 10 40 244
2.350000 -0.250000 0.050000 10 40 244
2.050000 -0.150000 0.050000 10 40 244
2.150000 -0.150000 0.050000 10 40 244
2.050000 -0.050000 0.050000 10 40 244
2.150000 -0.050000 0.050000 10 40 244
2.250000 -0.150000 0.050000 10 40 244
2.350000 -0.150000 0.050000 10 40 244
2.250000 -0.050000 0.050000 10 40 244
2.350000 -0.050000 0.050000 10 40 244
2.450000 -0.750000 0.050000 10 40 244
2.550000 -0.750000 0.050000 10 40 244
2.450000 -0.650000 0.050000 10 40 244
2.550000 -0.650000 0.050000 10 40 244
2.650000 -0.750000 0.050000 10 40 244
2.750000 -0.750000 0.050000 10 40 244
2.650000 -0.650000 0.050000 10 40 244
2.750000 -0.650000 0.050000 10 40 244
2.450000 -0.550000 0.050000 10 40 244
2.550000 -0.550000 0.050000 10 40 244
2.450000 -0.450000 0.050000 10 40 244
2.550000 -0.450000 0.050000 10 40 244
2.650000 -0.550000 0.050000 10 40 244
2.750000 -0.550000 0.050000 10 40 244
2.650000 -0.450000 0.050000 10 40 244
2.750000 -0.450000 0.050000 10 40 244
2.850000 -0.750000 0.050000 10 40 244
2.950000 -0.750000 0.050000 10 40 244
2.850000 -0.650000 0.050000 10 40 244
2.950000 -0.650000 0.050000 10 40 244
3.050000 -0.750000 0.050000 10 40 244
3.150000 -0.750000 0.050000 10 40 244
3.050000 -0.650000 0.050000 10 40 244
3.150000 -0.650000 0.050000 10 40 244
2.850000 -0.550000 0.050000 10 40 244
2.950000 -0.550000 0.050000 10 40 244
2.850000 -0.450000 0.050000 10 40 244
2.950000 -0.450000 0.050000 10 40 244
3.050000 -0.550000 0.050000 10 40 244
3.150000 -0.550000 0.050000 10 40 244
3.050000 -0.450000 0.050000 10 40 244
3.150000 -0.450000 0.050000 10 40 244
2.450000 -0.350000 0.050000 10 40 244
2.550000 -0.350000 0.050000 10 40 244
2.450000 -0.250000 0.050000 10 40 244
2.550000 -0.250000 0.050000 10 40 244
2.650000 -0.350000 0.050000 10 40 244
2.750000 -0.350000 0.050000 10 40 244
2.650000 -0.250000 0.050000 10 40 244
2.750000 -0.250000 0.050000 10 40 244
2.450000 -0.150000 0.050000 10 40 244
2.550000 -0.150000 0.050000 10 40 244
2.450000 -0.050000 0.050000 10 40 244
2.550000 -0.050000 0.050000 10 40 244
2.650000 -0.150000 0.050000 10 40 244
2.750000 -0.150000 0.050000 10 40 244
2.650000 -0.050000 0.050000 10 40 244
2.750000 -0.050000 0.050000 10 40 244
2.850000 -0.350000 0.050000 10 40 244
2.950000 -0.350000 0.050000 10 40 244
2.850000 -0.250000 0.050000 10 40 244
2.950000 -0.250000 0.050000 10 40 244
2.950000 -0.350000 0.150000 20 40 234
2.950000 -0.250000 0.150000 20 40 234
3.050000 -0.350000 0.050000 10 40 244
3.150000 -0.350000 0.050000 10 40 244
3.050000 -0.250000 0.050000 10 40 244
3.150000 -0.250000 0.050000 10 40 244
3.050000 -0.350000 0.150000 20 40 234
3.150000 -0.350000 0.150000 20 40 234
3.050000 -0.250000 0.150000 20 40 234
3.150000 -0.250000 0.150000 20 40 234
2.850000 -0.150000 0.050000 10 40 244
2.950000 -0.150000 0.050000 10 40 244
2.850000 -0.050000 0.050000 10 40 244
2.950000 -0.050000 0.050000 10 40 244
2.950000 -0.150000 0.150000 20 40 234
2.950000 -0.050000 0.150000 20 40 234
3.050000 -0.150000 0.050000 10 40 244
3.150000 -0.150000 0.050000 10 40 244
3.050000 -0.050000 0.050000 10 40 244
3.150000 -0.050000 0.050000 10 40 244
3.050000 -0.150000 0.150000 20 40 234
3.150000 -0.150000 0.150000 20 40 234
3.050000 -0.050000 0.150000 20 40 234
3.150000 -0.050000 0.150000 20 40 234
2.950000 -0.350000 0.250000 30 40 224
2.950000 -0.250000 0.250000 30 40 224
3.050000 -0.350000 0.250000 30 40 224
3.150000 -0.350000 0.250000 30 40 224
3.050000 -0.250000 0.250000 30 40 224
3.150000 -0.250000 0.250000 30 40 224
2.950000 -0.150000 0.250000 30 40 224
2.950000 -0.050000 0.250000 30 40 224
3.050000 -0.150000 0.250000 30 40 224
3.150000 -0.150000 0.250000 30 40 224
3.050000 -0.050000 0.250000 30 40 224
3.150000 -0.050000 0.250000 30 40 224
0.050000 -1.750000 1.650000 173 40 81
0.050000 -1.650000 1.650000 173 40 81
0.050000 -1.650000 1.750000 183 40 71
0.050000 -1.650000 1.850000 193 40 61
0.050000 -1.550000 1.650000 173 40 81
0.050000 -1.450000 1.650000 173 40 81
0.050000 -1.550000 1.750000 183 40 71
0.050000 -1.450000 1.750000 183 40 71
0.050000 -1.350000 1.650000 173 40 81
0.050000 -1.250000 1.650000 173 40 81
0.050000 -1.350000 1.750000 183 40 71
0.050000 -1.250000 1.750000 183 40 71
0.050000 -1.550000 1.850000 193 40 61
0.050000 -1.450000 1.850000 193 40 61
0.050000 -1.550000 1.950000 204 40 50
0.050000 -1.450000 1.950000 204 40 50
0.050000 -1.350000 1.850000 193 40 61
0.050000 -1.250000 1.850000 193 40 61
0.050000 -1.350000 1.950000 204 40 50
0.050000 -1.250000 1.950000 204 40 50
0.050000 -1.150000 1.650000 173 40 81
0.050000 -1.050000 1.650000 173 40 81
0.050000 -1.150000 1.750000 183 40 71
0.050000 -1.050000 1.750000 183 40 71
0.050000 -0.950000 1.650000 173 40 81
0.050000 -0.850000 1.650000 173 40 81
0.050000 -0.950000 1.750000 183 40 71
0.050000 -0.850000 1.750000 183 40 71
0.050000 -1.150000 1.850000 193 40 61
0.050000 -1.050000 1.850000 193 40 61
0.050000 -1.150000 1.950000 204 40 50
0.050000 -1.050000 1.950000 204 40 50
0.050000 -0.950000 1.850000 193 40 61
0.050000 -0.850000 1.850000 193 40 61
0.050000 -0.950000 1.950000 204 40 50
0.050000 -0.850000 1.950000 204 40 50
0.050000 -1.450000 2.050000 214 40 40
0.050000 -1.450000 2.150000 224 40 30
0.050000 -1.350000 2.050000 214 40 40
0.050000 -1.250000 2.050000 214 40 40
0.050000 -1.350000 2.150000 224 40 30
0.050000 -1.250000 2.150000 224 40 30
0.050000 -1.250000 2.250000 234 40 20
0.050000 -1.250000 2.350000 244 40 10
0.050000 -1.150000 2.050000 214 40 40
0.050000 -1.050000 2.050000 214 40 40
0.050000 -1.150000 2.150000 224 40 30
0.050000 -1.050000 2.150000 224 40 30
0.050000 -0.950000 2.050000 214 40 40
0.050000 -0.850000 2.050000 214 40 40
0.050000 -0.950000 2.150000 224 40 30
0.050000 -0.850000 2.150000 224 40 30
0.050000 -1.150000 2.250000 234 40 20
0.050000 -1.050000 2.250000 234 40 20
0.050000 -1.150000 2.350000 244 40 10
0.050000 -1.050000 2.350000 244 40 10
0.050000 -0.950000 2.250000 234 40 20
0.050000 -0.950000 2.350000 244 40 10
0.050000 -0.750000 1.650000 173 40 81
0.050000 -0.650000 1.650000 173 40 81
0.050000 -0.750000 1.750000 183 40 71
0.050000 -0.750000 1.850000 193 40 61
0.050000 -0.750000 1.950000 204 40 50
0.050000 -1.150000 2.450000 255 40 0
0.050000 -1.050000 2.450000 255 40 0
3.250000 -3.150000 0.050000 10 40 244
3.350000 -3.150000 0.050000 10 40 244
3.250000 -3.050000 0.050000 10 40 244
3.350000 -3.050000 0.050000 10 40 244
3.450000 -3.150000 0.050000 10 40 244
3.550000 -3.150000 0.050000 10 40 244
3.450000 -3.050000 0.050000 10 40 244
3.550000 -3.050000 0.050000 10 40 244
3.250000 -2.950000 0.050000 10 40 244
3.350000 -2.950000 0.050000 10 40 244
3.250000 -2.850000 0.050000 10 40 244
3.350000 -2.850000 0.050000 10 40 244
3.450000 -2.950000 0.050000 10 40 244
3.550000 -2.950000 0.050000 10 40 244
3.450000 -2.850000 0.050000 10 40 244
3.550000 -2.850000 0.050000 10 40 244
3.650000 -3.150000 0.050000 10 40 244
3.750000 -3.150000 0.050000 10 40 244
3.650000 -3.050000 0.050000 10 40 244
3.750000 -3.050000 0.050000 10 40 244
3.850000 -3.150000 0.050000 10 40 244
3.950000 -3.150000 0.050000 10 40 244
3.850000 -3.050000 0.050000 10 40 244
3.950000 -3.050000 0.050000 10 40 244
3.650000 -2.950000 0.050000 10 40 244
3.750000 -2.950000 0.050000 10 40 244
3.650000 -2.850000 0.050000 10 40 244
3.750000 -2.850000 0.050000 10 40 244
3.850000 -2.950000 0.050000 10 40 244
3.950000 -2.950000 0.050000 10 40 244
3.850000 -2.850000 0.050000 10 40 244
3.950000 -2.850000 0.050000 10 40 244
3.250000 -2.750000 0.050000 10 40 244
3.350000 -2.750000 0.050000 10 40 244
3.250000 -2.650000 0.050000 10 40 244
3.350000 -2.650000 0.050000 10 40 244
3.450000 -2.750000 0.050000 10 40 244
3.550000 -2.750000 0.050000 10 40 244
3.450000 -2.650000 0.050000 10 40 244
3.550000 -2.650000 0.050000 10 40 244
3.250000 -2.550000 0.050000 10 40 244
3.350000 -2.550000 0.050000 10 40 244
3.250000 -2.450000 0.050000 10 40 244
3.350000 -2.450000 0.050000 10 40 244
3.450000 -2.550000 0.050000 10 40 244
3.550000 -2.550000 0.050000 10 40 244
3.450000 -2.450000 0.050000 10 40 244
3.550000 -2.450000 0.050000 10 40 244
3.650000 -2.750000 0.050000 10 40 244
3.750000 -2.750000 0.050000 10 40 244
3.650000 -2.650000 0.050000 10 40 244
3.750000 -2.650000 0.050000 10 40 244
3.850000 -2.750000 0.050000 10 40 244
3.950000 -2.750000 0.050000 10 40 244
3.850000 -2.650000 0.050000 10 40 244
3.950000 -2.650000 0.050000 10 40 244
3.650000 -2.550000 0.050000 10 40 244
3.750000 -2.550000 0.050000 10 40 244
3.650000 -2.450000 0.050000 10 40 244
3.750000 -2.450000 0.050000 10 40 244
3.850000 -2.550000 0.050000 10 40 244
3.950000 -2.550000 0.050000 10 40 244
3.850000 -2.450000 0.050000 10 40 244
3.950000 -2.450000 0.050000 10 40 244
4.050000 -3.150000 0.050000 10 40 244
4.150000 -3.150000 0.050000 10 40 244
4.050000 -3.050000 0.050000 10 40 244
4.150000 -3.050000 0.050000 10 40 244
4.250000 -3.150000 0.050000 10 40 244
4.350000 -3.150000 0.050000 10 40 244
4.250000 -3.050000 0.050000 10 40 244
4.350000 -3.050000 0.050000 10 40 244
4.050000 -2.950000 0.050000 10 40 244
4.150000 -2.950000 0.050000 10 40 244
4.050000 -2.850000 0.050000 10 40 244
4.150000 -2.850000 0.050000 10 40 244
4.250000 -2.950000 0.050000 10 40 244
4.350000 -2.950000 0.050000 10 40 244
4.250000 -2.850000 0.050000 10 40 244
4.350000 -2.850000 0.050000 10 40 244
4.450000 -3.150000 0.050000 10 40 244
4.550000 -3.150000 0.050000 10 40 244
4.450000 -3.050000 0.050000 10 40 244
4.550000 -3.050000 0.050000 10 40 244
4.650000 -3.150000 0.050000 10 40 244
4.750000 -3.150000 0.050000 10 40 244
4.650000 -3.050000 0.050000 10 40 244
4.750000 -3.050000 0.050000 10 40 244
4.450000 -2.950000 0.050000 10 40 244
4.550000 -2.950000 0.050000 10 40 244
4.450000 -2.850000 0.050000 10 40 244
4.550000 -2.850000 0.050000 10 40 244
4.650000 -2.950000 0.050000 10 40 244
4.750000 -2.950000 0.050000 10 40 244
4.650000 -2.850000 0.050000 10 40 244
4.750000 -2.850000 0.050000 10 40 244
4.050000 -2.750000 0.050000 10 40 244
4.150000 -2.750000 0.050000 10 40 244
4.050000 -2.650000 0.050000 10 40 244
4.150000 -2.650000 0.050000 10 40 244
4.250000 -2.750000 0.050000 10 40 244
4.350000 -2.750000 0.050000 10 40 244
4.250000 -2.650000 0.050000 10 40 244
4.350000 -2.650000 0.050000 10 40 244
4.050000 -2.550000 0.050000 10 40 244
4.150000 -2.550000 0.050000 10 40 244
4.050000 -2.450000 0.050000 10 40 244
4.150000 -2.450000 0.050000 10 40 244
4.250000 -2.550000 0.050000 10 40 244
4.350000 -2.550000 0.050000 10 40 244
4.250000 -2.450000 0.050000 10 40 244
4.350000 -2.450000 0.050000 10 40 244
4.450000 -2.750000 0.050000 10 40 244
4.550000 -2.750000 0.050000 10 40 244
4.450000 -2.650000 0.050000 10 40 244
4.550000 -2.650000 0.050000 10 40 244
4.650000 -2.750000 0.050000 10 40 244
4.750000 -2.750000 0.050000 10 40 244
4.650000 -2.650000 0.050000 10 40 244
4.750000 -2.650000 0.050000 10 40 244
4.450000 -2.550000 0.050000 10 40 244
4.550000 -2.550000 0.050000 10 40 244
4.450000 -2.450000 0.050000 10 40 244
4.550000 -2.450000 0.050000 10 40 244
4.650000 -2.550000 0.050000 10 40 244
4.750000 -2.550000 0.050000 10 40 244
4.650000 -2.450000 0.050000 10 40 244
4.750000 -2.450000 0.050000 10 40 244
3.250000 -2.350000 0.050000 10 40 244
3.350000 -2.350000 0.050000 10 40 244
3.250000 -2.250000 0.050000 10 40 244
3.350000 -2.250000 0.050000 10 40 244
3.450000 -2.350000 0.050000 10 40 244
3.550000 -2.350000 0.050000 10 40 244
3.450000 -2.250000 0.050000 10 40 244
3.550000 -2.250000 0.050000 10 40 244
3.250000 -2.150000 0.050000 10 40 244
3.350000 -2.150000 0.050000 10 40 244
3.250000 -2.050000 0.050000 10 40 244
3.350000 -2.050000 0.050000 10 40 244
3.450000 -2.150000 0.050000 10 40 244
3.550000 -2.150000 0.050000 10 40 244
3.450000 -2.050000 0.050000 10 40 244
3.550000 -2.050000 0.050000 10 40 244
3.650000 -2.350000 0.050000 10 40 244
3.750000 -2.350000 0.050000 10 40 244
3.650000 -2.250000 0.050000 10 40 244
3.750000 -2.250000 0.050000 10 40 244
3.850000 -2.350000 0.050000 10 40 244
3.950000 -2.350000 0.050000 10 40 244
3.850000 -2.250000 0.050000 10 40 244
3.950000 -2.250000 0.050000 10 40 244
3.650000 -2.150000 0.050000 10 40 244
3.750000 -2.150000 0.050000 10 40 244
3.650000 -2.050000 0.050000 10 40 244
3.750000 -2.050000 0.050000 10 40 244
3.850000 -2.150000 0.050000 10 40 244
3.950000 -2.150000 0.050000 10 40 244
3.850000 -2.050000 0.050000 10 40 244
3.950000 -2.050000 0.050000 10 40 244
3.250000 -1.950000 0.050000 10 40 244
3.350000 -1.950000 0.050000 10 40 244
3.250000 -1.850000 0.050000 10 40 244
3.350000 -1.850000 0.050000 10 40 244
3.450000 -1.950000 0.050000 10 40 244
3.550000 -1.950000 0.050000 10 40 244
3.450000 -1.850000 0.050000 10 40 244
3.550000 -1.850000 0.050000 10 40 244
3.250000 -1.750000 0.050000 10 40 244
3.350000 -1.750000 0.050000 10 40 244
3.250000 -1.650000 0.050000 10 40 244
3.350000 -1.650000 0.050000 10 40 244
3.450000 -1.750000 0.050000 10 40 244
3.550000 -1.750000 0.050000 10 40 244
3.450000 -1.650000 0.050000 10 40 244
3.550000 -1.650000 0.050000 10 40 244
3.650000 -1.950000 0.050000 10 40 244
3.750000 -1.950000 0.050000 10 40 244
3.650000 -1.850000 0.050000 10 40 244
3.750000 -1.850000 0.050000 10 40 244
3.850000 -1.950000 0.050000 10 40 244
3.950000 -1.950000 0.050000 10 40 244
3.850000 -1.850000 0.050000 10 40 244
3.950000 -1.850000 0.050000 10 40 244
3.650000 -1.750000 0.050000 10 40 244
3.750000 -1.750000 0.050000 10 40 244
3.650000 -1.650000 0.050000 10 40 244
3.750000 -1.650000 0.050000 10 40 244
3.850000 -1.750000 0.050000 10 40 244
3.950000 -1.750000 0.050000 10 40 244
3.850000 -1.650000 0.050000 10 40 244
3.950000 -1.650000 0.050000 10 40 244
4.050000 -2.350000 0.050000 10 40 244
4.150000 -2.350000 0.050000 10 40 244
4.050000 -2.250000 0.050000 10 40 244
4.150000 -2.250000 0.050000 10 40 244
4.250000 -2.350000 0.050000 10 40 244
4.350000 -2.350000 0.050000 10 40 244
4.250000 -2.250000 0.050000 10 40 244
4.350000 -2.250000 0.050000 10 40 244
4.050000 -2.150000 0.050000 10 40 244
4.150000 -2.150000 0.050000 10 40 244
4.050000 -2.050000 0.050000 10 40 244
4.150000 -2.050000 0.050000 10 40 244
4.250000 -2.150000 0.050000 10 40 244
4.350000 -2.150000 0.050000 10 40 244
4.250000 -2.050000 0.050000 10 40 244
4.350000 -2.050000 0.050000 10 40 244
4.450000 -2.350000 0.050000 10 40 244
4.550000 -2.350000 0.050000 10 40 244
4.450000 -2.250000 0.050000 10 40 244
4.550000 -2.250000 0.050000 10 40 244
4.650000 -2.350000 0.050000 10 40 244
4.750000 -2.350000 0.050000 10 40 244
4.650000 -2.250000 0.050000 10 40 244
4.750000 -2.250000 0.050000 10 40 244
4.450000 -2.150000 0.050000 10 40 244
4.550000 -2.150000 0.050000 10 40 244
4.450000 -2.050000 0.050000 10 40 244
4.550000 -2.050000 0.050000 10 40 244
4.650000 -2.150000 0.050000 10 40 244
4.750000 -2.150000 0.050000 10 40 244
4.650000 -2.050000 0.050000 10 40 244
4.750000 -2.050000 0.050000 10 40 244
4.050000 -1.950000 0.050000 10 40 244
4.150000 -1.950000 0.050000 10 40 244
4.050000 -1.850000 0.050000 10 40 244
4.150000 -1.850000 0.050000 10 40 244
4.250000 -1.950000 0.050000 10 40 244
4.350000 -1.950000 0.050000 10 40 244
4.250000 -1.850000 0.050000 10 40 244
4.350000 -1.850000 0.050000 10 40 244
4.050000 -1.750000 0.050000 10 40 244
4.150000 -1.750000 0.050000 10 40 244
4.050000 -1.650000 0.050000 10 40 244
4.150000 -1.650000 0.050000 10 40 244
4.250000 -1.750000 0.050000 10 40 244
4.350000 -1.750000 0.050000 10 40 244
4.250000 -1.650000 0.050000 10 40 244
4.350000 -1.650000 0.050000 10 40 244
4.450000 -1.950000 0.050000 10 40 244
4.550000 -1.950000 0.050000 10 40 244
4.450000 -1.850000 0.050000 10 40 244
4.550000 -1.850000 0.050000 10 40 244
4.650000 -1.950000 0.050000 10 40 244
4.750000 -1.950000 0.050000 10 40 244
4.650000 -1.850000 0.050000 10 40 244
4.750000 -1.850000 0.050000 10 40 244
4.450000 -1.750000 0.050000 10 40 244
4.550000 -1.750000 0.050000 10 40 244
4.450000 -1.650000 0.050000 10 40 244
4.550000 -1.650000 0.050000 10 40 244
4.650000 -1.750000 0.050000 10 40 244
4.750000 -1.750000 0.050000 10 40 244
4.650000 -1.650000 0.050000 10 40 244
4.750000 -1.650000 0.050000 10 40 244
4.850000 -3.150000 0.050000 10 40 244
4.950000 -3.150000 0.050000 10 40 244
4.850000 -3.050000 0.050000 10 40 244
4.950000 -3.050000 0.050000 10 40 244
5.050000 -3.150000 0.050000 10 40 244
5.050000 -3.050000 0.050000 10 40 244
4.850000 -2.950000 0.050000 10 40 244
4.950000 -2.950000 0.050000 10 40 244
4.850000 -2.850000 0.050000 10 40 244
4.950000 -2.850000 0.050000 10 40 244
5.050000 -2.950000 0.050000 10 40 244
5.050000 -2.850000 0.050000 10 40 244
4.850000 -2.750000 0.050000 10 40 244
4.950000 -2.750000 0.050000 10 40 244
4.850000 -2.650000 0.050000 10 40 244
4.950000 -2.650000 0.050000 10 40 244
5.050000 -2.750000 0.050000 10 40 244
5.050000 -2.650000 0.050000 10 40 244
4.850000 -2.550000 0.050000 10 40 244
4.950000 -2.550000 0.050000 10 40 244
4.850000 -2.450000 0.050000 10 40 244
4.950000 -2.450000 0.050000 10 40 244
5.050000 -2.550000 0.050000 10 40 244
5.050000 -2.450000 0.050000 10 40 244
5.150000 -2.450000 0.050000 10 40 244
5.250000 -2.450000 0.050000 10 40 244
4.850000 -2.350000 0.050000 10 40 244
4.950000 -2.350000 0.050000 10 40 244
4.850000 -2.250000 0.050000 10 40 244
4.950000 -2.250000 0.050000 10 40 244
5.050000 -2.350000 0.050000 10 40 244
5.150000 -2.350000 0.050000 10 40 244
5.050000 -2.250000 0.050000 10 40 244
5.150000 -2.250000 0.050000 10 40 244
4.850000 -2.150000 0.050000 10 40 244
4.950000 -2.150000 0.050000 10 40 244
4.850000 -2.050000 0.050000 10 40 244
4.950000 -2.050000 0.050000 10 40 244
5.050000 -2.150000 0.050000 10 40 244
5.150000 -2.150000 0.050000 10 40 244
5.050000 -2.050000 0.050000 10 40 244
5.150000 -2.050000 0.050000 10 40 244
5.250000 -2.350000 0.050000 10 40 244
4.850000 -1.950000 0.050000 10 40 244
4.950000 -1.950000 0.050000 10 40 244
4.850000 -1.850000 0.050000 10 40 244
4.950000 -1.850000 0.050000 10 40 244
5.050000 -1.950000 0.050000 10 40 244
5.150000 -1.950000 0.050000 10 40 244
5.050000 -1.850000 0.050000 10 40 244
5.150000 -1.850000 0.050000 10 40 244
4.850000 -1.750000 0.050000 10 40 244
4.950000 -1.750000 0.050000 10 40 244
4.850000 -1.650000 0.050000 10 40 244
4.950000 -1.650000 0.050000 10 40 244
5.050000 -1.750000 0.050000 10 40 244
5.150000 -1.750000 0.050000 10 40 244
5.050000 -1.650000 0.050000 10 40 244
5.150000 -1.650000 0.050000 10 40 244
3.250000 -1.550000 0.050000 10 40 244
3.350000 -1.550000 0.050000 10 40 244
3.250000 -1.450000 0.050000 10 40 244
3.350000 -1.450000 0.050000 10 40 244
3.450000 -1.550000 0.050000 10 40 244
3.550000 -1.550000 0.050000 10 40 244
3.450000 -1.450000 0.050000 10 40 244
3.550000 -1.450000 0.050000 10 40 244
3.250000 -1.350000 0.050000 10 40 244
3.350000 -1.350000 0.050000 10 40 244
3.250000 -1.250000 0.050000 10 40 244
3.350000 -1.250000 0.050000 10 40 244
3.450000 -1.350000 0.050000 10 40 244
3.550000 -1.350000 0.050000 10 40 244
3.450000 -1.250000 0.050000 10 40 244
3.550000 -1.250000 0.050000 10 40 244
3.650000 -1.550000 0.050000 10 40 244
3.750000 -1.550000 0.050000 10 40 244
3.650000 -1.450000 0.050000 10 40 244
3.750000 -1.450000 0.050000 10 40 244
3.850000 -1.550000 0.050000 10 40 244
3.950000 -1.550000 0.050000 10 40 244
3.850000 -1.450000 0.050000 10 40 244
3.950000 -1.450000 0.050000 10 40 244
3.650000 -1.350000 0.050000 10 40 244
3.750000 -1.350000 0.050000 10 40 244
3.650000 -1.250000 0.050000 10 40 244
3.750000 -1.250000 0.050000 10 40 244
3.850000 -1.350000 0.050000 10 40 244
3.950000 -1.350000 0.050000 10 40 244
3.850000 -1.250000 0.050000 10 40 244
3.950000 -1.250000 0.050000 10 40 244
3.250000 -1.150000 0.050000 10 40 244
3.350000 -1.150000 0.050000 10 40 244
3.250000 -1.050000 0.050000 10 40 244
3.350000 -1.050000 0.050000 10 40 244
3.450000 -1.150000 0.050000 10 40 244
3.550000 -1.150000 0.050000 10 40 244
3.450000 -1.050000 0.050000 10 40 244
3.550000 -1.050000 0.050000 10 40 244
3.250000 -0.950000 0.050000 10 40 244
3.350000 -0.950000 0.050000 10 40 244
3.250000 -0.850000 0.050000 10 40 244
3.350000 -0.850000 0.050000 10 40 244
3.450000 -0.950000 0.050000 10 40 244
3.550000 -0.950000 0.050000 10 40 244
3.450000 -0.850000 0.050000 10 40 244
3.550000 -0.850000 0.050000 10 40 244
3.650000 -1.150000 0.050000 10 40 244
3.750000 -1.150000 0.050000 10 40 244
3.650000 -1.050000 0.050000 10 40 244
3.750000 -1.050000 0.050000 10 40 244
3.850000 -1.150000 0.050000 10 40 244
3.950000 -1.150000 0.050000 10 40 244
3.850000 -1.050000 0.050000 10 40 244
3.950000 -1.050000 0.050000 10 40 244
3.650000 -0.950000 0.050000 10 40 244
3.750000 -0.950000 0.050000 10 40 244
3.650000 -0.850000 0.050000 10 40 244
3.750000 -0.850000 0.050000 10 40 244
3.850000 -0.950000 0.050000 10 40 244
3.950000 -0.950000 0.050000 10 40 244
3.850000 -0.850000 0.050000 10 40 244
3.950000 -0.850000 0.050000 10 40 244
4.050000 -1.550000 0.050000 10 40 244
4.150000 -1.550000 0.050000 10 40 244
4.050000 -1.450000 0.050000 10 40 244
4.150000 -1.450000 0.050000 10 40 244
4.250000 -1.550000 0.050000 10 40 244
4.350000 -1.550000 0.050000 10 40 244
4.250000 -1.450000 0.050000 10 40 244
4.350000 -1.450000 0.050000 10 40 244
4.050000 -1.350000 0.050000 10 40 244
4.150000 -1.350000 0.050000 10 40 244
4.050000 -1.250000 0.050000 10 40 244
4.150000 -1.250000 0.050000 10 40 244
4.250000 -1.350000 0.050000 10 40 244
4.350000 -1.350000 0.050000 10 40 244
4.250000 -1.250000 0.050000 10 40 244
4.350000 -1.250000 0.050000 10 40 244
4.450000 -1.550000 0.050000 10 40 244
4.550000 -1.550000 0.050000 10 40 244
4.450000 -1.450000 0.050000 10 40 244
4.550000 -1.450000 0.050000 10 40 244
4.650000 -1.550000 0.050000 10 40 244
4.750000 -1.550000 0.050000 10 40 244
4.650000 -1.450000 0.050000 10 40 244
4.750000 -1.450000 0.050000 10 40 244
4.450000 -1.350000 0.050000 10 40 244
4.550000 -1.350000 0.050000 10 40 244
4.450000 -1.250000 0.050000 10 40 244
4.550000 -1.250000 0.050000 10 40 244
4.650000 -1.350000 0.050000 10 40 244
4.750000 -1.350000 0.050000 10 40 244
4.650000 -1.250000 0.050000 10 40 244
4.750000 -1.250000 0.050000 10 40 244
4.050000 -1.150000 0.050000 10 40 244
4.150000 -1.150000 0.050000 10 40 244
4.050000 -1.050000 0.050000 10 40 244
4.150000 -1.050000 0.050000 10 40 244
4.250000 -1.150000 0.050000 10 40 244
4.350000 -1.150000 0.050000 10 40 244
4.250000 -1.050000 0.050000 10 40 244
4.350000 -1.050000 0.050000 10 40 244
4.050000 -0.950000 0.050000 10 40 244
4.150000 -0.950000 0.050000 10 40 244
4.050000 -0.850000 0.050000 10 40 244
4.150000 -0.850000 0.050000 10 40 244
4.250000 -0.950000 0.050000 10 40 244
4.350000 -0.950000 0.050000 10 40 244
4.250000 -0.850000 0.050000 10 40 244
4.350000 -0.850000 0.050000 10 40 244
4.450000 -1.150000 0.050000 10 40 244
4.550000 -1.150000 0.050000 10 40 244
4.450000 -1.050000 0.050000 10 40 244
4.550000 -1.050000 0.050000 10 40 244
4.650000 -1.150000 0.050000 10 40 244
4.750000 -1.150000 0.050000 10 40 244
4.650000 -1.050000 0.050000 10 40 244
4.750000 -1.050000 0.050000 10 40 244
4.450000 -0.950000 0.050000 10 40 244
4.550000 -0.950000 0.050000 10 40 244
4.450000 -0.850000 0.050000 10 40 244
4.550000 -0.850000 0.050000 10 40 244
4.650000 -0.950000 0.050000 10 40 244
4.750000 -0.950000 0.050000 10 40 244
4.650000 -0.850000 0.050000 10 40 244
4.750000 -0.850000 0.050000 10 40 244
3.250000 -0.750000 0.050000 10 40 244
3.350000 -0.750000 0.050000 10 40 244
3.250000 -0.650000 0.050000 10 40 244
3.350000 -0.650000 0.050000 10 40 244
3.450000 -0.750000 0.050000 10 40 244
3.550000 -0.750000 0.050000 10 40 244
3.450000 -0.650000 0.050000 10 40 244
3.550000 -0.650000 0.050000 10 40 244
3.250000 -0.550000 0.050000 10 40 244
3.350000 -0.550000 0.050000 10 40 244
3.250000 -0.450000 0.050000 10 40 244
3.350000 -0.450000 0.050000 10 40 244
3.450000 -0.550000 0.050000 10 40 244
3.550000 -0.550000 0.050000 10 40 244
3.450000 -0.450000 0.050000 10 40 244
3.550000 -0.450000 0.050000 10 40 244
3.650000 -0.750000 0.050000 10 40 244
3.750000 -0.750000 0.050000 10 40 244
3.650000 -0.650000 0.050000 10 40 244
3.750000 -0.650000 0.050000 10 40 244
3.850000 -0.750000 0.050000 10 40 244
3.950000 -0.750000 0.050000 10 40 244
3.850000 -0.650000 0.050000 10 40 244
3.950000 -0.650000 0.050000 10 40 244
3.650000 -0.550000 0.050000 10 40 244
3.750000 -0.550000 0.050000 10 40 244
3.650000 -0.450000 0.050000 10 40 244
3.750000 -0.450000 0.050000 10 40 244
3.850000 -0.550000 0.050000 10 40 244
3.950000 -0.550000 0.050000 10 40 244
3.850000 -0.450000 0.050000 10 40 244
3.950000 -0.450000 0.050000 10 40 244
3.250000 -0.350000 0.050000 10 40 244
3.350000 -0.350000 0.050000 10 40 244
3.250000 -0.250000 0.050000 10 40 244
3.350000 -0.250000 0.050000 10 40 244
3.250000 -0.350000 0.150000 20 40 234
3.250000 -0.250000 0.150000 20 40 234
3.450000 -0.350000 0.050000 10 40 244
3.550000 -0.350000 0.050000 10 40 244
3.450000 -0.250000 0.050000 10 40 244
3.550000 -0.250000 0.050000 10 40 244
3.350000 -0.150000 0.050000 10 40 244
3.250000 -0.050000 0.050000 10 40 244
3.350000 -0.050000 0.050000 10 40 244
3.250000 -0.150000 0.150000 20 40 234
3.250000 -0.050000 0.150000 20 40 234
3.450000 -0.150000 0.050000 10 40 244
3.550000 -0.150000 0.050000 10 40 244
3.450000 -0.050000 0.050000 10 40 244
3.550000 -0.050000 0.050000 10 40 244
3.250000 -0.250000 0.250000 30 40 224
3.250000 -0.150000 0.250000 30 40 224
3.250000 -0.050000 0.250000 30 40 224
3.650000 -0.350000 0.050000 10 40 244
3.750000 -0.350000 0.050000 10 40 244
3.650000 -0.250000 0.050000 10 40 244
3.750000 -0.250000 0.050000 10 40 244
3.850000 -0.350000 0.050000 10 40 244
3.950000 -0.350000 0.050000 10 40 244
3.850000 -0.250000 0.050000 10 40 244
3.950000 -0.250000 0.050000 10 40 244
3.650000 -0.150000 0.050000 10 40 244
3.750000 -0.150000 0.050000 10 40 244
3.650000 -0.050000 0.050000 10 40 244
3.750000 -0.050000 0.050000 10 40 244
3.850000 -0.150000 0.050000 10 40 244
3.950000 -0.150000 0.050000 10 40 244
3.850000 -0.050000 0.050000 10 40 244
3.950000 -0.050000 0.050000 10 40 244
4.050000 -0.750000 0.050000 10 40 244
4.150000 -0.750000 0.050000 10 40 244
4.050000 -0.650000 0.050000 10 40 244
4.150000 -0.650000 0.050000 10 40 244
4.250000 -0.750000 0.050000 10 40 244
4.350000 -0.750000 0.050000 10 40 244
4.250000 -0.650000 0.050000 10 40 244
4.350000 -0.650000 0.050000 10 40 244
4.050000 -0.550000 0.050000 10 40 244
4.150000 -0.550000 0.050000 10 40 244
4.050000 -0.450000 0.050000 10 40 244
4.150000 -0.450000 0.050000 10 40 244
4.250000 -0.550000 0.050000 10 40 244
4.350000 -0.550000 0.050000 10 40 244
4.250000 -0.450000 0.050000 10 40 244
4.350000 -0.450000 0.050000 10 40 244
4.450000 -0.750000 0.050000 10 40 244
4.550000 -0.750000 0.050000 10 40 244
4.450000 -0.650000 0.050000 10 40 244
4.550000 -0.650000 0.050000 10 40 244
4.650000 -0.750000 0.050000 10 40 244
4.750000 -0.750000 0.050000 10 40 244
4.650000 -0.650000 0.050000 10 40 244
4.750000 -0.650000 0.050000 10 40 244
4.450000 -0.550000 0.050000 10 40 244
4.550000 -0.550000 0.050000 10 40 244
4.450000 -0.450000 0.050000 10 40 244
4.550000 -0.450000 0.050000 10 40 244
4.650000 -0.550000 0.050000 10 40 244
4.750000 -0.550000 0.050000 10 40 244
4.650000 -0.450000 0.050000 10 40 244
4.750000 -0.450000 0.050000 10 40 244
4.050000 -0.350000 0.050000 10 40 244
4.150000 -0.350000 0.050000 10 40 244
4.050000 -0.250000 0.050000 10 40 244
4.150000 -0.250000 0.050000 10 40 244
4.250000 -0.350000 0.050000 10 40 244
4.350000 -0.350000 0.050000 10 40 244
4.250000 -0.250000 0.050000 10 40 244
4.350000 -0.250000 0.050000 10 40 244
4.050000 -0.150000 0.050000 10 40 244
4.150000 -0.150000 0.050000 10 40 244
4.050000 -0.050000 0.050000 10 40 244
4.150000 -0.050000 0.050000 10 40 244
4.250000 -0.150000 0.050000 10 40 244
4.350000 -0.150000 0.050000 10 40 244
4.250000 -0.050000 0.050000 10 40 244
4.350000 -0.050000 0.050000 10 40 244
4.450000 -0.350000 0.050000 10 40 244
4.550000 -0.350000 0.050000 10 40 244
4.450000 -0.250000 0.050000 10 40 244
4.550000 -0.250000 0.050000 10 40 244
4.650000 -0.350000 0.050000 10 40 244
4.750000 -0.350000 0.050000 10 40 244
4.650000 -0.250000 0.050000 10 40 244
4.750000 -0.250000 0.050000 10 40 244
4.450000 -0.150000 0.050000 10 40 244
4.550000 -0.150000 0.050000 10 40 244
4.450000 -0.050000 0.050000 10 40 244
4.550000 -0.050000 0.050000 10 40 244
4.650000 -0.150000 0.050000 10 40 244
4.750000 -0.150000 0.050000 10 40 244
4.650000 -0.050000 0.050000 10 40 244
4.750000 -0.050000 0.050000 10 40 244
4.850000 -1.550000 0.050000 10 40 244
4.950000 -1.550000 0.050000 10 40 244
4.850000 -1.450000 0.050000 10 40 244
4.950000 -1.450000 0.050000 10 40 244
5.050000 -1.550000 0.050000 10 40 244
5.050000 -1.450000 0.050000 10 40 244
4.850000 -1.350000 0.050000 10 40 244
4.950000 -1.350000 0.050000 10 40 244
4.850000 -1.250000 0.050000 10 40 244
4.950000 -1.250000 0.050000 10 40 244
5.050000 -1.350000 0.050000 10 40 244
5.050000 -1.250000 0.050000 10 40 244
4.850000 -1.150000 0.050000 10 40 244
4.950000 -1.150000 0.050000 10 40 244
4.850000 -1.050000 0.050000 10 40 244
4.950000 -1.050000 0.050000 10 40 244
5.050000 -1.150000 0.050000 10 40 244
5.050000 -1.050000 0.050000 10 40 244
4.850000 -0.950000 0.050000 10 40 244
4.950000 -0.950000 0.050000 10 40 244
4.850000 -0.850000 0.050000 10 40 244
4.950000 -0.850000 0.050000 10 40 244
4.850000 -0.750000 0.050000 10 40 244
4.950000 -0.750000 0.050000 10 40 244
4.850000 -0.650000 0.050000 10 40 244
4.950000 -0.650000 0.050000 10 40 244
4.850000 -0.550000 0.050000 10 40 244
4.950000 -0.550000 0.050000 10 40 244
4.850000 -0.450000 0.050000 10 40 244
4.950000 -0.450000 0.050000 10 40 244
4.850000 -0.350000 0.050000 10 40 244
4.950000 -0.350000 0.050000 10 40 244
4.850000 -0.250000 0.050000 10 40 244
4.850000 -0.150000 0.050000 10 40 244
4.850000 -0.050000 0.050000 10 40 244
-4.850000 0.050000 0.050000 10 40 244
-4.850000 0.150000 0.050000 10 40 244
-4.850000 0.250000 0.050000 10 40 244
-4.850000 0.350000 0.050000 10 40 244
-4.850000 0.450000 0.050000 10 40 244
-4.850000 0.550000 0.050000 10 40 244
-4.850000 0.650000 0.050000 10 40 244
-4.850000 0.750000 0.050000 10 40 244
-4.850000 0.850000 0.050000 10 40 244
-4.850000 0.950000 0.050000 10 40 244
-4.950000 1.050000 0.050000 10 40 244
-4.850000 1.050000 0.050000 10 40 244
-4.950000 1.150000 0.050000 10 40 244
-4.850000 1.150000 0.050000 10 40 244
-4.950000 1.250000 0.050000 10 40 244
-4.850000 1.250000 0.050000 10 40 244
-4.950000 1.450000 0.050000 10 40 244
-4.950000 1.550000 0.050000 10 40 244
-4.850000 1.550000 0.050000 10 40 244
-4.750000 0.050000 0.050000 10 40 244
-4.650000 0.050000 0.050000 10 40 244
-4.750000 0.150000 0.050000 10 40 244
-4.650000 0.150000 0.050000 10 40 244
-4.550000 0.050000 0.050000 10 40 244
-4.450000 0.050000 0.050000 10 40 244
-4.550000 0.150000 0.050000 10 40 244
-4.450000 0.150000 0.050000 10 40 244
-4.750000 0.250000 0.050000 10 40 244
-4.650000 0.250000 0.050000 10 40 244
-4.750000 0.350000 0.050000 10 40 244
-4.650000 0.350000 0.050000 10 40 244
-4.550000 0.250000 0.050000 10 40 244
-4.450000 0.250000 0.050000 10 40 244
-4.550000 0.350000 0.050000 10 40 244
-4.450000 0.350000 0.050000 10 40 244
-4.350000 0.050000 0.050000 10 40 244
-4.250000 0.050000 0.050000 10 40 244
-4.350000 0.150000 0.050000 10 40 244
-4.250000 0.150000 0.050000 10 40 244
-4.150000 0.050000 0.050000 10 40 244
-4.050000 0.050000 0.050000 10 40 244
-4.150000 0.150000 0.050000 10 40 244
-4.050000 0.150000 0.050000 10 40 244
-4.350000 0.250000 0.050000 10 40 244
-4.250000 0.250000 0.050000 10 40 244
-4.350000 0.350000 0.050000 10 40 244
-4.250000 0.350000 0.050000 10 40 244
-4.150000 0.250000 0.050000 10 40 244
-4.050000 0.250000 0.050000 10 40 244
-4.150000 0.350000 0.050000 10 40 244
-4.050000 0.350000 0.050000 10 40 244
-4.750000 0.450000 0.050000 10 40 244
-4.650000 0.450000 0.050000 10 40 244
-4.750000 0.550000 0.050000 10 40 244
-4.650000 0.550000 0.050000 10 40 244
-4.550000 0.450000 0.050000 10 40 244
-4.450000 0.450000 0.050000 10 40 244
-4.550000 0.550000 0.050000 10 40 244
-4.450000 0.550000 0.050000 10 40 244
-4.750000 0.650000 0.050000 10 40 244
-4.650000 0.650000 0.050000 10 40 244
-4.750000 0.750000 0.050000 10 40 244
-4.650000 0.750000 0.050000 10 40 244
-4.550000 0.650000 0.050000 10 40 244
-4.450000 0.650000 0.050000 10 40 244
-4.550000 0.750000 0.050000 10 40 244
-4.450000 0.750000 0.050000 10 40 244
-4.350000 0.450000 0.050000 10 40 244
-4.250000 0.450000 0.050000 10 40 244
-4.350000 0.550000 0.050000 10 40 244
-4.250000 0.550000 0.050000 10 40 244
-4.150000 0.450000 0.050000 10 40 244
-4.050000 0.450000 0.050000 10 40 244
-4.150000 0.550000 0.050000 10 40 244
-4.050000 0.550000 0.050000 10 40 244
-4.350000 0.650000 0.050000 10 40 244
-4.250000 0.650000 0.050000 10 40 244
-4.350000 0.750000 0.050000 10 40 244
-4.250000 0.750000 0.050000 10 40 244
-4.150000 0.650000 0.050000 10 40 244
-4.050000 0.650000 0.050000 10 40 244
-4.150000 0.750000 0.050000 10 40 244
-4.050000 0.750000 0.050000 10 40 244
-3.950000 0.050000 0.050000 10 40 244
-3.850000 0.050000 0.050000 10 40 244
-3.950000 0.150000 0.050000 10 40 244
-3.850000 0.150000 0.050000 10 40 244
-3.750000 0.050000 0.050000 10 40 244
-3.650000 0.050000 0.050000 10 40 244
-3.750000 0.150000 0.050000 10 40 244
-3.650000 0.150000 0.050000 10 40 244
-3.950000 0.250000 0.050000 10 40 244
-3.850000 0.250000 0.050000 10 40 244
-3.950000 0.350000 0.050000 10 40 244
-3.850000 0.350000 0.050000 10 40 244
-3.750000 0.250000 0.050000 10 40 244
-3.650000 0.250000 0.050000 10 40 244
-3.750000 0.350000 0.050000 10 40 244
-3.650000 0.350000 0.050000 10 40 244
-3.550000 0.050000 0.050000 10 40 244
-3.450000 0.050000 0.050000 10 40 244
-3.550000 0.150000 0.050000 10 40 244
-3.450000 0.150000 0.050000 10 40 244
-3.350000 0.050000 0.050000 10 40 244
-3.250000 0.050000 0.050000 10 40 244
-3.350000 0.150000 0.050000 10 40 244
-3.250000 0.150000 0.050000 10 40 244
-3.550000 0.250000 0.050000 10 40 244
-3.450000 0.250000 0.050000 10 40 244
-3.550000 0.350000 0.050000 10 40 244
-3.450000 0.350000 0.050000 10 40 244
-3.350000 0.250000 0.050000 10 40 244
-3.250000 0.250000 0.050000 10 40 244
-3.350000 0.350000 0.050000 10 40 244
-3.250000 0.350000 0.050000 10 40 244
-3.950000 0.450000 0.050000 10 40 244
-3.850000 0.450000 0.050000 10 40 244
-3.950000 0.550000 0.050000 10 40 244
-3.850000 0.550000 0.050000 10 40 244
-3.750000 0.450000 0.050000 10 40 244
-3.650000 0.450000 0.050000 10 40 244
-3.750000 0.550000 0.050000 10 40 244
-3.650000 0.550000 0.050000 10 40 244
-3.950000 0.650000 0.050000 10 40 244
-3.850000 0.650000 0.050000 10 40 244
-3.950000 0.750000 0.050000 10 40 244
-3.850000 0.750000 0.050000 10 40 244
-3.750000 0.650000 0.050000 10 40 244
-3.650000 0.650000 0.050000 10 40 244
-3.750000 0.750000 0.050000 10 40 244
-3.650000 0.750000 0.050000 10 40 244
-3.550000 0.450000 0.050000 10 40 244
-3.450000 0.450000 0.050000 10 40 244
-3.550000 0.550000 0.050000 10 40 244
-3.450000 0.550000 0.050000 10 40 244
-3.350000 0.450000 0.050000 10 40 244
-3.250000 0.450000 0.050000 10 40 244
-3.350000 0.550000 0.050000 10 40 244
-3.250000 0.550000 0.050000 10 40 244
-3.550000 0.650000 0.050000 10 40 244
-3.450000 0.650000 0.050000 10 40 244
-3.550000 0.750000 0.050000 10 40 244
-3.450000 0.750000 0.050000 10 40 244
-3.350000 0.650000 0.050000 10 40 244
-3.250000 0.650000 0.050000 10 40 244
-3.350000 0.750000 0.050000 10 40 244
-3.250000 0.750000 0.050000 10 40 244
-4.750000 0.850000 0.050000 10 40 244
-4.750000 0.950000 0.050000 10 40 244
-4.650000 0.950000 0.050000 10 40 244
-4.550000 0.850000 0.050000 10 40 244
-4.450000 0.850000 0.050000 10 40 244
-4.550000 0.950000 0.050000 10 40 244
-4.450000 0.950000 0.050000 10 40 244
-4.750000 1.050000 0.050000 10 40 244
-4.650000 1.050000 0.050000 10 40 244
-4.750000 1.150000 0.050000 10 40 244
-4.650000 1.150000 0.050000 10 40 244
-4.550000 1.050000 0.050000 10 40 244
-4.450000 1.050000 0.050000 10 40 244
-4.550000 1.150000 0.050000 10 40 244
-4.450000 1.150000 0.050000 10 40 244
-4.350000 0.850000 0.050000 10 40 244
-4.250000 0.850000 0.050000 10 40 244
-4.350000 0.950000 0.050000 10 40 244
-4.250000 0.950000 0.050000 10 40 244
-4.150000 0.850000 0.050000 10 40 244
-4.050000 0.850000 0.050000 10 40 244
-4.150000 0.950000 0.050000 10 40 244
-4.050000 0.950000 0.050000 10 40 244
-4.350000 1.050000 0.050000 10 40 244
-4.250000 1.050000 0.050000 10 40 244
-4.350000 1.150000 0.050000 10 40 244
-4.250000 1.150000 0.050000 10 40 244
-4.150000 1.050000 0.050000 10 40 244
-4.050000 1.050000 0.050000 10 40 244
-4.150000 1.150000 0.050000 10 40 244
-4.050000 1.150000 0.050000 10 40 244
-4.750000 1.250000 0.050000 10 40 244
-4.650000 1.250000 0.050000 10 40 244
-4.550000 1.250000 0.050000 10 40 244
-4.450000 1.250000 0.050000 10 40 244
-4.750000 1.450000 0.050000 10 40 244
-4.750000 1.550000 0.050000 10 40 244
-4.650000 1.550000 0.050000 10 40 244
-4.550000 1.450000 0.050000 10 40 244
-4.450000 1.450000 0.050000 10 40 244
-4.550000 1.550000 0.050000 10 40 244
-4.450000 1.550000 0.050000 10 40 244
-4.350000 1.250000 0.050000 10 40 244
-4.250000 1.250000 0.050000 10 40 244
-4.350000 1.350000 0.050000 10 40 244
-4.250000 1.350000 0.050000 10 40 244
-4.150000 1.250000 0.050000 10 40 244
-4.050000 1.250000 0.050000 10 40 244
-4.150000 1.350000 0.050000 10 40 244
-4.050000 1.350000 0.050000 10 40 244
-4.250000 1.450000 0.050000 10 40 244
-4.350000 1.550000 0.050000 10 40 244
-4.250000 1.550000 0.050000 10 40 244
-4.150000 1.450000 0.050000 10 40 244
-4.050000 1.450000 0.050000 10 40 244
-4.150000 1.550000 0.050000 10 40 244
-4.050000 1.550000 0.050000 10 40 244
-3.950000 0.850000 0.050000 10 40 244
-3.850000 0.850000 0.050000 10 40 244
-3.950000 0.950000 0.050000 10 40 244
-3.850000 0.950000 0.050000 10 40 244
-3.750000 0.850000 0.050000 10 40 244
-3.650000 0.850000 0.050000 10 40 244
-3.750000 0.950000 0.050000 10 40 244
-3.650000 0.950000 0.050000 10 40 244
-3.950000 1.050000 0.050000 10 40 244
-3.850000 1.050000 0.050000 10 40 244
-3.950000 1.150000 0.050000 10 40 244
-3.850000 1.150000 0.050000 10 40 244
-3.750000 1.050000 0.050000 10 40 244
-3.650000 1.050000 0.050000 10 40 244
-3.750000 1.150000 0.050000 10 40 244
-3.650000 1.150000 0.050000 10 40 244
-3.550000 0.850000 0.050000 10 40 244
-3.450000 0.850000 0.050000 10 40 244
-3.550000 0.950000 0.050000 10 40 244
-3.450000 0.950000 0.050000 10 40 244
-3.350000 0.850000 0.050000 10 40 244
-3.250000 0.850000 0.050000 10 40 244
-3.350000 0.950000 0.050000 10 40 244
-3.250000 0.950000 0.050000 10 40 244
-3.550000 1.050000 0.050000 10 40 244
-3.450000 1.050000 0.050000 10 40 244
-3.550000 1.150000 0.050000 10 40 244
-3.450000 1.150000 0.050000 10 40 244
-3.350000 1.050000 0.050000 10 40 244
-3.250000 1.050000 0.050000 10 40 244
-3.350000 1.150000 0.050000 10 40 244
-3.250000 1.150000 0.050000 10 40 244
-3.950000 1.250000 0.050000 10 40 244
-3.850000 1.250000 0.050000 10 40 244
-3.950000 1.350000 0.050000 10 40 244
-3.850000 1.350000 0.050000 10 40 244
-3.750000 1.250000 0.050000 10 40 244
-3.650000 1.250000 0.050000 10 40 244
-3.750000 1.350000 0.050000 10 40 244
-3.650000 1.350000 0.050000 10 40 244
-3.950000 1.450000 0.050000 10 40 244
-3.850000 1.450000 0.050000 10 40 244
-3.950000 1.550000 0.050000 10 40 244
-3.850000 1.550000 0.050000 10 40 244
-3.750000 1.450000 0.050000 10 40 244
-3.650000 1.450000 0.050000 10 40 244
-3.750000 1.550000 0.050000 10 40 244
-3.650000 1.550000 0.050000 10 40 244
-3.550000 1.250000 0.050000 10 40 244
-3.450000 1.250000 0.050000 10 40 244
-3.550000 1.350000 0.050000 10 40 244
-3.450000 1.350000 0.050000 10 40 244
-3.350000 1.250000 0.050000 10 40 244
-3.250000 1.250000 0.050000 10 40 244
-3.350000 1.350000 0.050000 10 40 244
-3.250000 1.350000 0.050000 10 40 244
-3.550000 1.450000 0.050000 10 40 244
-3.450000 1.450000 0.050000 10 40 244
-3.550000 1.550000 0.050000 10 40 244
-3.450000 1.550000 0.050000 10 40 244
-3.350000 1.450000 0.050000 10 40 244
-3.250000 1.450000 0.050000 10 40 244
-3.350000 1.550000 0.050000 10 40 244
-3.250000 1.550000 0.050000 10 40 244
-4.750000 1.650000 0.050000 10 40 244
-4.550000 1.650000 0.050000 10 40 244
-4.450000 1.650000 0.050000 10 40 244
-4.250000 1.650000 0.050000 10 40 244
-4.150000 1.650000 0.050000 10 40 244
-4.050000 1.650000 0.050000 10 40 244
-4.150000 1.750000 0.050000 10 40 244
-4.050000 1.750000 0.050000 10 40 244
-4.150000 1.850000 0.050000 10 40 244
-4.050000 1.850000 0.050000 10 40 244
-4.150000 1.950000 0.050000 10 40 244
-4.050000 1.950000 0.050000 10 40 244
-4.150000 2.050000 0.050000 10 40 244
-4.050000 2.050000 0.050000 10 40 244
-4.150000 2.150000 0.050000 10 40 244
-4.050000 2.150000 0.050000 10 40 244
-4.150000 2.250000 0.050000 10 40 244
-4.050000 2.250000 0.050000 10 40 244
-4.150000 2.350000 0.050000 10 40 244
-4.050000 2.350000 0.050000 10 40 244
-3.950000 1.650000 0.050000 10 40 244
-3.850000 1.650000 0.050000 10 40 244
-3.950000 1.750000 0.050000 10 40 244
-3.850000 1.750000 0.050000 10 40 244
-3.750000 1.650000 0.050000 10 40 244
-3.650000 1.650000 0.050000 10 40 244
-3.750000 1.750000 0.050000 10 40 244
-3.650000 1.750000 0.050000 10 40 244
-3.950000 1.850000 0.050000 10 40 244
-3.850000 1.850000 0.050000 10 40 244
-3.950000 1.950000 0.050000 10 40 244
-3.850000 1.950000 0.050000 10 40 244
-3.750000 1.850000 0.050000 10 40 244
-3.650000 1.850000 0.050000 10 40 244
-3.750000 1.950000 0.050000 10 40 244
-3.650000 1.950000 0.050000 10 40 244
-3.550000 1.650000 0.050000 10 40 244
-3.450000 1.650000 0.050000 10 40 244
-3.550000 1.750000 0.050000 10 40 244
-3.450000 1.750000 0.050000 10 40 244
-3.350000 1.650000 0.050000 10 40 244
-3.250000 1.650000 0.050000 10 40 244
-3.350000 1.750000 0.050000 10 40 244
-3.250000 1.750000 0.050000 10 40 244
-3.550000 1.850000 0.050000 10 40 244
-3.450000 1.850000 0.050000 10 40 244
-3.550000 1.950000 0.050000 10 40 244
-3.450000 1.950000 0.050000 10 40 244
-3.350000 1.850000 0.050000 10 40 244
-3.250000 1.850000 0.050000 10 40 244
-3.350000 1.950000 0.050000 10 40 244
-3.250000 1.950000 0.050000 10 40 244
-3.950000 2.050000 0.050000 10 40 244
-3.850000 2.050000 0.050000 10 40 244
-3.950000 2.150000 0.050000 10 40 244
-3.850000 2.150000 0.050000 10 40 244
-3.750000 2.050000 0.050000 10 40 244
-3.650000 2.050000 0.050000 10 40 244
-3.750000 2.150000 0.050000 10 40 244
-3.650000 2.150000 0.050000 10 40 244
-3.950000 2.250000 0.050000 10 40 244
-3.850000 2.250000 0.050000 10 40 244
-3.950000 2.350000 0.050000 10 40 244
-3.850000 2.350000 0.050000 10 40 244
-3.750000 2.250000 0.050000 10 40 244
-3.650000 2.250000 0.050000 10 40 244
-3.750000 2.350000 0.050000 10 40 244
-3.650000 2.350000 0.050000 10 40 244
-3.550000 2.050000 0.050000 10 40 244
-3.450000 2.050000 0.050000 10 40 244
-3.550000 2.150000 0.050000 10 40 244
-3.450000 2.150000 0.050000 10 40 244
-3.350000 2.050000 0.050000 10 40 244
-3.250000 2.050000 0.050000 10 40 244
-3.350000 2.150000 0.050000 10 40 244
-3.250000 2.150000 0.050000 10 40 244
-3.550000 2.250000 0.050000 10 40 244
-3.450000 2.250000 0.050000 10 40 244
-3.550000 2.350000 0.050000 10 40 244
-3.450000 2.350000 0.050000 10 40 244
-3.350000 2.250000 0.050000 10 40 244
-3.250000 2.250000 0.050000 10 40 244
-3.350000 2.350000 0.050000 10 40 244
-3.250000 2.350000 0.050000 10 40 244
-4.150000 2.450000 0.050000 10 40 244
-4.050000 2.450000 0.050000 10 40 244
-4.150000 2.550000 0.050000 10 40 244
-4.050000 2.550000 0.050000 10 40 244
-4.250000 2.650000 0.050000 10 40 244
-4.250000 2.750000 0.050000 10 40 244
-4.150000 2.650000 0.050000 10 40 244
-4.050000 2.650000 0.050000 10 40 244
-4.150000 2.750000 0.050000 10 40 244
-4.050000 2.750000 0.050000 10 40 244
-4.250000 2.850000 0.050000 10 40 244
-4.250000 2.950000 0.050000 10 40 244
-4.150000 2.850000 0.050000 10 40 244
-4.050000 2.850000 0.050000 10 40 244
-4.150000 2.950000 0.050000 10 40 244
-4.050000 2.950000 0.050000 10 40 244
-4.250000 3.050000 0.050000 10 40 244
-4.250000 3.150000 0.050000 10 40 244
-4.150000 3.050000 0.050000 10 40 244
-4.050000 3.050000 0.050000 10 40 244
-4.150000 3.150000 0.050000 10 40 244
-4.050000 3.150000 0.050000 10 40 244
-3.950000 2.450000 0.050000 10 40 244
-3.850000 2.450000 0.050000 10 40 244
-3.950000 2.550000 0.050000 10 40 244
-3.850000 2.550000 0.050000 10 40 244
-3.750000 2.450000 0.050000 10 40 244
-3.650000 2.450000 0.050000 10 40 244
-3.750000 2.550000 0.050000 10 40 244
-3.650000 2.550000 0.050000 10 40 244
-3.950000 2.650000 0.050000 10 40 244
-3.850000 2.650000 0.050000 10 40 244
-3.950000 2.750000 0.050000 10 40 244
-3.850000 2.750000 0.050000 10 40 244
-3.750000 2.650000 0.050000 10 40 244
-3.650000 2.650000 0.050000 10 40 244
-3.750000 2.750000 0.050000 10 40 244
-3.650000 2.750000 0.050000 10 40 244
-3.550000 2.450000 0.050000 10 40 244
-3.450000 2.450000 0.050000 10 40 244
-3.550000 2.550000 0.050000 10 40 244
-3.450000 2.550000 0.050000 10 40 244
-3.350000 2.450000 0.050000 10 40 244
-3.250000 2.450000 0.050000 10 40 244
-3.350000 2.550000 0.050000 10 40 244
-3.250000 2.550000 0.050000 10 40 244
-3.550000 2.650000 0.050000 10 40 244
-3.450000 2.650000 0.050000 10 40 244
-3.550000 2.750000 0.050000 10 40 244
-3.450000 2.750000 0.050000 10 40 244
-3.350000 2.650000 0.050000 10 40 244
-3.250000 2.650000 0.050000 10 40 244
-3.350000 2.750000 0.050000 10 40 244
-3.250000 2.750000 0.050000 10 40 244
-3.950000 2.850000 0.050000 10 40 244
-3.850000 2.850000 0.050000 10 40 244
-3.950000 2.950000 0.050000 10 40 244
-3.850000 2.950000 0.050000 10 40 244
-3.750000 2.850000 0.050000 10 40 244
-3.650000 2.850000 0.050000 10 40 244
-3.750000 2.950000 0.050000 10 40 244
-3.650000 2.950000 0.050000 10 40 244
-3.950000 3.050000 0.050000 10 40 244
-3.850000 3.050000 0.050000 10 40 244
-3.950000 3.150000 0.050000 10 40 244
-3.850000 3.150000 0.050000 10 40 244
-3.750000 3.050000 0.050000 10 40 244
-3.650000 3.050000 0.050000 10 40 244
-3.750000 3.150000 0.050000 10 40 244
-3.650000 3.150000 0.050000 10 40 244
-3.550000 2.850000 0.050000 10 40 244
-3.450000 2.850000 0.050000 10 40 244
-3.550000 2.950000 0.050000 10 40 244
-3.450000 2.950000 0.050000 10 40 244
-3.350000 2.850000 0.050000 10 40 244
-3.250000 2.850000 0.050000 10 40 244
-3.350000 2.950000 0.050000 10 40 244
-3.250000 2.950000 0.050000 10 40 244
-3.550000 3.050000 0.050000 10 40 244
-3.450000 3.050000 0.050000 10 40 244
-3.550000 3.150000 0.050000 10 40 244
-3.450000 3.150000 0.050000 10 40 244
-3.350000 3.050000 0.050000 10 40 244
-3.250000 3.050000 0.050000 10 40 244
-3.350000 3.150000 0.050000 10 40 244
-3.250000 3.150000 0.050000 10 40 244
-3.150000 0.050000 0.050000 10 40 244
-3.050000 0.050000 0.050000 10 40 244
-3.150000 0.150000 0.050000 10 40 244
-3.050000 0.150000 0.050000 10 40 244
-2.950000 0.050000 0.050000 10 40 244
-2.850000 0.050000 0.050000 10 40 244
-2.950000 0.150000 0.050000 10 40 244
-2.850000 0.150000 0.050000 10 40 244
-3.150000 0.250000 0.050000 10 40 244
-3.050000 0.250000 0.050000 10 40 244
-3.150000 0.350000 0.050000 10 40 244
-3.050000 0.350000 0.050000 10 40 244
-2.950000 0.250000 0.050000 10 40 244
-2.850000 0.250000 0.050000 10 40 244
-2.950000 0.350000 0.050000 10 40 244
-2.850000 0.350000 0.050000 10 40 244
-2.750000 0.050000 0.050000 10 40 244
-2.650000 0.050000 0.050000 10 40 244
-2.750000 0.150000 0.050000 10 40 244
-2.650000 0.150000 0.050000 10 40 244
-2.550000 0.050000 0.050000 10 40 244
-2.450000 0.050000 0.050000 10 40 244
-2.550000 0.150000 0.050000 10 40 244
-2.450000 0.150000 0.050000 10 40 244
-2.750000 0.250000 0.050000 10 40 244
-2.650000 0.250000 0.050000 10 40 244
-2.750000 0.350000 0.050000 10 40 244
-2.650000 0.350000 0.050000 10 40 244
-2.550000 0.250000 0.050000 10 40 244
-2.450000 0.250000 0.050000 10 40 244
-2.550000 0.350000 0.050000 10 40 244
-2.450000 0.350000 0.050000 10 40 244
-3.150000 0.450000 0.050000 10 40 244
-3.050000 0.450000 0.050000 10 40 244
-3.150000 0.550000 0.050000 10 40 244
-3.050000 0.550000 0.050000 10 40 244
-2.950000 0.450000 0.050000 10 40 244
-2.850000 0.450000 0.050000 10 40 244
-2.950000 0.550000 0.050000 10 40 244
-2.850000 0.550000 0.050000 10 40 244
-3.150000 0.650000 0.050000 10 40 244
-3.050000 0.650000 0.050000 10 40 244
-3.150000 0.750000 0.050000 10 40 244
-3.050000 0.750000 0.050000 10 40 244
-2.950000 0.650000 0.050000 10 40 244
-2.850000 0.650000 0.050000 10 40 244
-2.950000 0.750000 0.050000 10 40 244
-2.850000 0.750000 0.050000 10 40 244
-2.750000 0.450000 0.050000 10 40 244
-2.650000 0.450000 0.050000 10 40 244
-2.750000 0.550000 0.050000 10 40 244
-2.650000 0.550000 0.050000 10 40 244
-2.550000 0.450000 0.050000 10 40 244
-2.450000 0.450000 0.050000 10 40 244
-2.550000 0.550000 0.050000 10 40 244
-2.450000 0.550000 0.050000 10 40 244
-2.750000 0.650000 0.050000 10 40 244
-2.650000 0.650000 0.050000 10 40 244
-2.750000 0.750000 0.050000 10 40 244
-2.650000 0.750000 0.050000 10 40 244
-2.550000 0.650000 0.050000 10 40 244
-2.450000 0.650000 0.050000 10 40 244
-2.550000 0.750000 0.050000 10 40 244
-2.450000 0.750000 0.050000 10 40 244
-2.350000 0.050000 0.050000 10 40 244
-2.250000 0.050000 0.050000 10 40 244
-2.350000 0.150000 0.050000 10 40 244
-2.250000 0.150000 0.050000 10 40 244
-2.150000 0.050000 0.050000 10 40 244
-2.050000 0.050000 0.050000 10 40 244
-2.150000 0.150000 0.050000 10 40 244
-2.050000 0.150000 0.050000 10 40 244
-2.350000 0.250000 0.050000 10 40 244
-2.250000 0.250000 0.050000 10 40 244
-2.350000 0.350000 0.050000 10 40 244
-2.250000 0.350000 0.050000 10 40 244
-2.150000 0.250000 0.050000 10 40 244
-2.050000 0.250000 0.050000 10 40 244
-2.150000 0.350000 0.050000 10 40 244
-2.050000 0.350000 0.050000 10 40 244
-1.950000 0.050000 0.050000 10 40 244
-1.850000 0.050000 0.050000 10 40 244
-1.950000 0.150000 0.050000 10 40 244
-1.850000 0.150000 0.050000 10 40 244
-1.750000 0.050000 0.050000 10 40 244
-1.650000 0.050000 0.050000 10 40 244
-1.750000 0.150000 0.050000 10 40 244
-1.650000 0.150000 0.050000 10 40 244
-1.950000 0.250000 0.050000 10 40 244
-1.850000 0.250000 0.050000 10 40 244
-1.950000 0.350000 0.050000 10 40 244
-1.850000 0.350000 0.050000 10 40 244
-1.750000 0.250000 0.050000 10 40 244
-1.650000 0.250000 0.050000 10 40 244
-1.750000 0.350000 0.050000 10 40 244
-1.650000 0.350000 0.050000 10 40 244
-2.350000 0.450000 0.050000 10 40 244
-2.250000 0.450000 0.050000 10 40 244
-2.350000 0.550000 0.050000 10 40 244
-2.250000 0.550000 0.050000 10 40 244
-2.150000 0.450000 0.050000 10 40 244
-2.050000 0.450000 0.050000 10 40 244
-2.150000 0.550000 0.050000 10 40 244
-2.050000 0.550000 0.050000 10 40 244
-2.350000 0.650000 0.050000 10 40 244
-2.250000 0.650000 0.050000 10 40 244
-2.350000 0.750000 0.050000 10 40 244
-2.250000 0.750000 0.050000 10 40 244
-2.150000 0.650000 0.050000 10 40 244
-2.050000 0.650000 0.050000 10 40 244
-2.150000 0.750000 0.050000 10 40 244
-2.050000 0.750000 0.050000 10 40 244
-1.950000 0.450000 0.050000 10 40 244
-1.850000 0.450000 0.050000 10 40 244
-1.950000 0.550000 0.050000 10 40 244
-1.850000 0.550000 0.050000 10 40 244
-1.750000 0.450000 0.050000 10 40 244
-1.650000 0.450000 0.050000 10 40 244
-1.750000 0.550000 0.050000 10 40 244
-1.650000 0.550000 0.050000 10 40 244
-1.950000 0.650000 0.050000 10 40 244
-1.850000 0.650000 0.050000 10 40 244
-1.950000 0.750000 0.050000 10 40 244
-1.850000 0.750000 0.050000 10 40 244
-1.750000 0.650000 0.050000 10 40 244
-1.650000 0.650000 0.050000 10 40 244
-1.750000 0.750000 0.050000 10 40 244
-1.650000 0.750000 0.050000 10 40 244
-3.150000 0.850000 0.050000 10 40 244
-3.050000 0.850000 0.050000 10 40 244
-3.150000 0.950000 0.050000 10 40 244
-3.050000 0.950000 0.050000 10 40 244
-2.950000 0.850000 0.050000 10 40 244
-2.850000 0.850000 0.050000 10 40 244
-2.950000 0.950000 0.050000 10 40 244
-2.850000 0.950000 0.050000 10 40 244
-3.150000 1.050000 0.050000 10 40 244
-3.050000 1.050000 0.050000 10 40 244
-3.150000 1.150000 0.050000 10 40 244
-3.050000 1.150000 0.050000 10 40 244
-2.950000 1.050000 0.050000 10 40 244
-2.850000 1.050000 0.050000 10 40 244
-2.950000 1.150000 0.050000 10 40 244
-2.850000 1.150000 0.050000 10 40 244
-2.750000 0.850000 0.050000 10 40 244
-2.650000 0.850000 0.050000 10 40 244
-2.750000 0.950000 0.050000 10 40 244
-2.650000 0.950000 0.050000 10 40 244
-2.550000 0.850000 0.050000 10 40 244
-2.450000 0.850000 0.050000 10 40 244
-2.550000 0.950000 0.050000 10 40 244
-2.450000 0.950000 0.050000 10 40 244
-2.750000 1.050000 0.050000 10 40 244
-2.650000 1.050000 0.050000 10 40 244
-2.750000 1.150000 0.050000 10 40 244
-2.650000 1.150000 0.050000 10 40 244
-2.550000 1.050000 0.050000 10 40 244
-2.450000 1.050000 0.050000 10 40 244
-2.550000 1.150000 0.050000 10 40 244
-2.450000 1.150000 0.050000 10 40 244
-3.150000 1.250000 0.050000 10 40 244
-3.050000 1.250000 0.050000 10 40 244
-3.150000 1.350000 0.050000 10 40 244
-3.050000 1.350000 0.050000 10 40 244
-2.950000 1.250000 0.050000 10 40 244
-2.850000 1.250000 0.050000 10 40 244
-2.950000 1.350000 0.050000 10 40 244
-2.850000 1.350000 0.050000 10 40 244
-3.150000 1.450000 0.050000 10 40 244
-3.050000 1.450000 0.050000 10 40 244
-3.150000 1.550000 0.050000 10 40 244
-3.050000 1.550000 0.050000 10 40 244
-2.950000 1.450000 0.050000 10 40 244
-2.850000 1.450000 0.050000 10 40 244
-2.950000 1.550000 0.050000 10 40 244
-2.850000 1.550000 0.050000 10 40 244
-2.750000 1.250000 0.050000 10 40 244
-2.650000 1.250000 0.050000 10 40 244
-2.750000 1.350000 0.050000 10 40 244
-2.650000 1.350000 0.050000 10 40 244
-2.550000 1.250000 0.050000 10 40 244
-2.450000 1.250000 0.050000 10 40 244
-2.550000 1.350000 0.050000 10 40 244
-2.450000 1.350000 0.050000 10 40 244
-2.750000 1.450000 0.050000 10 40 244
-2.650000 1.450000 0.050000 10 40 244
-2.750000 1.550000 0.050000 10 40 244
-2.650000 1.550000 0.050000 10 40 244
-2.550000 1.450000 0.050000 10 40 244
-2.450000 1.450000 0.050000 10 40 244
-2.550000 1.550000 0.050000 10 40 244
-2.450000 1.550000 0.050000 10 40 244
-2.350000 0.850000 0.050000 10 40 244
-2.250000 0.850000 0.050000 10 40 244
-2.350000 0.950000 0.050000 10 40 244
-2.250000 0.950000 0.050000 10 40 244
-2.150000 0.850000 0.050000 10 40 244
-2.050000 0.850000 0.050000 10 40 244
-2.150000 0.950000 0.050000 10 40 244
-2.050000 0.950000 0.050000 10 40 244
-2.350000 1.050000 0.050000 10 40 244
-2.250000 1.050000 0.050000 10 40 244
-2.350000 1.150000 0.050000 10 40 244
-2.250000 1.150000 0.050000 10 40 244
-2.150000 1.050000 0.050000 10 40 244
-2.050000 1.050000 0.050000 10 40 244
-2.150000 1.150000 0.050000 10 40 244
-2.050000 1.150000 0.050000 10 40 244
-1.950000 0.850000 0.050000 10 40 244
-1.850000 0.850000 0.050000 10 40 244
-1.950000 0.950000 0.050000 10 40 244
-1.850000 0.950000 0.050000 10 40 244
-1.750000 0.850000 0.050000 10 40 244
-1.650000 0.850000 0.050000 10 40 244
-1.750000 0.950000 0.050000 10 40 244
-1.650000 0.950000 0.050000 10 40 244
-1.950000 1.050000 0.050000 10 40 244
-1.850000 1.050000 0.050000 10 40 244
-1.950000 1.150000 0.050000 10 40 244
-1.850000 1.150000 0.050000 10 40 244
-1.750000 1.050000 0.050000 10 40 244
-1.650000 1.050000 0.050000 10 40 244
-1.750000 1.150000 0.050000 10 40 244
-1.650000 1.150000 0.050000 10 40 244
-2.350000 1.250000 0.050000 10 40 244
-2.250000 1.250000 0.050000 10 40 244
-2.350000 1.350000 0.050000 10 40 244
-2.250000 1.350000 0.050000 10 40 244
-2.150000 1.250000 0.050000 10 40 244
-2.050000 1.250000 0.050000 10 40 244
-2.150000 1.350000 0.050000 10 40 244
-2.050000 1.350000 0.050000 10 40 244
-2.350000 1.450000 0.050000 10 40 244
-2.250000 1.450000 0.050000 10 40 244
-2.350000 1.550000 0.050000 10 40 244
-2.250000 1.550000 0.050000 10 40 244
-2.150000 1.450000 0.050000 10 40 244
-2.050000 1.450000 0.050000 10 40 244
-2.150000 1.550000 0.050000 10 40 244
-2.050000 1.550000 0.050000 10 40 244
-1.950000 1.250000 0.050000 10 40 244
-1.850000 1.250000 0.050000 10 40 244
-1.950000 1.350000 0.050000 10 40 244
-1.850000 1.350000 0.050000 10 40 244
-1.750000 1.250000 0.050000 10 40 244
-1.650000 1.250000 0.050000 10 40 244
-1.750000 1.350000 0.050000 10 40 244
-1.650000 1.350000 0.050000 10 40 244
-1.950000 1.450000 0.050000 10 40 244
-1.850000 1.450000 0.050000 10 40 244
-1.950000 1.550000 0.050000 10 40 244
-1.850000 1.550000 0.050000 10 40 244
-1.750000 1.450000 0.050000 10 40 244
-1.650000 1.450000 0.050000 10 40 244
-1.750000 1.550000 0.050000 10 40 244
-1.650000 1.550000 0.050000 10 40 244
-1.550000 0.050000 0.050000 10 40 244
-1.450000 0.050000 0.050000 10 40 244
-1.550000 0.150000 0.050000 10 40 244
-1.450000 0.150000 0.050000 10 40 244
-1.350000 0.050000 0.050000 10 40 244
-1.250000 0.050000 0.050000 10 40 244
-1.350000 0.150000 0.050000 10 40 244
-1.250000 0.150000 0.050000 10 40 244
-1.550000 0.250000 0.050000 10 40 244
-1.450000 0.250000 0.050000 10 40 244
-1.550000 0.350000 0.050000 10 40 244
-1.450000 0.350000 0.050000 10 40 244
-1.350000 0.250000 0.050000 10 40 244
-1.250000 0.250000 0.050000 10 40 244
-1.350000 0.350000 0.050000 10 40 244
-1.250000 0.350000 0.050000 10 40 244
-1.150000 0.050000 0.050000 10 40 244
-1.050000 0.050000 0.050000 10 40 244
-1.150000 0.150000 0.050000 10 40 244
-1.050000 0.150000 0.050000 10 40 244
-0.950000 0.050000 0.050000 10 40 244
-0.850000 0.050000 0.050000 10 40 244
-0.950000 0.150000 0.050000 10 40 244
-0.850000 0.150000 0.050000 10 40 244
-1.150000 0.250000 0.050000 10 40 244
-1.050000 0.250000 0.050000 10 40 244
-1.150000 0.350000 0.050000 10 40 244
-1.050000 0.350000 0.050000 10 40 244
-0.950000 0.250000 0.050000 10 40 244
-0.850000 0.250000 0.050000 10 40 244
-0.950000 0.350000 0.050000 10 40 244
-0.850000 0.350000 0.050000 10 40 244
-1.550000 0.450000 0.050000 10 40 244
-1.450000 0.450000 0.050000 10 40 244
-1.550000 0.550000 0.050000 10 40 244
-1.450000 0.550000 0.050000 10 40 244
-1.350000 0.450000 0.050000 10 40 244
-1.250000 0.450000 0.050000 10 40 244
-1.350000 0.550000 0.050000 10 40 244
-1.250000 0.550000 0.050000 10 40 244
-1.550000 0.650000 0.050000 10 40 244
-1.450000 0.650000 0.050000 10 40 244
-1.550000 0.750000 0.050000 10 40 244
-1.450000 0.750000 0.050000 10 40 244
-1.350000 0.650000 0.050000 10 40 244
-1.250000 0.650000 0.050000 10 40 244
-1.350000 0.750000 0.050000 10 40 244
-1.250000 0.750000 0.050000 10 40 244
-1.150000 0.450000 0.050000 10 40 244
-1.050000 0.450000 0.050000 10 40 244
-1.150000 0.550000 0.050000 10 40 244
-1.050000 0.550000 0.050000 10 40 244
-0.950000 0.450000 0.050000 10 40 244
-0.850000 0.450000 0.050000 10 40 244
-0.950000 0.550000 0.050000 10 40 244
-0.850000 0.550000 0.050000 10 40 244
-1.150000 0.650000 0.050000 10 40 244
-1.050000 0.650000 0.050000 10 40 244
-1.150000 0.750000 0.050000 10 40 244
-1.050000 0.750000 0.050000 10 40 244
-0.950000 0.650000 0.050000 10 40 244
-0.850000 0.650000 0.050000 10 40 244
-0.950000 0.750000 0.050000 10 40 244
-0.850000 0.750000 0.050000 10 40 244
-0.750000 0.050000 0.050000 10 40 244
-0.650000 0.050000 0.050000 10 40 244
-0.750000 0.150000 0.050000 10 40 244
-0.650000 0.150000 0.050000 10 40 244
-0.550000 0.050000 0.050000 10 40 244
-0.450000 0.050000 0.050000 10 40 244
-0.550000 0.150000 0.050000 10 40 244
-0.450000 0.150000 0.050000 10 40 244
-0.750000 0.250000 0.050000 10 40 244
-0.650000 0.250000 0.050000 10 40 244
-0.750000 0.350000 0.050000 10 40 244
-0.650000 0.350000 0.050000 10 40 244
-0.550000 0.250000 0.050000 10 40 244
-0.450000 0.250000 0.050000 10 40 244
-0.550000 0.350000 0.050000 10 40 244
-0.450000 0.350000 0.050000 10 40 244
-0.350000 0.050000 0.050000 10 40 244
-0.250000 0.050000 0.050000 10 40 244
-0.350000 0.150000 0.050000 10 40 244
-0.250000 0.150000 0.050000 10 40 244
-0.350000 0.250000 0.050000 10 40 244
-0.350000 0.350000 0.050000 10 40 244
-0.750000 0.450000 0.050000 10 40 244
-0.650000 0.450000 0.050000 10 40 244
-0.750000 0.550000 0.050000 10 40 244
-0.650000 0.550000 0.050000 10 40 244
-0.550000 0.450000 0.050000 10 40 244
-0.550000 0.550000 0.050000 10 40 244
-0.750000 0.650000 0.050000 10 40 244
-0.650000 0.650000 0.050000 10 40 244
-0.750000 0.750000 0.050000 10 40 244
-0.650000 0.750000 0.050000 10 40 244
-0.650000 0.650000 0.150000 20 40 234
-0.550000 0.650000 0.050000 10 40 244
-0.550000 0.750000 0.050000 10 40 244
-0.450000 0.750000 0.050000 10 40 244
-0.550000 0.650000 0.150000 20 40 234
-0.450000 0.650000 0.150000 20 40 234
-0.750000 0.650000 0.350000 40 40 214
-0.650000 0.650000 0.350000 40 40 214
-0.550000 0.650000 0.350000 40 40 214
-0.450000 0.650000 0.350000 40 40 214
-0.350000 0.750000 0.050000 10 40 244
-0.250000 0.750000 0.050000 10 40 244
-0.350000 0.650000 0.150000 20 40 234
-0.250000 0.650000 0.150000 20 40 234
-0.150000 0.750000 0.050000 10 40 244
-0.050000 0.750000 0.050000 10 40 244
-0.150000 0.650000 0.150000 20 40 234
-0.050000 0.650000 0.150000 20 40 234
-0.050000 0.750000 0.150000 20 40 234
-0.350000 0.650000 0.350000 40 40 214
-0.250000 0.650000 0.350000 40 40 214
-0.050000 0.650000 0.250000 30 40 224
-0.050000 0.750000 0.250000 30 40 224
-0.150000 0.650000 0.350000 40 40 214
-0.050000 0.650000 0.350000 40 40 214
-0.050000 0.750000 0.350000 40 40 214
-0.750000 0.050000 0.750000 81 40 173
-0.650000 0.050000 0.750000 81 40 173
-0.750000 0.150000 0.750000 81 40 173
-0.650000 0.150000 0.750000 81 40 173
-0.550000 0.050000 0.750000 81 40 173
-0.450000 0.050000 0.750000 81 40 173
-0.550000 0.150000 0.750000 81 40 173
-0.450000 0.150000 0.750000 81 40 173
-0.750000 0.250000 0.650000 71 40 183
-0.650000 0.250000 0.650000 71 40 183
-0.750000 0.350000 0.650000 71 40 183
-0.650000 0.350000 0.650000 71 40 183
-0.750000 0.250000 0.750000 81 40 173
-0.650000 0.250000 0.750000 81 40 173
-0.550000 0.250000 0.650000 71 40 183
-0.450000 0.250000 0.650000 71 40 183
-0.550000 0.350000 0.650000 71 40 183
-0.450000 0.350000 0.650000 71 40 183
-0.550000 0.250000 0.750000 81 40 173
-0.450000 0.250000 0.750000 81 40 173
-0.350000 0.050000 0.750000 81 40 173
-0.250000 0.050000 0.750000 81 40 173
-0.350000 0.150000 0.750000 81 40 173
-0.250000 0.150000 0.750000 81 40 173
-0.150000 0.050000 0.750000 81 40 173
-0.050000 0.050000 0.750000 81 40 173
-0.150000 0.150000 0.750000 81 40 173
-0.050000 0.150000 0.750000 81 40 173
-0.350000 0.250000 0.650000 71 40 183
-0.250000 0.250000 0.650000 71 40 183
-0.350000 0.350000 0.650000 71 40 183
-0.250000 0.350000 0.650000 71 40 183
-0.350000 0.250000 0.750000 81 40 173
-0.250000 0.250000 0.750000 81 40 173
-0.150000 0.250000 0.650000 71 40 183
-0.050000 0.250000 0.650000 71 40 183
-0.150000 0.350000 0.650000 71 40 183
-0.050000 0.350000 0.650000 71 40 183
-0.150000 0.250000 0.750000 81 40 173
-0.050000 0.250000 0.750000 81 40 173
-0.750000 0.550000 0.450000 50 40 204
-0.650000 0.550000 0.450000 50 40 204
-0.750000 0.450000 0.550000 61 40 193
-0.650000 0.450000 0.550000 61 40 193
-0.750000 0.550000 0.550000 61 40 193
-0.650000 0.550000 0.550000 61 40 193
-0.550000 0.550000 0.450000 50 40 204
-0.450000 0.550000 0.450000 50 40 204
-0.550000 0.450000 0.550000 61 40 193
-0.450000 0.450000 0.550000 61 40 193
-0.550000 0.550000 0.550000 61 40 193
-0.450000 0.550000 0.550000 61 40 193
-0.650000 0.650000 0.450000 50 40 204
-0.550000 0.650000 0.450000 50 40 204
-0.450000 0.650000 0.450000 50 40 204
-0.750000 0.450000 0.650000 71 40 183
-0.650000 0.450000 0.650000 71 40 183
-0.550000 0.450000 0.650000 71 40 183
-0.450000 0.450000 0.650000 71 40 183
-0.350000 0.550000 0.450000 50 40 204
-0.250000 0.550000 0.450000 50 40 204
-0.350000 0.450000 0.550000 61 40 193
-0.250000 0.450000 0.550000 61 40 193
-0.350000 0.550000 0.550000 61 40 193
-0.250000 0.550000 0.550000 61 40 193
-0.150000 0.550000 0.450000 50 40 204
-0.050000 0.550000 0.450000 50 40 204
-0.150000 0.450000 0.550000 61 40 193
-0.050000 0.450000 0.550000 61 40 193
-0.150000 0.550000 0.550000 61 40 193
-0.050000 0.550000 0.550000 61 40 193
-0.250000 0.650000 0.450000 50 40 204
-0.150000 0.650000 0.450000 50 40 204
-0.050000 0.650000 0.450000 50 40 204
-0.050000 0.750000 0.450000 50 40 204
-0.050000 0.650000 0.550000 61 40 193
-0.050000 0.750000 0.550000 61 40 193
-0.350000 0.450000 0.650000 71 40 183
-0.250000 0.450000 0.650000 71 40 183
-0.150000 0.450000 0.650000 71 40 183
-0.050000 0.450000 0.650000 71 40 183
-0.050000 0.650000 0.650000 71 40 183
-0.050000 0.750000 0.650000 71 40 183
-0.050000 0.650000 0.750000 81 40 173
-0.050000 0.750000 0.750000 81 40 173
-1.550000 0.850000 0.050000 10 40 244
-1.450000 0.850000 0.050000 10 40 244
-1.550000 0.950000 0.050000 10 40 244
-1.450000 0.950000 0.050000 10 40 244
-1.350000 0.850000 0.050000 10 40 244
-1.250000 0.850000 0.050000 10 40 244
-1.350000 0.950000 0.050000 10 40 244
-1.250000 0.950000 0.050000 10 40 244
-1.550000 1.050000 0.050000 10 40 244
-1.450000 1.050000 0.050000 10 40 244
-1.550000 1.150000 0.050000 10 40 244
-1.450000 1.150000 0.050000 10 40 244
-1.350000 1.050000 0.050000 10 40 244
-1.250000 1.050000 0.050000 10 40 244
-1.350000 1.150000 0.050000 10 40 244
-1.250000 1.150000 0.050000 10 40 244
-1.150000 0.850000 0.050000 10 40 244
-1.050000 0.850000 0.050000 10 40 244
-1.150000 0.950000 0.050000 10 40 244
-1.050000 0.950000 0.050000 10 40 244
-0.950000 0.850000 0.050000 10 40 244
-0.850000 0.850000 0.050000 10 40 244
-0.950000 0.950000 0.050000 10 40 244
-0.850000 0.950000 0.050000 10 40 244
-1.150000 1.050000 0.050000 10 40 244
-1.050000 1.050000 0.050000 10 40 244
-1.150000 1.150000 0.050000 10 40 244
-1.050000 1.150000 0.050000 10 40 244
-0.950000 1.050000 0.050000 10 40 244
-0.850000 1.050000 0.050000 10 40 244
-0.950000 1.150000 0.050000 10 40 244
-0.850000 1.150000 0.050000 10 40 244
-1.550000 1.250000 0.050000 10 40 244
-1.450000 1.250000 0.050000 10 40 244
-1.550000 1.350000 0.050000 10 40 244
-1.450000 1.350000 0.050000 10 40 244
-1.350000 1.250000 0.050000 10 40 244
-1.250000 1.250000 0.050000 10 40 244
-1.350000 1.350000 0.050000 10 40 244
-1.250000 1.350000 0.050000 10 40 244
-1.550000 1.450000 0.050000 10 40 244
-1.450000 1.450000 0.050000 10 40 244
-1.550000 1.550000 0.050000 10 40 244
-1.450000 1.550000 0.050000 10 40 244
-1.350000 1.450000 0.050000 10 40 244
-1.250000 1.450000 0.050000 10 40 244
-1.350000 1.550000 0.050000 10 40 244
-1.250000 1.550000 0.050000 10 40 244
-1.150000 1.250000 0.050000 10 40 244
-1.050000 1.250000 0.050000 10 40 244
-1.150000 1.350000 0.050000 10 40 244
-1.050000 1.350000 0.050000 10 40 244
-0.950000 1.250000 0.050000 10 40 244
-0.850000 1.250000 0.050000 10 40 244
-0.950000 1.350000 0.050000 10 40 244
-0.850000 1.350000 0.050000 10 40 244
-1.150000 1.450000 0.050000 10 40 244
-1.050000 1.450000 0.050000 10 40 244
-1.150000 1.550000 0.050000 10 40 244
-1.050000 1.550000 0.050000 10 40 244
-0.950000 1.450000 0.050000 10 40 244
-0.850000 1.450000 0.050000 10 40 244
-0.950000 1.550000 0.050000 10 40 244
-0.850000 1.550000 0.050000 10 40 244
-0.750000 0.850000 0.050000 10 40 244
-0.650000 0.850000 0.050000 10 40 244
-0.750000 0.950000 0.050000 10 40 244
-0.650000 0.950000 0.050000 10 40 244
-0.550000 0.850000 0.050000 10 40 244
-0.450000 0.850000 0.050000 10 40 244
-0.550000 0.950000 0.050000 10 40 244
-0.450000 0.950000 0.050000 10 40 244
-0.750000 1.050000 0.050000 10 40 244
-0.650000 1.050000 0.050000 10 40 244
-0.750000 1.150000 0.050000 10 40 244
-0.650000 1.150000 0.050000 10 40 244
-0.550000 1.050000 0.050000 10 40 244
-0.450000 1.050000 0.050000 10 40 244
-0.550000 1.150000 0.050000 10 40 244
-0.450000 1.150000 0.050000 10 40 244
-0.350000 0.850000 0.050000 10 40 244
-0.250000 0.850000 0.050000 10 40 244
-0.350000 0.950000 0.050000 10 40 244
-0.250000 0.950000 0.050000 10 40 244
-0.150000 0.850000 0.050000 10 40 244
-0.050000 0.850000 0.050000 10 40 244
-0.150000 0.950000 0.050000 10 40 244
-0.050000 0.950000 0.050000 10 40 244
-0.050000 0.850000 0.150000 20 40 234
-0.050000 0.950000 0.150000 20 40 234
-0.350000 1.050000 0.050000 10 40 244
-0.250000 1.050000 0.050000 10 40 244
-0.350000 1.150000 0.050000 10 40 244
-0.250000 1.150000 0.050000 10 40 244
-0.150000 1.050000 0.050000 10 40 244
-0.050000 1.050000 0.050000 10 40 244
-0.150000 1.150000 0.050000 10 40 244
-0.050000 1.150000 0.050000 10 40 244
-0.050000 1.050000 0.150000 20 40 234
-0.050000 1.150000 0.150000 20 40 234
-0.050000 0.850000 0.250000 30 40 224
-0.050000 0.950000 0.250000 30 40 224
-0.050000 0.850000 0.350000 40 40 214
-0.050000 0.950000 0.350000 40 40 214
-0.050000 1.050000 0.250000 30 40 224
-0.050000 1.150000 0.250000 30 40 224
-0.050000 1.050000 0.350000 40 40 214
-0.050000 1.150000 0.350000 40 40 214
-0.750000 1.250000 0.050000 10 40 244
-0.650000 1.250000 0.050000 10 40 244
-0.750000 1.350000 0.050000 10 40 244
-0.650000 1.350000 0.050000 10 40 244
-0.550000 1.250000 0.050000 10 40 244
-0.450000 1.250000 0.050000 10 40 244
-0.550000 1.350000 0.050000 10 40 244
-0.450000 1.350000 0.050000 10 40 244
-0.750000 1.450000 0.050000 10 40 244
-0.650000 1.450000 0.050000 10 40 244
-0.750000 1.550000 0.050000 10 40 244
-0.650000 1.550000 0.050000 10 40 244
-0.550000 1.450000 0.050000 10 40 244
-0.450000 1.450000 0.050000 10 40 244
-0.550000 1.550000 0.050000 10 40 244
-0.450000 1.550000 0.050000 10 40 244
-0.350000 1.250000 0.050000 10 40 244
-0.250000 1.250000 0.050000 10 40 244
-0.350000 1.350000 0.050000 10 40 244
-0.250000 1.350000 0.050000 10 40 244
-0.150000 1.250000 0.050000 10 40 244
-0.050000 1.250000 0.050000 10 40 244
-0.150000 1.350000 0.050000 10 40 244
-0.050000 1.350000 0.050000 10 40 244
-0.050000 1.250000 0.150000 20 40 234
-0.050000 1.350000 0.150000 20 40 234
-0.350000 1.450000 0.050000 10 40 244
-0.250000 1.450000 0.050000 10 40 244
-0.350000 1.550000 0.050000 10 40 244
-0.250000 1.550000 0.050000 10 40 244
-0.150000 1.450000 0.050000 10 40 244
-0.050000 1.450000 0.050000 10 40 244
-0.150000 1.550000 0.050000 10 40 244
-0.050000 1.550000 0.050000 10 40 244
-0.050000 1.450000 0.150000 20 40 234
-0.050000 1.550000 0.150000 20 40 234
-0.050000 1.250000 0.250000 30 40 224
-0.050000 1.350000 0.250000 30 40 224
-0.050000 1.250000 0.350000 40 40 214
-0.050000 1.350000 0.350000 40 40 214
-0.050000 1.450000 0.250000 30 40 224
-0.050000 1.550000 0.250000 30 40 224
-0.050000 1.450000 0.350000 40 40 214
-0.050000 1.550000 0.350000 40 40 214
-0.050000 0.850000 0.450000 50 40 204
-0.050000 0.950000 0.450000 50 40 204
-0.050000 0.850000 0.550000 61 40 193
-0.050000 0.950000 0.550000 61 40 193
-0.050000 1.050000 0.450000 50 40 204
-0.050000 1.150000 0.450000 50 40 204
-0.050000 1.050000 0.550000 61 40 193
-0.050000 1.150000 0.550000 61 40 193
-0.050000 0.850000 0.650000 71 40 183
-0.050000 0.950000 0.650000 71 40 183
-0.050000 0.850000 0.750000 81 40 173
-0.050000 0.950000 0.750000 81 40 173
-0.050000 1.050000 0.650000 71 40 183
-0.050000 1.150000 0.650000 71 40 183
-0.050000 1.050000 0.750000 81 40 173
-0.050000 1.150000 0.750000 81 40 173
-0.050000 1.250000 0.450000 50 40 204
-0.050000 1.350000 0.450000 50 40 204
-0.050000 1.250000 0.550000 61 40 193
-0.050000 1.350000 0.550000 61 40 193
-0.050000 1.450000 0.450000 50 40 204
-0.050000 1.550000 0.450000 50 40 204
-0.050000 1.450000 0.550000 61 40 193
-0.050000 1.550000 0.550000 61 40 193
-0.050000 1.250000 0.650000 71 40 183
-0.050000 1.350000 0.650000 71 40 183
-0.050000 1.250000 0.750000 81 40 173
-0.050000 1.350000 0.750000 81 40 173
-0.050000 1.450000 0.650000 71 40 183
-0.050000 1.550000 0.650000 71 40 183
-0.050000 1.450000 0.750000 81 40 173
-0.050000 1.550000 0.750000 81 40 173
-0.050000 0.650000 0.850000 91 40 163
-0.050000 0.750000 0.850000 91 40 163
-0.050000 0.650000 0.950000 101 40 153
-0.050000 0.750000 0.950000 101 40 153
-0.050000 0.650000 1.050000 112 40 142
-0.050000 0.750000 1.050000 112 40 142
-0.050000 0.650000 1.150000 122 40 132
-0.050000 0.750000 1.150000 122 40 132
-0.050000 0.650000 1.250000 132 40 122
-0.050000 0.750000 1.250000 132 40 122
-0.050000 0.650000 1.350000 142 40 112
-0.050000 0.750000 1.350000 142 40 112
-0.050000 0.650000 1.450000 153 40 101
-0.050000 0.750000 1.450000 153 40 101
-0.050000 0.650000 1.550000 163 40 91
-0.050000 0.750000 1.550000 163 40 91
-0.050000 0.850000 0.850000 91 40 163
-0.050000 0.950000 0.850000 91 40 163
-0.050000 0.850000 0.950000 101 40 153
-0.050000 0.950000 0.950000 101 40 153
-0.050000 1.050000 0.850000 91 40 163
-0.050000 1.150000 0.850000 91 40 163
-0.050000 1.050000 0.950000 101 40 153
-0.050000 1.150000 0.950000 101 40 153
-0.050000 0.850000 1.050000 112 40 142
-0.050000 0.950000 1.050000 112 40 142
-0.050000 0.850000 1.150000 122 40 132
-0.050000 0.950000 1.150000 122 40 132
-0.050000 1.050000 1.050000 112 40 142
-0.050000 1.150000 1.050000 112 40 142
-0.050000 1.050000 1.150000 122 40 132
-0.050000 1.150000 1.150000 122 40 132
-0.050000 1.250000 0.850000 91 40 163
-0.050000 1.350000 0.850000 91 40 163
-0.050000 1.250000 0.950000 101 40 153
-0.050000 1.350000 0.950000 101 40 153
-0.050000 1.450000 0.850000 91 40 163
-0.050000 1.550000 0.850000 91 40 163
-0.050000 1.450000 0.950000 101 40 153
-0.050000 1.550000 0.950000 101 40 153
-0.050000 1.250000 1.050000 112 40 142
-0.050000 1.350000 1.050000 112 40 142
-0.050000 1.250000 1.150000 122 40 132
-0.050000 1.350000 1.150000 122 40 132
-0.050000 1.450000 1.050000 112 40 142
-0.050000 1.550000 1.050000 112 40 142
-0.050000 1.450000 1.150000 122 40 132
-0.050000 1.550000 1.150000 122 40 132
-0.050000 0.850000 1.250000 132 40 122
-0.050000 0.950000 1.250000 132 40 122
-0.050000 0.850000 1.350000 142 40 112
-0.050000 0.950000 1.350000 142 40 112
-0.050000 1.050000 1.250000 132 40 122
-0.050000 1.150000 1.250000 132 40 122
-0.050000 1.050000 1.350000 142 40 112
-0.050000 1.150000 1.350000 142 40 112
-0.050000 0.850000 1.450000 153 40 101
-0.050000 0.950000 1.450000 153 40 101
-0.050000 0.850000 1.550000 163 40 91
-0.050000 0.950000 1.550000 163 40 91
-0.050000 1.050000 1.450000 153 40 101
-0.050000 1.150000 1.450000 153 40 101
-0.050000 1.050000 1.550000 163 40 91
-0.050000 1.150000 1.550000 163 40 91
-0.050000 1.250000 1.250000 132 40 122
-0.050000 1.350000 1.250000 132 40 122
-0.050000 1.250000 1.350000 142 40 112
-0.050000 1.350000 1.350000 142 40 112
-0.050000 1.450000 1.250000 132 40 122
-0.050000 1.550000 1.250000 132 40 122
-0.050000 1.450000 1.350000 142 40 112
-0.050000 1.550000 1.350000 142 40 112
-0.050000 1.250000 1.450000 153 40 101
-0.050000 1.350000 1.450000 153 40 101
-0.050000 1.250000 1.550000 163 40 91
-0.050000 1.350000 1.550000 163 40 91
-0.050000 1.450000 1.450000 153 40 101
-0.050000 1.550000 1.450000 153 40 101
-0.050000 1.450000 1.550000 163 40 91
-0.050000 1.550000 1.550000 163 40 91
-3.150000 1.650000 0.050000 10 40 244
-3.050000 1.650000 0.050000 10 40 244
-3.150000 1.750000 0.050000 10 40 244
-3.050000 1.750000 0.050000 10 40 244
-2.950000 1.650000 0.050000 10 40 244
-2.850000 1.650000 0.050000 10 40 244
-2.950000 1.750000 0.050000 10 40 244
-2.850000 1.750000 0.050000 10 40 244
-3.150000 1.850000 0.050000 10 40 244
-3.050000 1.850000 0.050000 10 40 244
-3.150000 1.950000 0.050000 10 40 244
-3.050000 1.950000 0.050000 10 40 244
-2.950000 1.850000 0.050000 10 40 244
-2.850000 1.850000 0.050000 10 40 244
-2.950000 1.950000 0.050000 10 40 244
-2.850000 1.950000 0.050000 10 40 244
-2.750000 1.650000 0.050000 10 40 244
-2.650000 1.650000 0.050000 10 40 244
-2.750000 1.750000 0.050000 10 40 244
-2.650000 1.750000 0.050000 10 40 244
-2.550000 1.650000 0.050000 10 40 244
-2.450000 1.650000 0.050000 10 40 244
-2.550000 1.750000 0.050000 10 40 244
-2.450000 1.750000 0.050000 10 40 244
-2.750000 1.850000 0.050000 10 40 244
-2.650000 1.850000 0.050000 10 40 244
-2.750000 1.950000 0.050000 10 40 244
-2.650000 1.950000 0.050000 10 40 244
-2.550000 1.850000 0.050000 10 40 244
-2.450000 1.850000 0.050000 10 40 244
-2.550000 1.950000 0.050000 10 40 244
-2.450000 1.950000 0.050000 10 40 244
-3.150000 2.050000 0.050000 10 40 244
-3.050000 2.050000 0.050000 10 40 244
-3.150000 2.150000 0.050000 10 40 244
-3.050000 2.150000 0.050000 10 40 244
-2.950000 2.050000 0.050000 10 40 244
-2.850000 2.050000 0.050000 10 40 244
-2.950000 2.150000 0.050000 10 40 244
-2.850000 2.150000 0.050000 10 40 244
-3.150000 2.250000 0.050000 10 40 244
-3.050000 2.250000 0.050000 10 40 244
-3.150000 2.350000 0.050000 10 40 244
-3.050000 2.350000 0.050000 10 40 244
-2.950000 2.250000 0.050000 10 40 244
-2.850000 2.250000 0.050000 10 40 244
-2.950000 2.350000 0.050000 10 40 244
-2.850000 2.350000 0.050000 10 40 244
-2.750000 2.050000 0.050000 10 40 244
-2.650000 2.050000 0.050000 10 40 244
-2.750000 2.150000 0.050000 10 40 244
-2.650000 2.150000 0.050000 10 40 244
-2.550000 2.050000 0.050000 10 40 244
-2.450000 2.050000 0.050000 10 40 244
-2.550000 2.150000 0.050000 10 40 244
-2.450000 2.150000 0.050000 10 40 244
-2.750000 2.250000 0.050000 10 40 244
-2.650000 2.250000 0.050000 10 40 244
-2.750000 2.350000 0.050000 10 40 244
-2.650000 2.350000 0.050000 10 40 244
-2.550000 2.250000 0.050000 10 40 244
-2.450000 2.250000 0.050000 10 40 244
-2.550000 2.350000 0.050000 10 40 244
-2.450000 2.350000 0.050000 10 40 244
-2.350000 1.650000 0.050000 10 40 244
-2.250000 1.650000 0.050000 10 40 244
-2.350000 1.750000 0.050000 10 40 244
-2.250000 1.750000 0.050000 10 40 244
-2.150000 1.650000 0.050000 10 40 244
-2.050000 1.650000 0.050000 10 40 244
-2.150000 1.750000 0.050000 10 40 244
-2.050000 1.750000 0.050000 10 40 244
-2.350000 1.850000 0.050000 10 40 244
-2.250000 1.850000 0.050000 10 40 244
-2.350000 1.950000 0.050000 10 40 244
-2.250000 1.950000 0.050000 10 40 244
-2.150000 1.850000 0.050000 10 40 244
-2.050000 1.850000 0.050000 10 40 244
-2.150000 1.950000 0.050000 10 40 244
-2.050000 1.950000 0.050000 10 40 244
-1.950000 1.650000 0.050000 10 40 244
-1.850000 1.650000 0.050000 10 40 244
-1.950000 1.750000 0.050000 10 40 244
-1.850000 1.750000 0.050000 10 40 244
-1.750000 1.650000 0.050000 10 40 244
-1.650000 1.650000 0.050000 10 40 244
-1.750000 1.750000 0.050000 10 40 244
-1.650000 1.750000 0.050000 10 40 244
-1.950000 1.850000 0.050000 10 40 244
-1.850000 1.850000 0.050000 10 40 244
-1.950000 1.950000 0.050000 10 40 244
-1.850000 1.950000 0.050000 10 40 244
-1.750000 1.850000 0.050000 10 40 244
-1.650000 1.850000 0.050000 10 40 244
-1.750000 1.950000 0.050000 10 40 244
-1.650000 1.950000 0.050000 10 40 244
-2.350000 2.050000 0.050000 10 40 244
-2.250000 2.050000 0.050000 10 40 244
-2.350000 2.150000 0.050000 10 40 244
-2.250000 2.150000 0.050000 10 40 244
-2.150000 2.050000 0.050000 10 40 244
-2.050000 2.050000 0.050000 10 40 244
-2.150000 2.150000 0.050000 10 40 244
-2.050000 2.150000 0.050000 10 40 244
-2.350000 2.250000 0.050000 10 40 244
-2.250000 2.250000 0.050000 10 40 244
-2.350000 2.350000 0.050000 10 40 244
-2.250000 2.350000 0.050000 10 40 244
-2.150000 2.250000 0.050000 10 40 244
-2.050000 2.250000 0.050000 10 40 244
-2.150000 2.350000 0.050000 10 40 244
-2.050000 2.350000 0.050000 10 40 244
-1.950000 2.050000 0.050000 10 40 244
-1.850000 2.050000 0.050000 10 40 244
-1.950000 2.150000 0.050000 10 40 244
-1.850000 2.150000 0.050000 10 40 244
-1.750000 2.050000 0.050000 10 40 244
-1.650000 2.050000 0.050000 10 40 244
-1.750000 2.150000 0.050000 10 40 244
-1.650000 2.150000 0.050000 10 40 244
-1.950000 2.250000 0.050000 10 40 244
-1.850000 2.250000 0.050000 10 40 244
-1.950000 2.350000 0.050000 10 40 244
-1.850000 2.350000 0.050000 10 40 244
-1.750000 2.250000 0.050000 10 40 244
-1.650000 2.250000 0.050000 10 40 244
-1.750000 2.350000 0.050000 10 40 244
-1.650000 2.350000 0.050000 10 40 244
-3.150000 2.450000 0.050000 10 40 244
-3.050000 2.450000 0.050000 10 40 244
-3.150000 2.550000 0.050000 10 40 244
-3.050000 2.550000 0.050000 10 40 244
-2.950000 2.450000 0.050000 10 40 244
-2.850000 2.450000 0.050000 10 40 244
-2.950000 2.550000 0.050000 10 40 244
-2.850000 2.550000 0.050000 10 40 244
-3.150000 2.650000 0.050000 10 40 244
-3.050000 2.650000 0.050000 10 40 244
-3.150000 2.750000 0.050000 10 40 244
-3.050000 2.750000 0.050000 10 40 244
-2.950000 2.650000 0.050000 10 40 244
-2.850000 2.650000 0.050000 10 40 244
-2.950000 2.750000 0.050000 10 40 244
-2.850000 2.750000 0.050000 10 40 244
-2.750000 2.450000 0.050000 10 40 244
-2.650000 2.450000 0.050000 10 40 244
-2.750000 2.550000 0.050000 10 40 244
-2.650000 2.550000 0.050000 10 40 244
-2.550000 2.450000 0.050000 10 40 244
-2.450000 2.450000 0.050000 10 40 244
-2.550000 2.550000 0.050000 10 40 244
-2.450000 2.550000 0.050000 10 40 244
-2.750000 2.650000 0.050000 10 40 244
-2.650000 2.650000 0.050000 10 40 244
-2.750000 2.750000 0.050000 10 40 244
-2.650000 2.750000 0.050000 10 40 244
-2.550000 2.650000 0.050000 10 40 244
-2.450000 2.650000 0.050000 10 40 244
-2.550000 2.750000 0.050000 10 40 244
-2.450000 2.750000 0.050000 10 40 244
-3.150000 2.850000 0.050000 10 40 244
-3.050000 2.850000 0.050000 10 40 244
-3.150000 2.950000 0.050000 10 40 244
-3.050000 2.950000 0.050000 10 40 244
-2.950000 2.850000 0.050000 10 40 244
-2.850000 2.850000 0.050000 10 40 244
-2.950000 2.950000 0.050000 10 40 244
-2.850000 2.950000 0.050000 10 40 244
-3.150000 3.050000 0.050000 10 40 244
-3.050000 3.050000 0.050000 10 40 244
-3.150000 3.150000 0.050000 10 40 244
-3.050000 3.150000 0.050000 10 40 244
-2.950000 3.050000 0.050000 10 40 244
-2.850000 3.050000 0.050000 10 40 244
-2.950000 3.150000 0.050000 10 40 244
-2.850000 3.150000 0.050000 10 40 244
-2.750000 2.850000 0.050000 10 40 244
-2.650000 2.850000 0.050000 10 40 244
-2.750000 2.950000 0.050000 10 40 244
-2.650000 2.950000 0.050000 10 40 244
-2.550000 2.850000 0.050000 10 40 244
-2.450000 2.850000 0.050000 10 40 244
-2.550000 2.950000 0.050000 10 40 244
-2.450000 2.950000 0.050000 10 40 244
-2.750000 3.050000 0.050000 10 40 244
-2.650000 3.050000 0.050000 10 40 244
-2.750000 3.150000 0.050000 10 40 244
-2.650000 3.150000 0.050000 10 40 244
-2.550000 3.050000 0.050000 10 40 244
-2.450000 3.050000 0.050000 10 40 244
-2.550000 3.150000 0.050000 10 40 244
-2.450000 3.150000 0.050000 10 40 244
-2.350000 2.450000 0.050000 10 40 244
-2.250000 2.450000 0.050000 10 40 244
-2.350000 2.550000 0.050000 10 40 244
-2.250000 2.550000 0.050000 10 40 244
-2.150000 2.450000 0.050000 10 40 244
-2.050000 2.450000 0.050000 10 40 244
-2.150000 2.550000 0.050000 10 40 244
-2.050000 2.550000 0.050000 10 40 244
-2.350000 2.650000 0.050000 10 40 244
-2.250000 2.650000 0.050000 10 40 244
-2.350000 2.750000 0.050000 10 40 244
-2.250000 2.750000 0.050000 10 40 244
-2.150000 2.650000 0.050000 10 40 244
-2.050000 2.650000 0.050000 10 40 244
-2.150000 2.750000 0.050000 10 40 244
-2.050000 2.750000 0.050000 10 40 244
-1.950000 2.450000 0.050000 10 40 244
-1.850000 2.450000 0.050000 10 40 244
-1.950000 2.550000 0.050000 10 40 244
-1.850000 2.550000 0.050000 10 40 244
-1.750000 2.450000 0.050000 10 40 244
-1.650000 2.450000 0.050000 10 40 244
-1.750000 2.550000 0.050000 10 40 244
-1.650000 2.550000 0.050000 10 40 244
-1.950000 2.650000 0.050000 10 40 244
-1.850000 2.650000 0.050000 10 40 244
-1.950000 2.750000 0.050000 10 40 244
-1.850000 2.750000 0.050000 10 40 244
-1.750000 2.650000 0.050000 10 40 244
-1.650000 2.650000 0.050000 10 40 244
-1.750000 2.750000 0.050000 10 40 244
-1.650000 2.750000 0.050000 10 40 244
-2.350000 2.850000 0.050000 10 40 244
-2.250000 2.850000 0.050000 10 40 244
-2.350000 2.950000 0.050000 10 40 244
-2.250000 2.950000 0.050000 10 40 244
-2.150000 2.850000 0.050000 10 40 244
-2.050000 2.850000 0.050000 10 40 244
-2.150000 2.950000 0.050000 10 40 244
-2.050000 2.950000 0.050000 10 40 244
-2.350000 3.050000 0.050000 10 40 244
-2.250000 3.050000 0.050000 10 40 244
-2.350000 3.150000 0.050000 10 40 244
-2.250000 3.150000 0.050000 10 40 244
-2.150000 3.050000 0.050000 10 40 244
-2.050000 3.050000 0.050000 10 40 244
-2.150000 3.150000 0.050000 10 40 244
-2.050000 3.150000 0.050000 10 40 244
-1.950000 2.850000 0.050000 10 40 244
-1.850000 2.850000 0.050000 10 40 244
-1.950000 2.950000 0.050000 10 40 244
-1.850000 2.950000 0.050000 10 40 244
-1.750000 2.850000 0.050000 10 40 244
-1.650000 2.850000 0.050000 10 40 244
-1.750000 2.950000 0.050000 10 40 244
-1.650000 2.950000 0.050000 10 40 244
-1.950000 3.050000 0.050000 10 40 244
-1.850000 3.050000 0.050000 10 40 244
-1.950000 3.150000 0.050000 10 40 244
-1.850000 3.150000 0.050000 10 40 244
-1.750000 3.050000 0.050000 10 40 244
-1.650000 3.050000 0.050000 10 40 244
-1.750000 3.150000 0.050000 10 40 244
-1.650000 3.150000 0.050000 10 40 244
-1.550000 1.650000 0.050000 10 40 244
-1.450000 1.650000 0.050000 10 40 244
-1.550000 1.750000 0.050000 10 40 244
-1.450000 1.750000 0.050000 10 40 244
-1.350000 1.650000 0.050000 10 40 244
-1.250000 1.650000 0.050000 10 40 244
-1.350000 1.750000 0.050000 10 40 244
-1.250000 1.750000 0.050000 10 40 244
-1.550000 1.850000 0.050000 10 40 244
-1.450000 1.850000 0.050000 10 40 244
-1.550000 1.950000 0.050000 10 40 244
-1.450000 1.950000 0.050000 10 40 244
-1.350000 1.850000 0.050000 10 40 244
-1.250000 1.850000 0.050000 10 40 244
-1.350000 1.950000 0.050000 10 40 244
-1.250000 1.950000 0.050000 10 40 244
-1.150000 1.650000 0.050000 10 40 244
-1.050000 1.650000 0.050000 10 40 244
-1.150000 1.750000 0.050000 10 40 244
-1.050000 1.750000 0.050000 10 40 244
-0.950000 1.650000 0.050000 10 40 244
-0.850000 1.650000 0.050000 10 40 244
-0.950000 1.750000 0.050000 10 40 244
-0.850000 1.750000 0.050000 10 40 244
-1.150000 1.850000 0.050000 10 40 244
-1.050000 1.850000 0.050000 10 40 244
-1.150000 1.950000 0.050000 10 40 244
-1.050000 1.950000 0.050000 10 40 244
-0.950000 1.850000 0.050000 10 40 244
-0.850000 1.850000 0.050000 10 40 244
-0.950000 1.950000 0.050000 10 40 244
-0.850000 1.950000 0.050000 10 40 244
-1.550000 2.050000 0.050000 10 40 244
-1.450000 2.050000 0.050000 10 40 244
-1.550000 2.150000 0.050000 10 40 244
-1.450000 2.150000 0.050000 10 40 244
-1.350000 2.050000 0.050000 10 40 244
-1.250000 2.050000 0.050000 10 40 244
-1.350000 2.150000 0.050000 10 40 244
-1.250000 2.150000 0.050000 10 40 244
-1.550000 2.250000 0.050000 10 40 244
-1.450000 2.250000 0.050000 10 40 244
-1.550000 2.350000 0.050000 10 40 244
-1.450000 2.350000 0.050000 10 40 244
-1.350000 2.250000 0.050000 10 40 244
-1.250000 2.250000 0.050000 10 40 244
-1.350000 2.350000 0.050000 10 40 244
-1.250000 2.350000 0.050000 10 40 244
-1.150000 2.050000 0.050000 10 40 244
-1.050000 2.050000 0.050000 10 40 244
-1.150000 2.150000 0.050000 10 40 244
-1.050000 2.150000 0.050000 10 40 244
-0.950000 2.050000 0.050000 10 40 244
-0.850000 2.050000 0.050000 10 40 244
-0.950000 2.150000 0.050000 10 40 244
-0.850000 2.150000 0.050000 10 40 244
-1.150000 2.250000 0.050000 10 40 244
-1.050000 2.250000 0.050000 10 40 244
-1.150000 2.350000 0.050000 10 40 244
-1.050000 2.350000 0.050000 10 40 244
-0.950000 2.250000 0.050000 10 40 244
-0.850000 2.250000 0.050000 10 40 244
-0.950000 2.350000 0.050000 10 40 244
-0.850000 2.350000 0.050000 10 40 244
-0.750000 1.650000 0.050000 10 40 244
-0.650000 1.650000 0.050000 10 40 244
-0.750000 1.750000 0.050000 10 40 244
-0.650000 1.750000 0.050000 10 40 244
-0.550000 1.650000 0.050000 10 40 244
-0.450000 1.650000 0.050000 10 40 244
-0.550000 1.750000 0.050000 10 40 244
-0.450000 1.750000 0.050000 10 40 244
-0.750000 1.850000 0.050000 10 40 244
-0.650000 1.850000 0.050000 10 40 244
-0.750000 1.950000 0.050000 10 40 244
-0.650000 1.950000 0.050000 10 40 244
-0.550000 1.850000 0.050000 10 40 244
-0.450000 1.850000 0.050000 10 40 244
-0.550000 1.950000 0.050000 10 40 244
-0.450000 1.950000 0.050000 10 40 244
-0.350000 1.650000 0.050000 10 40 244
-0.250000 1.650000 0.050000 10 40 244
-0.350000 1.750000 0.050000 10 40 244
-0.250000 1.750000 0.050000 10 40 244
-0.150000 1.650000 0.050000 10 40 244
-0.050000 1.650000 0.050000 10 40 244
-0.150000 1.750000 0.050000 10 40 244
-0.050000 1.750000 0.050000 10 40 244
-0.050000 1.650000 0.150000 20 40 234
-0.050000 1.750000 0.150000 20 40 234
-0.350000 1.850000 0.050000 10 40 244
-0.250000 1.850000 0.050000 10 40 244
-0.350000 1.950000 0.050000 10 40 244
-0.250000 1.950000 0.050000 10 40 244
-0.150000 1.850000 0.050000 10 40 244
-0.050000 1.850000 0.050000 10 40 244
-0.150000 1.950000 0.050000 10 40 244
-0.050000 1.950000 0.050000 10 40 244
-0.050000 1.850000 0.150000 20 40 234
-0.050000 1.950000 0.150000 20 40 234
-0.050000 1.650000 0.250000 30 40 224
-0.050000 1.750000 0.250000 30 40 224
-0.050000 1.650000 0.350000 40 40 214
-0.050000 1.750000 0.350000 40 40 214
-0.050000 1.850000 0.250000 30 40 224
-0.050000 1.950000 0.250000 30 40 224
-0.050000 1.850000 0.350000 40 40 214
-0.050000 1.950000 0.350000 40 40 214
-0.750000 2.050000 0.050000 10 40 244
-0.650000 2.050000 0.050000 10 40 244
-0.750000 2.150000 0.050000 10 40 244
-0.650000 2.150000 0.050000 10 40 244
-0.550000 2.050000 0.050000 10 40 244
-0.450000 2.050000 0.050000 10 40 244
-0.550000 2.150000 0.050000 10 40 244
-0.450000 2.150000 0.050000 10 40 244
-0.750000 2.250000 0.050000 10 40 244
-0.650000 2.250000 0.050000 10 40 244
-0.750000 2.350000 0.050000 10 40 244
-0.650000 2.350000 0.050000 10 40 244
-0.550000 2.250000 0.050000 10 40 244
-0.450000 2.250000 0.050000 10 40 244
-0.550000 2.350000 0.050000 10 40 244
-0.450000 2.350000 0.050000 10 40 244
-0.350000 2.050000 0.050000 10 40 244
-0.250000 2.050000 0.050000 10 40 244
-0.350000 2.150000 0.050000 10 40 244
-0.250000 2.150000 0.050000 10 40 244
-0.150000 2.050000 0.050000 10 40 244
-0.050000 2.050000 0.050000 10 40 244
-0.150000 2.150000 0.050000 10 40 244
-0.050000 2.150000 0.050000 10 40 244
-0.050000 2.050000 0.150000 20 40 234
-0.050000 2.150000 0.150000 20 40 234
-0.350000 2.250000 0.050000 10 40 244
-0.250000 2.250000 0.050000 10 40 244
-0.350000 2.350000 0.050000 10 40 244
-0.250000 2.350000 0.050000 10 40 244
-0.150000 2.250000 0.050000 10 40 244
-0.050000 2.250000 0.050000 10 40 244
-0.150000 2.350000 0.050000 10 40 244
-0.050000 2.350000 0.050000 10 40 244
-0.050000 2.250000 0.150000 20 40 234
-0.050000 2.350000 0.150000 20 40 234
-0.050000 2.050000 0.250000 30 40 224
-0.050000 2.150000 0.250000 30 40 224
-0.050000 2.050000 0.350000 40 40 214
-0.050000 2.150000 0.350000 40 40 214
-0.050000 2.250000 0.250000 30 40 224
-0.050000 2.350000 0.250000 30 40 224
-0.050000 2.250000 0.350000 40 40 214
-0.050000 2.350000 0.350000 40 40 214
-0.050000 1.650000 0.450000 50 40 204
-0.050000 1.750000 0.450000 50 40 204
-0.050000 1.650000 0.550000 61 40 193
-0.050000 1.750000 0.550000 61 40 193
-0.050000 1.850000 0.450000 50 40 204
-0.050000 1.950000 0.450000 50 40 204
-0.050000 1.850000 0.550000 61 40 193
-0.050000 1.950000 0.550000 61 40 193
-0.050000 1.650000 0.650000 71 40 183
-0.050000 1.750000 0.650000 71 40 183
-0.050000 1.650000 0.750000 81 40 173
-0.050000 1.750000 0.750000 81 40 173
-0.050000 1.850000 0.650000 71 40 183
-0.050000 1.950000 0.650000 71 40 183
-0.050000 1.850000 0.750000 81 40 173
-0.050000 1.950000 0.750000 81 40 173
-0.050000 2.050000 0.450000 50 40 204
-0.050000 2.150000 0.450000 50 40 204
-0.050000 2.050000 0.550000 61 40 193
-0.050000 2.150000 0.550000 61 40 193
-0.050000 2.250000 0.450000 50 40 204
-0.050000 2.350000 0.450000 50 40 204
-0.050000 2.250000 0.550000 61 40 193
-0.050000 2.350000 0.550000 61 40 193
-0.050000 2.050000 0.650000 71 40 183
-0.050000 2.150000 0.650000 71 40 183
-0.050000 2.050000 0.750000 81 40 173
-0.050000 2.150000 0.750000 81 40 173
-0.050000 2.250000 0.650000 71 40 183
-0.050000 2.350000 0.650000 71 40 183
-0.050000 2.250000 0.750000 81 40 173
-0.050000 2.350000 0.750000 81 40 173
-1.550000 2.450000 0.050000 10 40 244
-1.450000 2.450000 0.050000 10 40 244
-1.550000 2.550000 0.050000 10 40 244
-1.450000 2.550000 0.050000 10 40 244
-1.350000 2.450000 0.050000 10 40 244
-1.250000 2.450000 0.050000 10 40 244
-1.350000 2.550000 0.050000 10 40 244
-1.250000 2.550000 0.050000 10 40 244
-1.550000 2.650000 0.050000 10 40 244
-1.450000 2.650000 0.050000 10 40 244
-1.550000 2.750000 0.050000 10 40 244
-1.450000 2.750000 0.050000 10 40 244
-1.350000 2.650000 0.050000 10 40 244
-1.250000 2.650000 0.050000 10 40 244
-1.350000 2.750000 0.050000 10 40 244
-1.250000 2.750000 0.050000 10 40 244
-1.150000 2.450000 0.050000 10 40 244
-1.050000 2.450000 0.050000 10 40 244
-1.150000 2.550000 0.050000 10 40 244
-1.050000 2.550000 0.050000 10 40 244
-0.950000 2.450000 0.050000 10 40 244
-0.850000 2.450000 0.050000 10 40 244
-0.950000 2.550000 0.050000 10 40 244
-0.850000 2.550000 0.050000 10 40 244
-1.150000 2.650000 0.050000 10 40 244
-1.050000 2.650000 0.050000 10 40 244
-1.150000 2.750000 0.050000 10 40 244
-1.050000 2.750000 0.050000 10 40 244
-0.950000 2.650000 0.050000 10 40 244
-0.850000 2.650000 0.050000 10 40 244
-0.950000 2.750000 0.050000 10 40 244
-0.850000 2.750000 0.050000 10 40 244
-1.550000 2.850000 0.050000 10 40 244
-1.450000 2.850000 0.050000 10 40 244
-1.550000 2.950000 0.050000 10 40 244
-1.450000 2.950000 0.050000 10 40 244
-1.350000 2.850000 0.050000 10 40 244
-1.250000 2.850000 0.050000 10 40 244
-1.350000 2.950000 0.050000 10 40 244
-1.250000 2.950000 0.050000 10 40 244
-1.550000 3.050000 0.050000 10 40 244
-1.450000 3.050000 0.050000 10 40 244
-1.550000 3.150000 0.050000 10 40 244
-1.450000 3.150000 0.050000 10 40 244
-1.350000 3.050000 0.050000 10 40 244
-1.250000 3.050000 0.050000 10 40 244
-1.350000 3.150000 0.050000 10 40 244
-1.250000 3.150000 0.050000 10 40 244
-1.150000 2.850000 0.050000 10 40 244
-1.050000 2.850000 0.050000 10 40 244
-1.150000 2.950000 0.050000 10 40 244
-1.050000 2.950000 0.050000 10 40 244
-0.950000 2.850000 0.050000 10 40 244
-0.850000 2.850000 0.050000 10 40 244
-0.950000 2.950000 0.050000 10 40 244
-0.850000 2.950000 0.050000 10 40 244
-1.150000 3.050000 0.050000 10 40 244
-1.050000 3.050000 0.050000 10 40 244
-1.150000 3.150000 0.050000 10 40 244
-1.050000 3.150000 0.050000 10 40 244
-0.950000 3.050000 0.050000 10 40 244
-0.850000 3.050000 0.050000 10 40 244
-0.950000 3.150000 0.050000 10 40 244
-0.850000 3.150000 0.050000 10 40 244
-0.750000 2.450000 0.050000 10 40 244
-0.650000 2.450000 0.050000 10 40 244
-0.750000 2.550000 0.050000 10 40 244
-0.650000 2.550000 0.050000 10 40 244
-0.550000 2.450000 0.050000 10 40 244
-0.450000 2.450000 0.050000 10 40 244
-0.550000 2.550000 0.050000 10 40 244
-0.450000 2.550000 0.050000 10 40 244
-0.750000 2.650000 0.050000 10 40 244
-0.650000 2.650000 0.050000 10 40 244
-0.750000 2.750000 0.050000 10 40 244
-0.650000 2.750000 0.050000 10 40 244
-0.550000 2.650000 0.050000 10 40 244
-0.450000 2.650000 0.050000 10 40 244
-0.550000 2.750000 0.050000 10 40 244
-0.450000 2.750000 0.050000 10 40 244
-0.350000 2.450000 0.050000 10 40 244
-0.250000 2.450000 0.050000 10 40 244
-0.350000 2.550000 0.050000 10 40 244
-0.250000 2.550000 0.050000 10 40 244
-0.150000 2.450000 0.050000 10 40 244
-0.050000 2.450000 0.050000 10 40 244
-0.150000 2.550000 0.050000 10 40 244
-0.050000 2.550000 0.050000 10 40 244
-0.050000 2.450000 0.150000 20 40 234
-0.050000 2.550000 0.150000 20 40 234
-0.350000 2.650000 0.050000 10 40 244
-0.250000 2.650000 0.050000 10 40 244
-0.350000 2.750000 0.050000 10 40 244
-0.250000 2.750000 0.050000 10 40 244
-0.150000 2.650000 0.050000 10 40 244
-0.050000 2.650000 0.050000 10 40 244
-0.150000 2.750000 0.050000 10 40 244
-0.050000 2.750000 0.050000 10 40 244
-0.050000 2.650000 0.150000 20 40 234
-0.050000 2.750000 0.150000 20 40 234
-0.050000 2.450000 0.250000 30 40 224
-0.050000 2.550000 0.250000 30 40 224
-0.050000 2.450000 0.350000 40 40 214
-0.050000 2.550000 0.350000 40 40 214
-0.050000 2.650000 0.250000 30 40 224
-0.050000 2.750000 0.250000 30 40 224
-0.050000 2.650000 0.350000 40 40 214
-0.050000 2.750000 0.350000 40 40 214
-0.750000 2.850000 0.050000 10 40 244
-0.650000 2.850000 0.050000 10 40 244
-0.750000 2.950000 0.050000 10 40 244
-0.650000 2.950000 0.050000 10 40 244
-0.550000 2.850000 0.050000 10 40 244
-0.450000 2.850000 0.050000 10 40 244
-0.550000 2.950000 0.050000 10 40 244
-0.450000 2.950000 0.050000 10 40 244
-0.750000 3.050000 0.050000 10 40 244
-0.650000 3.050000 0.050000 10 40 244
-0.750000 3.150000 0.050000 10 40 244
-0.650000 3.150000 0.050000 10 40 244
-0.550000 3.050000 0.050000 10 40 244
-0.450000 3.050000 0.050000 10 40 244
-0.550000 3.150000 0.050000 10 40 244
-0.450000 3.150000 0.050000 10 40 244
-0.350000 2.850000 0.050000 10 40 244
-0.250000 2.850000 0.050000 10 40 244
-0.350000 2.950000 0.050000 10 40 244
-0.250000 2.950000 0.050000 10 40 244
-0.150000 2.850000 0.050000 10 40 244
-0.050000 2.850000 0.050000 10 40 244
-0.150000 2.950000 0.050000 10 40 244
-0.050000 2.950000 0.050000 10 40 244
-0.050000 2.850000 0.150000 20 40 234
-0.050000 2.950000 0.150000 20 40 234
-0.350000 3.050000 0.050000 10 40 244
-0.250000 3.050000 0.050000 10 40 244
-0.350000 3.150000 0.050000 10 40 244
-0.250000 3.150000 0.050000 10 40 244
-0.150000 3.050000 0.050000 10 40 244
-0.050000 3.050000 0.050000 10 40 244
-0.150000 3.150000 0.050000 10 40 244
-0.050000 3.150000 0.050000 10 40 244
-0.050000 3.050000 0.150000 20 40 234
-0.050000 3.150000 0.150000 20 40 234
-0.050000 2.850000 0.250000 30 40 224
-0.050000 2.950000 0.250000 30 40 224
-0.050000 2.850000 0.350000 40 40 214
-0.050000 2.950000 0.350000 40 40 214
-0.050000 3.050000 0.250000 30 40 224
-0.050000 3.150000 0.250000 30 40 224
-0.050000 3.050000 0.350000 40 40 214
-0.050000 3.150000 0.350000 40 40 214
-0.050000 2.450000 0.450000 50 40 204
-0.050000 2.550000 0.450000 50 40 204
-0.050000 2.450000 0.550000 61 40 193
-0.050000 2.550000 0.550000 61 40 193
-0.050000 2.650000 0.450000 50 40 204
-0.050000 2.750000 0.450000 50 40 204
-0.050000 2.650000 0.550000 61 40 193
-0.050000 2.750000 0.550000 61 40 193
-0.050000 2.450000 0.650000 71 40 183
-0.050000 2.550000 0.650000 71 40 183
-0.050000 2.450000 0.750000 81 40 173
-0.050000 2.550000 0.750000 81 40 173
-0.050000 2.650000 0.650000 71 40 183
-0.050000 1.650000 0.850000 91 40 163
-0.050000 1.750000 0.850000 91 40 163
-0.050000 1.650000 0.950000 101 40 153
-0.050000 1.750000 0.950000 101 40 153
-0.050000 1.850000 0.850000 91 40 163
-0.050000 1.950000 0.850000 91 40 163
-0.050000 1.850000 0.950000 101 40 153
-0.050000 1.950000 0.950000 101 40 153
-0.050000 1.650000 1.050000 112 40 142
-0.050000 1.750000 1.050000 112 40 142
-0.050000 1.650000 1.150000 122 40 132
-0.050000 1.750000 1.150000 122 40 132
-0.050000 1.850000 1.050000 112 40 142
-0.050000 1.950000 1.050000 112 40 142
-0.050000 1.850000 1.150000 122 40 132
-0.050000 1.950000 1.150000 122 40 132
-0.050000 2.050000 0.850000 91 40 163
-0.050000 2.150000 0.850000 91 40 163
-0.050000 2.050000 0.950000 101 40 153
-0.050000 2.150000 0.950000 101 40 153
-0.050000 2.250000 0.850000 91 40 163
-0.050000 2.350000 0.850000 91 40 163
-0.050000 2.250000 0.950000 101 40 153
-0.050000 2.350000 0.950000 101 40 153
-0.050000 2.050000 1.050000 112 40 142
-0.050000 2.150000 1.050000 112 40 142
-0.050000 2.050000 1.150000 122 40 132
-0.050000 2.150000 1.150000 122 40 132
-0.050000 2.250000 1.050000 112 40 142
-0.050000 2.350000 1.050000 112 40 142
-0.050000 2.250000 1.150000 122 40 132
-0.050000 2.350000 1.150000 122 40 132
-0.050000 1.650000 1.250000 132 40 122
-0.050000 1.750000 1.250000 132 40 122
-0.050000 1.650000 1.350000 142 40 112
-0.050000 1.750000 1.350000 142 40 112
-0.050000 1.850000 1.250000 132 40 122
-0.050000 1.950000 1.250000 132 40 122
-0.050000 1.850000 1.350000 142 40 112
-0.050000 1.950000 1.350000 142 40 112
-0.050000 1.650000 1.450000 153 40 101
-0.050000 1.750000 1.450000 153 40 101
-0.050000 1.650000 1.550000 163 40 91
-0.050000 1.750000 1.550000 163 40 91
-0.050000 1.850000 1.450000 153 40 101
-0.050000 1.950000 1.450000 153 40 101
-0.050000 1.850000 1.550000 163 40 91
-0.050000 1.950000 1.550000 163 40 91
-0.050000 2.050000 1.250000 132 40 122
-0.050000 2.150000 1.250000 132 40 122
-0.050000 2.050000 1.350000 142 40 112
-0.050000 2.150000 1.350000 142 40 112
-0.050000 2.250000 1.250000 132 40 122
-0.050000 2.250000 1.350000 142 40 112
-0.050000 2.050000 1.450000 153 40 101
-0.050000 2.150000 1.450000 153 40 101
-0.050000 2.050000 1.550000 163 40 91
-0.050000 2.150000 1.550000 163 40 91
-0.050000 2.450000 0.850000 91 40 163
-0.050000 2.550000 0.850000 91 40 163
-0.050000 2.450000 0.950000 101 40 153
-0.050000 2.450000 1.050000 112 40 142
-0.050000 0.650000 1.650000 173 40 81
-0.050000 0.750000 1.650000 173 40 81
-0.050000 0.650000 1.750000 183 40 71
-0.050000 0.750000 1.750000 183 40 71
-0.050000 0.850000 1.650000 173 40 81
-0.050000 0.950000 1.650000 173 40 81
-0.050000 0.950000 1.750000 183 40 71
-0.050000 1.050000 1.650000 173 40 81
-0.050000 1.150000 1.650000 173 40 81
-0.050000 1.050000 1.750000 183 40 71
-0.050000 1.150000 1.750000 183 40 71
-0.050000 0.950000 1.850000 193 40 61
-0.050000 1.050000 1.850000 193 40 61
-0.050000 1.150000 1.850000 193 40 61
-0.050000 1.050000 1.950000 204 40 50
-0.050000 1.150000 1.950000 204 40 50
-0.050000 1.250000 1.650000 173 40 81
-0.050000 1.350000 1.650000 173 40 81
-0.050000 1.250000 1.750000 183 40 71
-0.050000 1.350000 1.750000 183 40 71
-0.050000 1.450000 1.650000 173 40 81
-0.050000 1.550000 1.650000 173 40 81
-0.050000 1.450000 1.750000 183 40 71
-0.050000 1.550000 1.750000 183 40 71
-0.050000 1.250000 1.850000 193 40 61
-0.050000 1.350000 1.850000 193 40 61
-0.050000 1.250000 1.950000 204 40 50
-0.050000 1.350000 1.950000 204 40 50
-0.050000 1.450000 1.850000 193 40 61
-0.050000 1.550000 1.850000 193 40 61
-0.050000 1.450000 1.950000 204 40 50
-0.050000 1.550000 1.950000 204 40 50
-0.050000 1.050000 2.050000 214 40 40
-0.050000 1.150000 2.050000 214 40 40
-0.050000 1.150000 2.150000 224 40 30
-0.050000 1.250000 2.050000 214 40 40
-0.050000 1.350000 2.050000 214 40 40
-0.050000 1.250000 2.150000 224 40 30
-0.050000 1.350000 2.150000 224 40 30
-0.050000 1.450000 2.050000 214 40 40
-0.050000 1.550000 2.050000 214 40 40
-0.050000 1.450000 2.150000 224 40 30
-0.050000 1.550000 2.150000 224 40 30
-0.050000 1.250000 2.250000 234 40 20
-0.050000 1.350000 2.250000 234 40 20
-0.050000 1.250000 2.350000 244 40 10
-0.050000 1.350000 2.350000 244 40 10
-0.050000 1.450000 2.250000 234 40 20
-0.050000 1.550000 2.250000 234 40 20
-0.050000 1.450000 2.350000 244 40 10
-0.050000 1.550000 2.350000 244 40 10
-0.050000 1.650000 1.650000 173 40 81
-0.050000 1.750000 1.650000 173 40 81
-0.050000 1.650000 1.750000 183 40 71
-0.050000 1.750000 1.750000 183 40 71
-0.050000 1.850000 1.650000 173 40 81
-0.050000 1.950000 1.650000 173 40 81
-0.050000 1.850000 1.750000 183 40 71
-0.050000 1.950000 1.750000 183 40 71
-0.050000 1.650000 1.850000 193 40 61
-0.050000 1.750000 1.850000 193 40 61
-0.050000 1.650000 1.950000 204 40 50
-0.050000 1.750000 1.950000 204 40 50
-0.050000 1.850000 1.850000 193 40 61
-0.050000 1.850000 1.950000 204 40 50
-0.050000 2.050000 1.650000 173 40 81
-0.050000 2.050000 1.750000 183 40 71
-0.050000 1.650000 2.050000 214 40 40
-0.050000 1.750000 2.050000 214 40 40
-0.050000 1.650000 2.150000 224 40 30
-0.050000 1.650000 2.250000 234 40 20
-4.250000 3.250000 0.050000 10 40 244
-4.250000 3.350000 0.050000 10 40 244
-4.150000 3.250000 0.050000 10 40 244
-4.050000 3.250000 0.050000 10 40 244
-4.150000 3.350000 0.050000 10 40 244
-4.050000 3.350000 0.050000 10 40 244
-4.250000 3.450000 0.050000 10 40 244
-4.350000 3.550000 0.050000 10 40 244
-4.250000 3.550000 0.050000 10 40 244
-4.150000 3.450000 0.050000 10 40 244
-4.050000 3.450000 0.050000 10 40 244
-4.150000 3.550000 0.050000 10 40 244
-4.050000 3.550000 0.050000 10 40 244
-4.350000 3.650000 0.050000 10 40 244
-4.250000 3.650000 0.050000 10 40 244
-4.350000 3.750000 0.050000 10 40 244
-4.250000 3.750000 0.050000 10 40 244
-4.150000 3.650000 0.050000 10 40 244
-4.050000 3.650000 0.050000 10 40 244
-4.150000 3.750000 0.050000 10 40 244
-4.050000 3.750000 0.050000 10 40 244
-4.350000 3.850000 0.050000 10 40 244
-4.250000 3.850000 0.050000 10 40 244
-4.350000 3.950000 0.050000 10 40 244
-4.250000 3.950000 0.050000 10 40 244
-4.350000 3.950000 0.150000 20 40 234
-4.250000 3.950000 0.150000 20 40 234
-4.150000 3.850000 0.050000 10 40 244
-4.050000 3.850000 0.050000 10 40 244
-4.150000 3.950000 0.050000 10 40 244
-4.050000 3.950000 0.050000 10 40 244
-4.150000 3.950000 0.150000 20 40 234
-4.050000 3.950000 0.150000 20 40 234
-4.250000 3.950000 0.250000 30 40 224
-4.250000 3.950000 0.350000 40 40 214
-4.150000 3.950000 0.250000 30 40 224
-4.050000 3.950000 0.250000 30 40 224
-4.150000 3.950000 0.350000 40 40 214
-4.050000 3.950000 0.350000 40 40 214
-4.150000 3.950000 0.450000 50 40 204
-4.050000 3.950000 0.450000 50 40 204
-4.150000 3.950000 0.550000 61 40 193
-4.050000 3.950000 0.550000 61 40 193
-4.150000 3.950000 0.650000 71 40 183
-4.050000 3.950000 0.650000 71 40 183
-4.050000 3.950000 0.750000 81 40 173
-3.950000 3.250000 0.050000 10 40 244
-3.850000 3.250000 0.050000 10 40 244
-3.950000 3.350000 0.050000 10 40 244
-3.850000 3.350000 0.050000 10 40 244
-3.750000 3.250000 0.050000 10 40 244
-3.650000 3.250000 0.050000 10 40 244
-3.750000 3.350000 0.050000 10 40 244
-3.650000 3.350000 0.050000 10 40 244
-3.950000 3.450000 0.050000 10 40 244
-3.850000 3.450000 0.050000 10 40 244
-3.950000 3.550000 0.050000 10 40 244
-3.850000 3.550000 0.050000 10 40 244
-3.750000 3.450000 0.050000 10 40 244
-3.650000 3.450000 0.050000 10 40 244
-3.750000 3.550000 0.050000 10 40 244
-3.650000 3.550000 0.050000 10 40 244
-3.550000 3.250000 0.050000 10 40 244
-3.450000 3.250000 0.050000 10 40 244
-3.550000 3.350000 0.050000 10 40 244
-3.450000 3.350000 0.050000 10 40 244
-3.350000 3.250000 0.050000 10 40 244
-3.250000 3.250000 0.050000 10 40 244
-3.350000 3.350000 0.050000 10 40 244
-3.250000 3.350000 0.050000 10 40 244
-3.550000 3.450000 0.050000 10 40 244
-3.450000 3.450000 0.050000 10 40 244
-3.550000 3.550000 0.050000 10 40 244
-3.450000 3.550000 0.050000 10 40 244
-3.350000 3.450000 0.050000 10 40 244
-3.250000 3.450000 0.050000 10 40 244
-3.350000 3.550000 0.050000 10 40 244
-3.250000 3.550000 0.050000 10 40 244
-3.950000 3.650000 0.050000 10 40 244
-3.850000 3.650000 0.050000 10 40 244
-3.950000 3.750000 0.050000 10 40 244
-3.850000 3.750000 0.050000 10 40 244
-3.750000 3.650000 0.050000 10 40 244
-3.650000 3.650000 0.050000 10 40 244
-3.750000 3.750000 0.050000 10 40 244
-3.650000 3.750000 0.050000 10 40 244
-3.950000 3.850000 0.050000 10 40 244
-3.850000 3.850000 0.050000 10 40 244
-3.950000 3.950000 0.050000 10 40 244
-3.850000 3.950000 0.050000 10 40 244
-3.950000 3.950000 0.150000 20 40 234
-3.850000 3.950000 0.150000 20 40 234
-3.750000 3.850000 0.050000 10 40 244
-3.650000 3.850000 0.050000 10 40 244
-3.750000 3.950000 0.050000 10 40 244
-3.650000 3.950000 0.050000 10 40 244
-3.750000 3.950000 0.150000 20 40 234
-3.650000 3.950000 0.150000 20 40 234
-3.950000 3.950000 0.250000 30 40 224
-3.850000 3.950000 0.250000 30 40 224
-3.950000 3.950000 0.350000 40 40 214
-3.850000 3.950000 0.350000 40 40 214
-3.750000 3.950000 0.250000 30 40 224
-3.650000 3.950000 0.250000 30 40 224
-3.750000 3.950000 0.350000 40 40 214
-3.650000 3.950000 0.350000 40 40 214
-3.550000 3.650000 0.050000 10 40 244
-3.450000 3.650000 0.050000 10 40 244
-3.550000 3.750000 0.050000 10 40 244
-3.450000 3.750000 0.050000 10 40 244
-3.350000 3.650000 0.050000 10 40 244
-3.250000 3.650000 0.050000 10 40 244
-3.350000 3.750000 0.050000 10 40 244
-3.250000 3.750000 0.050000 10 40 244
-3.550000 3.850000 0.050000 10 40 244
-3.450000 3.850000 0.050000 10 40 244
-3.550000 3.950000 0.050000 10 40 244
-3.450000 3.950000 0.050000 10 40 244
-3.550000 3.950000 0.150000 20 40 234
-3.450000 3.950000 0.150000 20 40 234
-3.350000 3.850000 0.050000 10 40 244
-3.250000 3.850000 0.050000 10 40 244
-3.350000 3.950000 0.050000 10 40 244
-3.250000 3.950000 0.050000 10 40 244
-3.350000 3.950000 0.150000 20 40 234
-3.250000 3.950000 0.150000 20 40 234
-3.550000 3.950000 0.250000 30 40 224
-3.450000 3.950000 0.250000 30 40 224
-3.550000 3.950000 0.350000 40 40 214
-3.450000 3.950000 0.350000 40 40 214
-3.350000 3.950000 0.250000 30 40 224
-3.250000 3.950000 0.250000 30 40 224
-3.350000 3.950000 0.350000 40 40 214
-3.250000 3.950000 0.350000 40 40 214
-3.950000 3.950000 0.450000 50 40 204
-3.850000 3.950000 0.450000 50 40 204
-3.950000 3.950000 0.550000 61 40 193
-3.850000 3.950000 0.550000 61 40 193
-3.750000 3.950000 0.450000 50 40 204
-3.650000 3.950000 0.450000 50 40 204
-3.750000 3.950000 0.550000 61 40 193
-3.650000 3.950000 0.550000 61 40 193
-3.950000 3.950000 0.650000 71 40 183
-3.850000 3.950000 0.650000 71 40 183
-3.950000 3.950000 0.750000 81 40 173
-3.850000 3.950000 0.750000 81 40 173
-3.750000 3.950000 0.650000 71 40 183
-3.650000 3.950000 0.650000 71 40 183
-3.750000 3.950000 0.750000 81 40 173
-3.650000 3.950000 0.750000 81 40 173
-3.550000 3.950000 0.450000 50 40 204
-3.450000 3.950000 0.450000 50 40 204
-3.550000 3.950000 0.550000 61 40 193
-3.450000 3.950000 0.550000 61 40 193
-3.350000 3.950000 0.450000 50 40 204
-3.250000 3.950000 0.450000 50 40 204
-3.350000 3.950000 0.550000 61 40 193
-3.250000 3.950000 0.550000 61 40 193
-3.550000 3.950000 0.650000 71 40 183
-3.450000 3.950000 0.650000 71 40 183
-3.550000 3.950000 0.750000 81 40 173
-3.450000 3.950000 0.750000 81 40 173
-3.350000 3.950000 0.650000 71 40 183
-3.250000 3.950000 0.650000 71 40 183
-3.350000 3.950000 0.750000 81 40 173
-3.250000 3.950000 0.750000 81 40 173
-3.950000 3.950000 0.850000 91 40 163
-3.850000 3.950000 0.850000 91 40 163
-3.950000 3.950000 0.950000 101 40 153
-3.850000 3.950000 0.950000 101 40 153
-3.750000 3.950000 0.850000 91 40 163
-3.650000 3.950000 0.850000 91 40 163
-3.750000 3.950000 0.950000 101 40 153
-3.650000 3.950000 0.950000 101 40 153
-3.850000 3.950000 1.050000 112 40 142
-3.850000 3.950000 1.150000 122 40 132
-3.750000 3.950000 1.050000 112 40 142
-3.650000 3.950000 1.050000 112 40 142
-3.750000 3.950000 1.150000 122 40 132
-3.650000 3.950000 1.150000 122 40 132
-3.550000 3.950000 0.850000 91 40 163
-3.450000 3.950000 0.850000 91 40 163
-3.550000 3.950000 0.950000 101 40 153
-3.450000 3.950000 0.950000 101 40 153
-3.350000 3.950000 0.850000 91 40 163
-3.250000 3.950000 0.850000 91 40 163
-3.350000 3.950000 0.950000 101 40 153
-3.250000 3.950000 0.950000 101 40 153
-3.550000 3.950000 1.050000 112 40 142
-3.450000 3.950000 1.050000 112 40 142
-3.550000 3.950000 1.150000 122 40 132
-3.450000 3.950000 1.150000 122 40 132
-3.350000 3.950000 1.050000 112 40 142
-3.250000 3.950000 1.050000 112 40 142
-3.350000 3.950000 1.150000 122 40 132
-3.250000 3.950000 1.150000 122 40 132
-3.150000 3.250000 0.050000 10 40 244
-3.050000 3.250000 0.050000 10 40 244
-3.150000 3.350000 0.050000 10 40 244
-3.050000 3.350000 0.050000 10 40 244
-2.950000 3.250000 0.050000 10 40 244
-2.850000 3.250000 0.050000 10 40 244
-2.950000 3.350000 0.050000 10 40 244
-2.850000 3.350000 0.050000 10 40 244
-3.150000 3.450000 0.050000 10 40 244
-3.050000 3.450000 0.050000 10 40 244
-3.150000 3.550000 0.050000 10 40 244
-3.050000 3.550000 0.050000 10 40 244
-2.950000 3.450000 0.050000 10 40 244
-2.850000 3.450000 0.050000 10 40 244
-2.950000 3.550000 0.050000 10 40 244
-2.850000 3.550000 0.050000 10 40 244
-2.750000 3.250000 0.050000 10 40 244
-2.650000 3.250000 0.050000 10 40 244
-2.750000 3.350000 0.050000 10 40 244
-2.650000 3.350000 0.050000 10 40 244
-2.550000 3.250000 0.050000 10 40 244
-2.450000 3.250000 0.050000 10 40 244
-2.550000 3.350000 0.050000 10 40 244
-2.450000 3.350000 0.050000 10 40 244
-2.750000 3.450000 0.050000 10 40 244
-2.650000 3.450000 0.050000 10 40 244
-2.750000 3.550000 0.050000 10 40 244
-2.650000 3.550000 0.050000 10 40 244
-2.550000 3.450000 0.050000 10 40 244
-2.450000 3.450000 0.050000 10 40 244
-2.550000 3.550000 0.050000 10 40 244
-2.450000 3.550000 0.050000 10 40 244
-3.150000 3.650000 0.050000 10 40 244
-3.050000 3.650000 0.050000 10 40 244
-3.150000 3.750000 0.050000 10 40 244
-3.050000 3.750000 0.050000 10 40 244
-2.950000 3.650000 0.050000 10 40 244
-2.850000 3.650000 0.050000 10 40 244
-2.950000 3.750000 0.050000 10 40 244
-2.850000 3.750000 0.050000 10 40 244
-3.150000 3.850000 0.050000 10 40 244
-3.050000 3.850000 0.050000 10 40 244
-3.150000 3.950000 0.050000 10 40 244
-3.050000 3.950000 0.050000 10 40 244
-3.150000 3.950000 0.150000 20 40 234
-3.050000 3.950000 0.150000 20 40 234
-2.950000 3.850000 0.050000 10 40 244
-2.850000 3.850000 0.050000 10 40 244
-2.950000 3.950000 0.050000 10 40 244
-2.850000 3.950000 0.050000 10 40 244
-2.950000 3.950000 0.150000 20 40 234
-2.850000 3.950000 0.150000 20 40 234
-3.150000 3.950000 0.250000 30 40 224
-3.050000 3.950000 0.250000 30 40 224
-3.150000 3.950000 0.350000 40 40 214
-3.050000 3.950000 0.350000 40 40 214
-2.950000 3.950000 0.250000 30 40 224
-2.850000 3.950000 0.250000 30 40 224
-2.950000 3.950000 0.350000 40 40 214
-2.850000 3.950000 0.350000 40 40 214
-2.750000 3.650000 0.050000 10 40 244
-2.650000 3.650000 0.050000 10 40 244
-2.750000 3.750000 0.050000 10 40 244
-2.650000 3.750000 0.050000 10 40 244
-2.550000 3.650000 0.050000 10 40 244
-2.450000 3.650000 0.050000 10 40 244
-2.550000 3.750000 0.050000 10 40 244
-2.450000 3.750000 0.050000 10 40 244
-2.750000 3.850000 0.050000 10 40 244
-2.650000 3.850000 0.050000 10 40 244
-2.750000 3.950000 0.050000 10 40 244
-2.650000 3.950000 0.050000 10 40 244
-2.750000 3.950000 0.150000 20 40 234
-2.650000 3.950000 0.150000 20 40 234
-2.550000 3.850000 0.050000 10 40 244
-2.450000 3.850000 0.050000 10 40 244
-2.550000 3.950000 0.050000 10 40 244
-2.450000 3.950000 0.050000 10 40 244
-2.550000 3.950000 0.150000 20 40 234
-2.450000 3.950000 0.150000 20 40 234
-2.750000 3.950000 0.250000 30 40 224
-2.650000 3.950000 0.250000 30 40 224
-2.750000 3.950000 0.350000 40 40 214
-2.650000 3.950000 0.350000 40 40 214
-2.550000 3.950000 0.250000 30 40 224
-2.450000 3.950000 0.250000 30 40 224
-2.550000 3.950000 0.350000 40 40 214
-2.450000 3.950000 0.350000 40 40 214
-3.150000 3.950000 0.450000 50 40 204
-3.050000 3.950000 0.450000 50 40 204
-3.150000 3.950000 0.550000 61 40 193
-3.050000 3.950000 0.550000 61 40 193
-2.950000 3.950000 0.450000 50 40 204
-2.850000 3.950000 0.450000 50 40 204
-2.950000 3.950000 0.550000 61 40 193
-2.850000 3.950000 0.550000 61 40 193
-3.150000 3.950000 0.650000 71 40 183
-3.050000 3.950000 0.650000 71 40 183
-3.150000 3.950000 0.750000 81 40 173
-3.050000 3.950000 0.750000 81 40 173
-2.950000 3.950000 0.650000 71 40 183
-2.850000 3.950000 0.650000 71 40 183
-2.950000 3.950000 0.750000 81 40 173
-2.850000 3.950000 0.750000 81 40 173
-2.750000 3.950000 0.450000 50 40 204
-2.650000 3.950000 0.450000 50 40 204
-2.750000 3.950000 0.550000 61 40 193
-2.650000 3.950000 0.550000 61 40 193
-2.550000 3.950000 0.450000 50 40 204
-2.450000 3.950000 0.450000 50 40 204
-2.550000 3.950000 0.550000 61 40 193
-2.450000 3.950000 0.550000 61 40 193
-2.750000 3.950000 0.650000 71 40 183
-2.650000 3.950000 0.650000 71 40 183
-2.750000 3.950000 0.750000 81 40 173
-2.650000 3.950000 0.750000 81 40 173
-2.550000 3.950000 0.650000 71 40 183
-2.450000 3.950000 0.650000 71 40 183
-2.550000 3.950000 0.750000 81 40 173
-2.450000 3.950000 0.750000 81 40 173
-2.350000 3.250000 0.050000 10 40 244
-2.250000 3.250000 0.050000 10 40 244
-2.350000 3.350000 0.050000 10 40 244
-2.250000 3.350000 0.050000 10 40 244
-2.150000 3.250000 0.050000 10 40 244
-2.050000 3.250000 0.050000 10 40 244
-2.150000 3.350000 0.050000 10 40 244
-2.050000 3.350000 0.050000 10 40 244
-2.350000 3.450000 0.050000 10 40 244
-2.250000 3.450000 0.050000 10 40 244
-2.350000 3.550000 0.050000 10 40 244
-2.250000 3.550000 0.050000 10 40 244
-2.150000 3.450000 0.050000 10 40 244
-2.050000 3.450000 0.050000 10 40 244
-2.150000 3.550000 0.050000 10 40 244
-2.050000 3.550000 0.050000 10 40 244
-1.950000 3.250000 0.050000 10 40 244
-1.850000 3.250000 0.050000 10 40 244
-1.950000 3.350000 0.050000 10 40 244
-1.850000 3.350000 0.050000 10 40 244
-1.750000 3.250000 0.050000 10 40 244
-1.650000 3.250000 0.050000 10 40 244
-1.750000 3.350000 0.050000 10 40 244
-1.650000 3.350000 0.050000 10 40 244
-1.950000 3.450000 0.050000 10 40 244
-1.850000 3.450000 0.050000 10 40 244
-1.950000 3.550000 0.050000 10 40 244
-1.850000 3.550000 0.050000 10 40 244
-1.750000 3.450000 0.050000 10 40 244
-1.650000 3.450000 0.050000 10 40 244
-1.750000 3.550000 0.050000 10 40 244
-1.650000 3.550000 0.050000 10 40 244
-2.350000 3.650000 0.050000 10 40 244
-2.250000 3.650000 0.050000 10 40 244
-2.350000 3.750000 0.050000 10 40 244
-2.250000 3.750000 0.050000 10 40 244
-2.150000 3.650000 0.050000 10 40 244
-2.050000 3.650000 0.050000 10 40 244
-2.150000 3.750000 0.050000 10 40 244
-2.050000 3.750000 0.050000 10 40 244
-2.350000 3.850000 0.050000 10 40 244
-2.250000 3.850000 0.050000 10 40 244
-2.350000 3.950000 0.050000 10 40 244
-2.250000 3.950000 0.050000 10 40 244
-2.350000 3.950000 0.150000 20 40 234
-2.250000 3.950000 0.150000 20 40 234
-2.150000 3.850000 0.050000 10 40 244
-2.050000 3.850000 0.050000 10 40 244
-2.150000 3.950000 0.050000 10 40 244
-2.050000 3.950000 0.050000 10 40 244
-2.150000 3.950000 0.150000 20 40 234
-2.050000 3.950000 0.150000 20 40 234
-2.350000 3.950000 0.250000 30 40 224
-2.250000 3.950000 0.250000 30 40 224
-2.350000 3.950000 0.350000 40 40 214
-2.250000 3.950000 0.350000 40 40 214
-2.150000 3.950000 0.250000 30 40 224
-2.050000 3.950000 0.250000 30 40 224
-2.150000 3.950000 0.350000 40 40 214
-2.050000 3.950000 0.350000 40 40 214
-1.950000 3.650000 0.050000 10 40 244
-1.850000 3.650000 0.050000 10 40 244
-1.950000 3.750000 0.050000 10 40 244
-1.850000 3.750000 0.050000 10 40 244
-1.750000 3.650000 0.050000 10 40 244
-1.650000 3.650000 0.050000 10 40 244
-1.750000 3.750000 0.050000 10 40 244
-1.650000 3.750000 0.050000 10 40 244
-1.950000 3.850000 0.050000 10 40 244
-1.850000 3.850000 0.050000 10 40 244
-1.950000 3.950000 0.050000 10 40 244
-1.850000 3.950000 0.050000 10 40 244
-1.950000 3.950000 0.150000 20 40 234
-1.850000 3.950000 0.150000 20 40 234
-1.750000 3.850000 0.050000 10 40 244
-1.650000 3.850000 0.050000 10 40 244
-1.750000 3.950000 0.050000 10 40 244
-1.650000 3.950000 0.050000 10 40 244
-1.750000 3.950000 0.150000 20 40 234
-1.650000 3.950000 0.150000 20 40 234
-1.950000 3.950000 0.250000 30 40 224
-1.850000 3.950000 0.250000 30 40 224
-1.950000 3.950000 0.350000 40 40 214
-1.850000 3.950000 0.350000 40 40 214
-1.750000 3.950000 0.250000 30 40 224
-1.650000 3.950000 0.250000 30 40 224
-1.750000 3.950000 0.350000 40 40 214
-1.650000 3.950000 0.350000 40 40 214
-2.350000 3.950000 0.450000 50 40 204
-2.250000 3.950000 0.450000 50 40 204
-2.350000 3.950000 0.550000 61 40 193
-2.250000 3.950000 0.550000 61 40 193
-2.150000 3.950000 0.450000 50 40 204
-2.050000 3.950000 0.450000 50 40 204
-2.150000 3.950000 0.550000 61 40 193
-2.050000 3.950000 0.550000 61 40 193
-2.350000 3.950000 0.650000 71 40 183
-2.250000 3.950000 0.650000 71 40 183
-2.350000 3.950000 0.750000 81 40 173
-2.250000 3.950000 0.750000 81 40 173
-2.150000 3.950000 0.650000 71 40 183
-2.050000 3.950000 0.650000 71 40 183
-2.150000 3.950000 0.750000 81 40 173
-2.050000 3.950000 0.750000 81 40 173
-1.950000 3.950000 0.450000 50 40 204
-1.850000 3.950000 0.450000 50 40 204
-1.950000 3.950000 0.550000 61 40 193
-1.850000 3.950000 0.550000 61 40 193
-1.750000 3.950000 0.450000 50 40 204
-1.950000 3.950000 0.650000 71 40 183
-1.850000 3.950000 0.650000 71 40 183
-1.950000 3.950000 0.750000 81 40 173
-3.150000 3.950000 0.850000 91 40 163
-3.050000 3.950000 0.850000 91 40 163
-3.150000 3.950000 0.950000 101 40 153
-3.050000 3.950000 0.950000 101 40 153
-2.950000 3.950000 0.850000 91 40 163
-2.850000 3.950000 0.850000 91 40 163
-2.950000 3.950000 0.950000 101 40 153
-2.850000 3.950000 0.950000 101 40 153
-3.150000 3.950000 1.050000 112 40 142
-3.050000 3.950000 1.050000 112 40 142
-3.150000 3.950000 1.150000 122 40 132
-3.050000 3.950000 1.150000 122 40 132
-2.950000 3.950000 1.050000 112 40 142
-2.850000 3.950000 1.050000 112 40 142
-2.950000 3.950000 1.150000 122 40 132
-2.850000 3.950000 1.150000 122 40 132
-2.750000 3.950000 0.850000 91 40 163
-2.650000 3.950000 0.850000 91 40 163
-2.750000 3.950000 0.950000 101 40 153
-2.650000 3.950000 0.950000 101 40 153
-2.550000 3.950000 0.850000 91 40 163
-2.450000 3.950000 0.850000 91 40 163
-2.550000 3.950000 0.950000 101 40 153
-2.450000 3.950000 0.950000 101 40 153
-2.750000 3.950000 1.050000 112 40 142
-2.650000 3.950000 1.050000 112 40 142
-2.750000 3.950000 1.150000 122 40 132
-2.650000 3.950000 1.150000 122 40 132
-2.550000 3.950000 1.050000 112 40 142
-2.450000 3.950000 1.050000 112 40 142
-2.550000 3.950000 1.150000 122 40 132
-2.450000 3.950000 1.150000 122 40 132
-2.950000 3.950000 1.250000 132 40 122
-2.850000 3.950000 1.250000 132 40 122
-2.750000 3.950000 1.250000 132 40 122
-2.650000 3.950000 1.250000 132 40 122
-2.550000 3.950000 1.250000 132 40 122
-2.450000 3.950000 1.250000 132 40 122
-2.350000 3.950000 0.850000 91 40 163
-2.250000 3.950000 0.850000 91 40 163
-2.350000 3.950000 0.950000 101 40 153
-2.250000 3.950000 0.950000 101 40 153
-2.150000 3.950000 0.850000 91 40 163
-2.050000 3.950000 0.850000 91 40 163
-2.150000 3.950000 0.950000 101 40 153
-2.050000 3.950000 0.950000 101 40 153
-2.350000 3.950000 1.050000 112 40 142
-2.250000 3.950000 1.050000 112 40 142
-2.350000 3.950000 1.150000 122 40 132
-2.250000 3.950000 1.150000 122 40 132
-2.150000 3.950000 1.050000 112 40 142
-2.050000 3.950000 1.050000 112 40 142
-2.150000 3.950000 1.150000 122 40 132
-2.050000 3.950000 1.150000 122 40 132
-1.950000 3.950000 0.850000 91 40 163
-2.350000 3.950000 1.250000 132 40 122
-2.250000 3.950000 1.250000 132 40 122
-2.150000 3.950000 1.250000 132 40 122
-1.550000 3.250000 0.050000 10 40 244
-1.450000 3.250000 0.050000 10 40 244
-1.550000 3.350000 0.050000 10 40 244
-1.450000 3.350000 0.050000 10 40 244
-1.350000 3.250000 0.050000 10 40 244
-1.250000 3.250000 0.050000 10 40 244
-1.350000 3.350000 0.050000 10 40 244
-1.250000 3.350000 0.050000 10 40 244
-1.550000 3.450000 0.050000 10 40 244
-1.450000 3.450000 0.050000 10 40 244
-1.550000 3.550000 0.050000 10 40 244
-1.450000 3.550000 0.050000 10 40 244
-1.350000 3.450000 0.050000 10 40 244
-1.250000 3.450000 0.050000 10 40 244
-1.350000 3.550000 0.050000 10 40 244
-1.250000 3.550000 0.050000 10 40 244
-1.150000 3.250000 0.050000 10 40 244
-1.050000 3.250000 0.050000 10 40 244
-1.150000 3.350000 0.050000 10 40 244
-1.050000 3.350000 0.050000 10 40 244
-0.950000 3.250000 0.050000 10 40 244
-0.850000 3.250000 0.050000 10 40 244
-0.950000 3.350000 0.050000 10 40 244
-0.850000 3.350000 0.050000 10 40 244
-1.150000 3.450000 0.050000 10 40 244
-1.050000 3.450000 0.050000 10 40 244
-1.150000 3.550000 0.050000 10 40 244
-1.050000 3.550000 0.050000 10 40 244
-0.950000 3.450000 0.050000 10 40 244
-0.850000 3.450000 0.050000 10 40 244
-0.950000 3.550000 0.050000 10 40 244
-0.850000 3.550000 0.050000 10 40 244
-1.550000 3.650000 0.050000 10 40 244
-1.450000 3.650000 0.050000 10 40 244
-1.550000 3.750000 0.050000 10 40 244
-1.450000 3.750000 0.050000 10 40 244
-1.350000 3.650000 0.050000 10 40 244
-1.250000 3.650000 0.050000 10 40 244
-1.350000 3.750000 0.050000 10 40 244
-1.250000 3.750000 0.050000 10 40 244
-1.550000 3.850000 0.050000 10 40 244
-1.450000 3.850000 0.050000 10 40 244
-1.550000 3.950000 0.050000 10 40 244
-1.450000 3.950000 0.050000 10 40 244
-1.550000 3.950000 0.150000 20 40 234
-1.450000 3.950000 0.150000 20 40 234
-1.350000 3.850000 0.050000 10 40 244
-1.250000 3.850000 0.050000 10 40 244
-1.350000 3.950000 0.050000 10 40 244
-1.250000 3.950000 0.050000 10 40 244
-1.350000 3.950000 0.150000 20 40 234
-1.550000 3.950000 0.250000 30 40 224
-1.450000 3.950000 0.250000 30 40 224
-1.150000 3.650000 0.050000 10 40 244
-1.050000 3.650000 0.050000 10 40 244
-1.150000 3.750000 0.050000 10 40 244
-0.950000 3.650000 0.050000 10 40 244
-0.850000 3.650000 0.050000 10 40 244
-0.850000 3.750000 0.050000 10 40 244
-1.150000 3.850000 0.050000 10 40 244
-1.150000 3.950000 0.050000 10 40 244
-0.750000 3.250000 0.050000 10 40 244
-0.650000 3.250000 0.050000 10 40 244
-0.750000 3.350000 0.050000 10 40 244
-0.650000 3.350000 0.050000 10 40 244
-0.550000 3.250000 0.050000 10 40 244
-0.450000 3.250000 0.050000 10 40 244
-0.550000 3.350000 0.050000 10 40 244
-0.450000 3.350000 0.050000 10 40 244
-0.750000 3.450000 0.050000 10 40 244
-0.650000 3.450000 0.050000 10 40 244
-0.750000 3.550000 0.050000 10 40 244
-0.650000 3.550000 0.050000 10 40 244
-0.550000 3.450000 0.050000 10 40 244
-0.450000 3.450000 0.050000 10 40 244
-0.550000 3.550000 0.050000 10 40 244
-0.450000 3.550000 0.050000 10 40 244
-0.350000 3.250000 0.050000 10 40 244
-0.250000 3.250000 0.050000 10 40 244
-0.350000 3.350000 0.050000 10 40 244
-0.250000 3.350000 0.050000 10 40 244
-0.150000 3.250000 0.050000 10 40 244
-0.050000 3.250000 0.050000 10 40 244
-0.050000 3.350000 0.050000 10 40 244
-0.050000 3.250000 0.150000 20 40 234
-0.350000 3.450000 0.050000 10 40 244
-0.250000 3.450000 0.050000 10 40 244
-0.350000 3.550000 0.050000 10 40 244
-0.750000 3.650000 0.050000 10 40 244
-0.750000 3.750000 0.050000 10 40 244
0.250000 0.050000 0.050000 10 40 244
0.350000 0.050000 0.050000 10 40 244
0.250000 0.150000 0.050000 10 40 244
0.350000 0.150000 0.050000 10 40 244
0.250000 0.250000 0.050000 10 40 244
0.350000 0.250000 0.050000 10 40 244
0.450000 0.050000 0.050000 10 40 244
0.550000 0.050000 0.050000 10 40 244
0.450000 0.150000 0.050000 10 40 244
0.550000 0.150000 0.050000 10 40 244
0.650000 0.050000 0.050000 10 40 244
0.750000 0.050000 0.050000 10 40 244
0.650000 0.150000 0.050000 10 40 244
0.750000 0.150000 0.050000 10 40 244
0.450000 0.250000 0.050000 10 40 244
0.550000 0.250000 0.050000 10 40 244
0.450000 0.350000 0.050000 10 40 244
0.550000 0.350000 0.050000 10 40 244
0.650000 0.250000 0.050000 10 40 244
0.750000 0.250000 0.050000 10 40 244
0.650000 0.350000 0.050000 10 40 244
0.750000 0.350000 0.050000 10 40 244
0.050000 0.750000 0.050000 10 40 244
0.150000 0.750000 0.050000 10 40 244
0.050000 0.650000 0.150000 20 40 234
0.150000 0.650000 0.150000 20 40 234
0.050000 0.750000 0.150000 20 40 234
0.250000 0.750000 0.050000 10 40 244
0.350000 0.750000 0.050000 10 40 244
0.250000 0.650000 0.150000 20 40 234
0.350000 0.650000 0.150000 20 40 234
0.050000 0.650000 0.250000 30 40 224
0.050000 0.750000 0.250000 30 40 224
0.050000 0.650000 0.350000 40 40 214
0.150000 0.650000 0.350000 40 40 214
0.050000 0.750000 0.350000 40 40 214
0.350000 0.650000 0.250000 30 40 224
0.250000 0.650000 0.350000 40 40 214
0.350000 0.650000 0.350000 40 40 214
0.550000 0.450000 0.050000 10 40 244
0.550000 0.550000 0.050000 10 40 244
0.650000 0.450000 0.050000 10 40 244
0.750000 0.450000 0.050000 10 40 244
0.650000 0.550000 0.050000 10 40 244
0.750000 0.550000 0.050000 10 40 244
0.550000 0.650000 0.050000 10 40 244
0.450000 0.750000 0.050000 10 40 244
0.550000 0.750000 0.050000 10 40 244
0.450000 0.650000 0.150000 20 40 234
0.550000 0.650000 0.150000 20 40 234
0.650000 0.650000 0.050000 10 40 244
0.750000 0.650000 0.050000 10 40 244
0.650000 0.750000 0.050000 10 40 244
0.750000 0.750000 0.050000 10 40 244
0.650000 0.650000 0.150000 20 40 234
0.750000 0.650000 0.150000 20 40 234
0.650000 0.750000 0.150000 20 40 234
0.750000 0.750000 0.150000 20 40 234
0.750000 0.550000 0.350000 40 40 214
0.550000 0.650000 0.250000 30 40 224
0.450000 0.650000 0.350000 40 40 214
0.550000 0.650000 0.350000 40 40 214
0.650000 0.650000 0.250000 30 40 224
0.750000 0.650000 0.250000 30 40 224
0.650000 0.650000 0.350000 40 40 214
0.750000 0.650000 0.350000 40 40 214
0.050000 0.050000 0.750000 81 40 173
0.150000 0.050000 0.750000 81 40 173
0.050000 0.150000 0.750000 81 40 173
0.150000 0.150000 0.750000 81 40 173
0.250000 0.050000 0.750000 81 40 173
0.350000 0.050000 0.750000 81 40 173
0.250000 0.150000 0.750000 81 40 173
0.350000 0.150000 0.750000 81 40 173
0.050000 0.250000 0.650000 71 40 183
0.150000 0.250000 0.650000 71 40 183
0.050000 0.350000 0.650000 71 40 183
0.150000 0.350000 0.650000 71 40 183
0.050000 0.250000 0.750000 81 40 173
0.150000 0.250000 0.750000 81 40 173
0.250000 0.250000 0.650000 71 40 183
0.350000 0.250000 0.650000 71 40 183
0.250000 0.350000 0.650000 71 40 183
0.350000 0.350000 0.650000 71 40 183
0.250000 0.250000 0.750000 81 40 173
0.350000 0.250000 0.750000 81 40 173
0.750000 0.350000 0.550000 61 40 193
0.450000 0.050000 0.750000 81 40 173
0.550000 0.050000 0.750000 81 40 173
0.450000 0.150000 0.750000 81 40 173
0.550000 0.150000 0.750000 81 40 173
0.750000 0.050000 0.650000 71 40 183
0.750000 0.150000 0.650000 71 40 183
0.650000 0.050000 0.750000 81 40 173
0.750000 0.050000 0.750000 81 40 173
0.650000 0.150000 0.750000 81 40 173
0.750000 0.150000 0.750000 81 40 173
0.450000 0.250000 0.650000 71 40 183
0.550000 0.250000 0.650000 71 40 183
0.450000 0.350000 0.650000 71 40 183
0.550000 0.350000 0.650000 71 40 183
0.450000 0.250000 0.750000 81 40 173
0.550000 0.250000 0.750000 81 40 173
0.650000 0.250000 0.650000 71 40 183
0.750000 0.250000 0.650000 71 40 183
0.650000 0.350000 0.650000 71 40 183
0.750000 0.350000 0.650000 71 40 183
0.650000 0.250000 0.750000 81 40 173
0.750000 0.250000 0.750000 81 40 173
0.050000 0.550000 0.450000 50 40 204
0.150000 0.550000 0.450000 50 40 204
0.050000 0.450000 0.550000 61 40 193
0.150000 0.450000 0.550000 61 40 193
0.050000 0.550000 0.550000 61 40 193
0.150000 0.550000 0.550000 61 40 193
0.250000 0.550000 0.450000 50 40 204
0.350000 0.550000 0.450000 50 40 204
0.250000 0.450000 0.550000 61 40 193
0.350000 0.450000 0.550000 61 40 193
0.250000 0.550000 0.550000 61 40 193
0.350000 0.550000 0.550000 61 40 193
0.050000 0.650000 0.450000 50 40 204
0.150000 0.650000 0.450000 50 40 204
0.050000 0.750000 0.450000 50 40 204
0.050000 0.650000 0.550000 61 40 193
0.050000 0.750000 0.550000 61 40 193
0.250000 0.650000 0.450000 50 40 204
0.350000 0.650000 0.450000 50 40 204
0.050000 0.450000 0.650000 71 40 183
0.150000 0.450000 0.650000 71 40 183
0.250000 0.450000 0.650000 71 40 183
0.350000 0.450000 0.650000 71 40 183
0.050000 0.650000 0.650000 71 40 183
0.050000 0.750000 0.650000 71 40 183
0.050000 0.650000 0.750000 81 40 173
0.050000 0.750000 0.750000 81 40 173
0.450000 0.550000 0.450000 50 40 204
0.550000 0.550000 0.450000 50 40 204
0.450000 0.450000 0.550000 61 40 193
0.550000 0.450000 0.550000 61 40 193
0.450000 0.550000 0.550000 61 40 193
0.550000 0.550000 0.550000 61 40 193
0.650000 0.550000 0.450000 50 40 204
0.750000 0.550000 0.450000 50 40 204
0.650000 0.450000 0.550000 61 40 193
0.750000 0.450000 0.550000 61 40 193
0.650000 0.550000 0.550000 61 40 193
0.750000 0.550000 0.550000 61 40 193
0.650000 0.650000 0.450000 50 40 204
0.750000 0.650000 0.450000 50 40 204
0.450000 0.450000 0.650000 71 40 183
0.550000 0.450000 0.650000 71 40 183
0.650000 0.450000 0.650000 71 40 183
0.750000 0.450000 0.650000 71 40 183
0.850000 0.050000 0.050000 10 40 244
0.950000 0.050000 0.050000 10 40 244
0.850000 0.150000 0.050000 10 40 244
0.950000 0.150000 0.050000 10 40 244
1.050000 0.050000 0.050000 10 40 244
1.150000 0.050000 0.050000 10 40 244
1.050000 0.150000 0.050000 10 40 244
1.150000 0.150000 0.050000 10 40 244
0.850000 0.250000 0.050000 10 40 244
0.950000 0.250000 0.050000 10 40 244
0.850000 0.350000 0.050000 10 40 244
0.950000 0.350000 0.050000 10 40 244
1.050000 0.250000 0.050000 10 40 244
1.150000 0.250000 0.050000 10 40 244
1.050000 0.350000 0.050000 10 40 244
1.150000 0.350000 0.050000 10 40 244
1.250000 0.050000 0.050000 10 40 244
1.350000 0.050000 0.050000 10 40 244
1.250000 0.150000 0.050000 10 40 244
1.350000 0.150000 0.050000 10 40 244
1.450000 0.050000 0.050000 10 40 244
1.550000 0.050000 0.050000 10 40 244
1.450000 0.150000 0.050000 10 40 244
1.550000 0.150000 0.050000 10 40 244
1.250000 0.250000 0.050000 10 40 244
1.350000 0.250000 0.050000 10 40 244
1.250000 0.350000 0.050000 10 40 244
1.350000 0.350000 0.050000 10 40 244
1.450000 0.250000 0.050000 10 40 244
1.550000 0.250000 0.050000 10 40 244
1.450000 0.350000 0.050000 10 40 244
1.550000 0.350000 0.050000 10 40 244
0.850000 0.450000 0.050000 10 40 244
0.950000 0.450000 0.050000 10 40 244
0.850000 0.550000 0.050000 10 40 244
0.950000 0.550000 0.050000 10 40 244
1.050000 0.450000 0.050000 10 40 244
1.150000 0.450000 0.050000 10 40 244
1.050000 0.550000 0.050000 10 40 244
1.150000 0.550000 0.050000 10 40 244
0.850000 0.650000 0.050000 10 40 244
0.950000 0.650000 0.050000 10 40 244
0.850000 0.750000 0.050000 10 40 244
0.950000 0.750000 0.050000 10 40 244
1.050000 0.650000 0.050000 10 40 244
1.150000 0.650000 0.050000 10 40 244
1.050000 0.750000 0.050000 10 40 244
1.150000 0.750000 0.050000 10 40 244
1.250000 0.450000 0.050000 10 40 244
1.350000 0.450000 0.050000 10 40 244
1.250000 0.550000 0.050000 10 40 244
1.350000 0.550000 0.050000 10 40 244
1.450000 0.450000 0.050000 10 40 244
1.550000 0.450000 0.050000 10 40 244
1.450000 0.550000 0.050000 10 40 244
1.550000 0.550000 0.050000 10 40 244
1.250000 0.650000 0.050000 10 40 244
1.350000 0.650000 0.050000 10 40 244
1.250000 0.750000 0.050000 10 40 244
1.350000 0.750000 0.050000 10 40 244
1.450000 0.650000 0.050000 10 40 244
1.550000 0.650000 0.050000 10 40 244
1.450000 0.750000 0.050000 10 40 244
1.550000 0.750000 0.050000 10 40 244
0.050000 0.850000 0.050000 10 40 244
0.150000 0.850000 0.050000 10 40 244
0.050000 0.950000 0.050000 10 40 244
0.150000 0.950000 0.050000 10 40 244
0.050000 0.850000 0.150000 20 40 234
0.050000 0.950000 0.150000 20 40 234
0.250000 0.850000 0.050000 10 40 244
0.350000 0.850000 0.050000 10 40 244
0.250000 0.950000 0.050000 10 40 244
0.350000 0.950000 0.050000 10 40 244
0.050000 1.050000 0.050000 10 40 244
0.150000 1.050000 0.050000 10 40 244
0.050000 1.150000 0.050000 10 40 244
0.150000 1.150000 0.050000 10 40 244
0.050000 1.050000 0.150000 20 40 234
0.050000 1.150000 0.150000 20 40 234
0.250000 1.050000 0.050000 10 40 244
0.350000 1.050000 0.050000 10 40 244
0.250000 1.150000 0.050000 10 40 244
0.350000 1.150000 0.050000 10 40 244
0.050000 0.850000 0.250000 30 40 224
0.050000 0.950000 0.250000 30 40 224
0.050000 0.850000 0.350000 40 40 214
0.050000 0.950000 0.350000 40 40 214
0.050000 1.050000 0.250000 30 40 224
0.050000 1.150000 0.250000 30 40 224
0.050000 1.050000 0.350000 40 40 214
0.050000 1.150000 0.350000 40 40 214
0.450000 0.850000 0.050000 10 40 244
0.550000 0.850000 0.050000 10 40 244
0.450000 0.950000 0.050000 10 40 244
0.550000 0.950000 0.050000 10 40 244
0.650000 0.850000 0.050000 10 40 244
0.750000 0.850000 0.050000 10 40 244
0.650000 0.950000 0.050000 10 40 244
0.750000 0.950000 0.050000 10 40 244
0.450000 1.050000 0.050000 10 40 244
0.550000 1.050000 0.050000 10 40 244
0.450000 1.150000 0.050000 10 40 244
0.550000 1.150000 0.050000 10 40 244
0.650000 1.050000 0.050000 10 40 244
0.750000 1.050000 0.050000 10 40 244
0.650000 1.150000 0.050000 10 40 244
0.750000 1.150000 0.050000 10 40 244
0.050000 1.250000 0.050000 10 40 244
0.150000 1.250000 0.050000 10 40 244
0.050000 1.350000 0.050000 10 40 244
0.150000 1.350000 0.050000 10 40 244
0.050000 1.250000 0.150000 20 40 234
0.050000 1.350000 0.150000 20 40 234
0.250000 1.250000 0.050000 10 40 244
0.350000 1.250000 0.050000 10 40 244
0.250000 1.350000 0.050000 10 40 244
0.350000 1.350000 0.050000 10 40 244
0.050000 1.450000 0.050000 10 40 244
0.150000 1.450000 0.050000 10 40 244
0.050000 1.550000 0.050000 10 40 244
0.150000 1.550000 0.050000 10 40 244
0.050000 1.450000 0.150000 20 40 234
0.050000 1.550000 0.150000 20 40 234
0.250000 1.450000 0.050000 10 40 244
0.350000 1.450000 0.050000 10 40 244
0.250000 1.550000 0.050000 10 40 244
0.350000 1.550000 0.050000 10 40 244
0.050000 1.250000 0.250000 30 40 224
0.050000 1.350000 0.250000 30 40 224
0.050000 1.250000 0.350000 40 40 214
0.050000 1.350000 0.350000 40 40 214
0.050000 1.450000 0.250000 30 40 224
0.050000 1.550000 0.250000 30 40 224
0.050000 1.450000 0.350000 40 40 214
0.050000 1.550000 0.350000 40 40 214
0.450000 1.250000 0.050000 10 40 244
0.550000 1.250000 0.050000 10 40 244
0.450000 1.350000 0.050000 10 40 244
0.550000 1.350000 0.050000 10 40 244
0.650000 1.250000 0.050000 10 40 244
0.750000 1.250000 0.050000 10 40 244
0.650000 1.350000 0.050000 10 40 244
0.750000 1.350000 0.050000 10 40 244
0.450000 1.450000 0.050000 10 40 244
0.550000 1.450000 0.050000 10 40 244
0.450000 1.550000 0.050000 10 40 244
0.550000 1.550000 0.050000 10 40 244
0.650000 1.450000 0.050000 10 40 244
0.750000 1.450000 0.050000 10 40 244
0.650000 1.550000 0.050000 10 40 244
0.750000 1.550000 0.050000 10 40 244
0.050000 0.850000 0.450000 50 40 204
0.050000 0.950000 0.450000 50 40 204
0.050000 0.850000 0.550000 61 40 193
0.050000 0.950000 0.550000 61 40 193
0.050000 1.050000 0.450000 50 40 204
0.050000 1.150000 0.450000 50 40 204
0.050000 1.050000 0.550000 61 40 193
0.050000 1.150000 0.550000 61 40 193
0.050000 0.850000 0.650000 71 40 183
0.050000 0.950000 0.650000 71 40 183
0.050000 0.850000 0.750000 81 40 173
0.050000 0.950000 0.750000 81 40 173
0.050000 1.050000 0.650000 71 40 183
0.050000 1.150000 0.650000 71 40 183
0.050000 1.050000 0.750000 81 40 173
0.050000 1.150000 0.750000 81 40 173
0.050000 1.250000 0.450000 50 40 204
0.050000 1.350000 0.450000 50 40 204
0.050000 1.250000 0.550000 61 40 193
0.050000 1.350000 0.550000 61 40 193
0.050000 1.450000 0.450000 50 40 204
0.050000 1.550000 0.450000 50 40 204
0.050000 1.450000 0.550000 61 40 193
0.050000 1.550000 0.550000 61 40 193
0.050000 1.250000 0.650000 71 40 183
0.050000 1.350000 0.650000 71 40 183
0.050000 1.250000 0.750000 81 40 173
0.050000 1.350000 0.750000 81 40 173
0.050000 1.450000 0.650000 71 40 183
0.050000 1.550000 0.650000 71 40 183
0.050000 1.450000 0.750000 81 40 173
0.050000 1.550000 0.750000 81 40 173
0.850000 0.850000 0.050000 10 40 244
0.950000 0.850000 0.050000 10 40 244
0.850000 0.950000 0.050000 10 40 244
0.950000 0.950000 0.050000 10 40 244
1.050000 0.850000 0.050000 10 40 244
1.150000 0.850000 0.050000 10 40 244
1.050000 0.950000 0.050000 10 40 244
1.150000 0.950000 0.050000 10 40 244
0.850000 1.050000 0.050000 10 40 244
0.950000 1.050000 0.050000 10 40 244
0.850000 1.150000 0.050000 10 40 244
0.950000 1.150000 0.050000 10 40 244
1.050000 1.050000 0.050000 10 40 244
1.150000 1.050000 0.050000 10 40 244
1.050000 1.150000 0.050000 10 40 244
1.150000 1.150000 0.050000 10 40 244
1.250000 0.850000 0.050000 10 40 244
1.350000 0.850000 0.050000 10 40 244
1.250000 0.950000 0.050000 10 40 244
1.350000 0.950000 0.050000 10 40 244
1.450000 0.850000 0.050000 10 40 244
1.550000 0.850000 0.050000 10 40 244
1.450000 0.950000 0.050000 10 40 244
1.550000 0.950000 0.050000 10 40 244
1.250000 1.050000 0.050000 10 40 244
1.350000 1.050000 0.050000 10 40 244
1.250000 1.150000 0.050000 10 40 244
1.350000 1.150000 0.050000 10 40 244
1.450000 1.050000 0.050000 10 40 244
1.550000 1.050000 0.050000 10 40 244
1.450000 1.150000 0.050000 10 40 244
1.550000 1.150000 0.050000 10 40 244
0.850000 1.250000 0.050000 10 40 244
0.950000 1.250000 0.050000 10 40 244
0.850000 1.350000 0.050000 10 40 244
0.950000 1.350000 0.050000 10 40 244
1.050000 1.250000 0.050000 10 40 244
1.150000 1.250000 0.050000 10 40 244
1.050000 1.350000 0.050000 10 40 244
1.150000 1.350000 0.050000 10 40 244
0.850000 1.450000 0.050000 10 40 244
0.950000 1.450000 0.050000 10 40 244
0.850000 1.550000 0.050000 10 40 244
0.950000 1.550000 0.050000 10 40 244
1.050000 1.450000 0.050000 10 40 244
1.150000 1.450000 0.050000 10 40 244
1.050000 1.550000 0.050000 10 40 244
1.150000 1.550000 0.050000 10 40 244
1.250000 1.250000 0.050000 10 40 244
1.350000 1.250000 0.050000 10 40 244
1.250000 1.350000 0.050000 10 40 244
1.350000 1.350000 0.050000 10 40 244
1.450000 1.250000 0.050000 10 40 244
1.550000 1.250000 0.050000 10 40 244
1.450000 1.350000 0.050000 10 40 244
1.550000 1.350000 0.050000 10 40 244
1.250000 1.450000 0.050000 10 40 244
1.350000 1.450000 0.050000 10 40 244
1.250000 1.550000 0.050000 10 40 244
1.350000 1.550000 0.050000 10 40 244
1.450000 1.450000 0.050000 10 40 244
1.550000 1.450000 0.050000 10 40 244
1.450000 1.550000 0.050000 10 40 244
1.550000 1.550000 0.050000 10 40 244
0.050000 0.650000 0.850000 91 40 163
0.050000 0.750000 0.850000 91 40 163
0.050000 0.650000 0.950000 101 40 153
0.050000 0.750000 0.950000 101 40 153
0.050000 0.650000 1.050000 112 40 142
0.050000 0.750000 1.050000 112 40 142
0.050000 0.650000 1.150000 122 40 132
0.050000 0.750000 1.150000 122 40 132
0.050000 0.650000 1.250000 132 40 122
0.050000 0.750000 1.250000 132 40 122
0.050000 0.650000 1.350000 142 40 112
0.050000 0.750000 1.350000 142 40 112
0.050000 0.650000 1.450000 153 40 101
0.050000 0.750000 1.450000 153 40 101
0.050000 0.650000 1.550000 163 40 91
0.050000 0.750000 1.550000 163 40 91
0.050000 0.850000 0.850000 91 40 163
0.050000 0.950000 0.850000 91 40 163
0.050000 0.850000 0.950000 101 40 153
0.050000 0.950000 0.950000 101 40 153
0.050000 1.050000 0.850000 91 40 163
0.050000 1.150000 0.850000 91 40 163
0.050000 1.050000 0.950000 101 40 153
0.050000 1.150000 0.950000 101 40 153
0.050000 0.850000 1.050000 112 40 142
0.050000 0.950000 1.050000 112 40 142
0.050000 0.850000 1.150000 122 40 132
0.050000 0.950000 1.150000 122 40 132
0.050000 1.050000 1.050000 112 40 142
0.050000 1.150000 1.050000 112 40 142
0.050000 1.050000 1.150000 122 40 132
0.050000 1.150000 1.150000 122 40 132
0.050000 1.250000 0.850000 91 40 163
0.050000 1.350000 0.850000 91 40 163
0.050000 1.250000 0.950000 101 40 153
0.050000 1.350000 0.950000 101 40 153
0.050000 1.450000 0.850000 91 40 163
0.050000 1.550000 0.850000 91 40 163
0.050000 1.450000 0.950000 101 40 153
0.050000 1.550000 0.950000 101 40 153
0.050000 1.250000 1.050000 112 40 142
0.050000 1.350000 1.050000 112 40 142
0.050000 1.250000 1.150000 122 40 132
0.050000 1.350000 1.150000 122 40 132
0.050000 1.450000 1.050000 112 40 142
0.050000 1.550000 1.050000 112 40 142
0.050000 1.450000 1.150000 122 40 132
0.050000 1.550000 1.150000 122 40 132
0.050000 0.850000 1.250000 132 40 122
0.050000 0.950000 1.250000 132 40 122
0.050000 0.850000 1.350000 142 40 112
0.050000 0.950000 1.350000 142 40 112
0.050000 1.050000 1.250000 132 40 122
0.050000 1.150000 1.250000 132 40 122
0.050000 1.050000 1.350000 142 40 112
0.050000 1.150000 1.350000 142 40 112
0.050000 0.850000 1.450000 153 40 101
0.050000 0.950000 1.450000 153 40 101
0.050000 0.850000 1.550000 163 40 91
0.050000 0.950000 1.550000 163 40 91
0.050000 1.050000 1.450000 153 40 101
0.050000 1.150000 1.450000 153 40 101
0.050000 1.050000 1.550000 163 40 91
0.050000 1.150000 1.550000 163 40 91
0.050000 1.250000 1.250000 132 40 122
0.050000 1.350000 1.250000 132 40 122
0.050000 1.250000 1.350000 142 40 112
0.050000 1.350000 1.350000 142 40 112
0.050000 1.450000 1.250000 132 40 122
0.050000 1.550000 1.250000 132 40 122
0.050000 1.450000 1.350000 142 40 112
0.050000 1.550000 1.350000 142 40 112
0.050000 1.250000 1.450000 153 40 101
0.050000 1.350000 1.450000 153 40 101
0.050000 1.250000 1.550000 163 40 91
0.050000 1.350000 1.550000 163 40 91
0.050000 1.450000 1.450000 153 40 101
0.050000 1.550000 1.450000 153 40 101
0.050000 1.450000 1.550000 163 40 91
0.050000 1.550000 1.550000 163 40 91
1.650000 0.050000 0.050000 10 40 244
1.750000 0.050000 0.050000 10 40 244
1.650000 0.150000 0.050000 10 40 244
1.750000 0.150000 0.050000 10 40 244
1.850000 0.050000 0.050000 10 40 244
1.950000 0.050000 0.050000 10 40 244
1.850000 0.150000 0.050000 10 40 244
1.950000 0.150000 0.050000 10 40 244
1.650000 0.250000 0.050000 10 40 244
1.750000 0.250000 0.050000 10 40 244
1.650000 0.350000 0.050000 10 40 244
1.750000 0.350000 0.050000 10 40 244
1.850000 0.250000 0.050000 10 40 244
1.950000 0.250000 0.050000 10 40 244
1.850000 0.350000 0.050000 10 40 244
1.950000 0.350000 0.050000 10 40 244
2.050000 0.050000 0.050000 10 40 244
2.150000 0.050000 0.050000 10 40 244
2.050000 0.150000 0.050000 10 40 244
2.150000 0.150000 0.050000 10 40 244
2.250000 0.050000 0.050000 10 40 244
2.350000 0.050000 0.050000 10 40 244
2.250000 0.150000 0.050000 10 40 244
2.350000 0.150000 0.050000 10 40 244
2.050000 0.250000 0.050000 10 40 244
2.150000 0.250000 0.050000 10 40 244
2.050000 0.350000 0.050000 10 40 244
2.150000 0.350000 0.050000 10 40 244
2.250000 0.250000 0.050000 10 40 244
2.350000 0.250000 0.050000 10 40 244
2.250000 0.350000 0.050000 10 40 244
2.350000 0.350000 0.050000 10 40 244
1.650000 0.450000 0.050000 10 40 244
1.750000 0.450000 0.050000 10 40 244
1.650000 0.550000 0.050000 10 40 244
1.750000 0.550000 0.050000 10 40 244
1.850000 0.450000 0.050000 10 40 244
1.950000 0.450000 0.050000 10 40 244
1.850000 0.550000 0.050000 10 40 244
1.950000 0.550000 0.050000 10 40 244
1.650000 0.650000 0.050000 10 40 244
1.750000 0.650000 0.050000 10 40 244
1.650000 0.750000 0.050000 10 40 244
1.750000 0.750000 0.050000 10 40 244
1.850000 0.650000 0.050000 10 40 244
1.950000 0.650000 0.050000 10 40 244
1.850000 0.750000 0.050000 10 40 244
1.950000 0.750000 0.050000 10 40 244
2.050000 0.450000 0.050000 10 40 244
2.150000 0.450000 0.050000 10 40 244
2.050000 0.550000 0.050000 10 40 244
2.150000 0.550000 0.050000 10 40 244
2.250000 0.450000 0.050000 10 40 244
2.350000 0.450000 0.050000 10 40 244
2.250000 0.550000 0.050000 10 40 244
2.350000 0.550000 0.050000 10 40 244
2.050000 0.650000 0.050000 10 40 244
2.150000 0.650000 0.050000 10 40 244
2.050000 0.750000 0.050000 10 40 244
2.150000 0.750000 0.050000 10 40 244
2.250000 0.650000 0.050000 10 40 244
2.350000 0.650000 0.050000 10 40 244
2.250000 0.750000 0.050000 10 40 244
2.350000 0.750000 0.050000 10 40 244
2.450000 0.050000 0.050000 10 40 244
2.550000 0.050000 0.050000 10 40 244
2.450000 0.150000 0.050000 10 40 244
2.550000 0.150000 0.050000 10 40 244
2.650000 0.050000 0.050000 10 40 244
2.750000 0.050000 0.050000 10 40 244
2.650000 0.150000 0.050000 10 40 244
2.750000 0.150000 0.050000 10 40 244
2.450000 0.250000 0.050000 10 40 244
2.550000 0.250000 0.050000 10 40 244
2.450000 0.350000 0.050000 10 40 244
2.550000 0.350000 0.050000 10 40 244
2.650000 0.250000 0.050000 10 40 244
2.750000 0.250000 0.050000 10 40 244
2.650000 0.350000 0.050000 10 40 244
2.750000 0.350000 0.050000 10 40 244
2.850000 0.050000 0.050000 10 40 244
2.950000 0.050000 0.050000 10 40 244
2.850000 0.150000 0.050000 10 40 244
2.950000 0.150000 0.050000 10 40 244
3.050000 0.050000 0.050000 10 40 244
3.150000 0.050000 0.050000 10 40 244
3.050000 0.150000 0.050000 10 40 244
3.150000 0.150000 0.050000 10 40 244
2.850000 0.250000 0.050000 10 40 244
2.950000 0.250000 0.050000 10 40 244
2.850000 0.350000 0.050000 10 40 244
2.950000 0.350000 0.050000 10 40 244
3.050000 0.250000 0.050000 10 40 244
3.150000 0.250000 0.050000 10 40 244
3.050000 0.350000 0.050000 10 40 244
3.150000 0.350000 0.050000 10 40 244
2.450000 0.450000 0.050000 10 40 244
2.550000 0.450000 0.050000 10 40 244
2.450000 0.550000 0.050000 10 40 244
2.550000 0.550000 0.050000 10 40 244
2.650000 0.450000 0.050000 10 40 244
2.750000 0.450000 0.050000 10 40 244
2.650000 0.550000 0.050000 10 40 244
2.750000 0.550000 0.050000 10 40 244
2.450000 0.650000 0.050000 10 40 244
2.550000 0.650000 0.050000 10 40 244
2.450000 0.750000 0.050000 10 40 244
2.550000 0.750000 0.050000 10 40 244
2.650000 0.650000 0.050000 10 40 244
2.750000 0.650000 0.050000 10 40 244
2.650000 0.750000 0.050000 10 40 244
2.750000 0.750000 0.050000 10 40 244
2.850000 0.450000 0.050000 10 40 244
2.950000 0.450000 0.050000 10 40 244
2.850000 0.550000 0.050000 10 40 244
2.950000 0.550000 0.050000 10 40 244
3.050000 0.450000 0.050000 10 40 244
3.150000 0.450000 0.050000 10 40 244
3.050000 0.550000 0.050000 10 40 244
3.150000 0.550000 0.050000 10 40 244
2.850000 0.650000 0.050000 10 40 244
2.950000 0.650000 0.050000 10 40 244
2.850000 0.750000 0.050000 10 40 244
2.950000 0.750000 0.050000 10 40 244
3.050000 0.650000 0.050000 10 40 244
3.150000 0.650000 0.050000 10 40 244
3.050000 0.750000 0.050000 10 40 244
3.150000 0.750000 0.050000 10 40 244
1.650000 0.850000 0.050000 10 40 244
1.750000 0.850000 0.050000 10 40 244
1.650000 0.950000 0.050000 10 40 244
1.750000 0.950000 0.050000 10 40 244
1.850000 0.850000 0.050000 10 40 244
1.950000 0.850000 0.050000 10 40 244
1.850000 0.950000 0.050000 10 40 244
1.950000 0.950000 0.050000 10 40 244
1.650000 1.050000 0.050000 10 40 244
1.750000 1.050000 0.050000 10 40 244
1.650000 1.150000 0.050000 10 40 244
1.750000 1.150000 0.050000 10 40 244
1.850000 1.050000 0.050000 10 40 244
1.950000 1.050000 0.050000 10 40 244
1.850000 1.150000 0.050000 10 40 244
1.950000 1.150000 0.050000 10 40 244
2.050000 0.850000 0.050000 10 40 244
2.150000 0.850000 0.050000 10 40 244
2.050000 0.950000 0.050000 10 40 244
2.150000 0.950000 0.050000 10 40 244
2.250000 0.850000 0.050000 10 40 244
2.350000 0.850000 0.050000 10 40 244
2.250000 0.950000 0.050000 10 40 244
2.350000 0.950000 0.050000 10 40 244
2.050000 1.050000 0.050000 10 40 244
2.150000 1.050000 0.050000 10 40 244
2.050000 1.150000 0.050000 10 40 244
2.150000 1.150000 0.050000 10 40 244
2.250000 1.050000 0.050000 10 40 244
2.350000 1.050000 0.050000 10 40 244
2.250000 1.150000 0.050000 10 40 244
2.350000 1.150000 0.050000 10 40 244
1.650000 1.250000 0.050000 10 40 244
1.750000 1.250000 0.050000 10 40 244
1.650000 1.350000 0.050000 10 40 244
1.750000 1.350000 0.050000 10 40 244
1.850000 1.250000 0.050000 10 40 244
1.950000 1.250000 0.050000 10 40 244
1.850000 1.350000 0.050000 10 40 244
1.950000 1.350000 0.050000 10 40 244
1.650000 1.450000 0.050000 10 40 244
1.750000 1.450000 0.050000 10 40 244
1.650000 1.550000 0.050000 10 40 244
1.750000 1.550000 0.050000 10 40 244
1.850000 1.450000 0.050000 10 40 244
1.950000 1.450000 0.050000 10 40 244
1.850000 1.550000 0.050000 10 40 244
1.950000 1.550000 0.050000 10 40 244
2.050000 1.250000 0.050000 10 40 244
2.150000 1.250000 0.050000 10 40 244
2.050000 1.350000 0.050000 10 40 244
2.150000 1.350000 0.050000 10 40 244
2.250000 1.250000 0.050000 10 40 244
2.350000 1.250000 0.050000 10 40 244
2.250000 1.350000 0.050000 10 40 244
2.350000 1.350000 0.050000 10 40 244
2.050000 1.450000 0.050000 10 40 244
2.150000 1.450000 0.050000 10 40 244
2.050000 1.550000 0.050000 10 40 244
2.150000 1.550000 0.050000 10 40 244
2.250000 1.450000 0.050000 10 40 244
2.350000 1.450000 0.050000 10 40 244
2.250000 1.550000 0.050000 10 40 244
2.350000 1.550000 0.050000 10 40 244
2.450000 0.850000 0.050000 10 40 244
2.550000 0.850000 0.050000 10 40 244
2.450000 0.950000 0.050000 10 40 244
2.550000 0.950000 0.050000 10 40 244
2.650000 0.850000 0.050000 10 40 244
2.750000 0.850000 0.050000 10 40 244
2.650000 0.950000 0.050000 10 40 244
2.750000 0.950000 0.050000 10 40 244
2.450000 1.050000 0.050000 10 40 244
2.550000 1.050000 0.050000 10 40 244
2.450000 1.150000 0.050000 10 40 244
2.550000 1.150000 0.050000 10 40 244
2.650000 1.050000 0.050000 10 40 244
2.750000 1.050000 0.050000 10 40 244
2.650000 1.150000 0.050000 10 40 244
2.750000 1.150000 0.050000 10 40 244
2.850000 0.850000 0.050000 10 40 244
2.950000 0.850000 0.050000 10 40 244
2.850000 0.950000 0.050000 10 40 244
2.950000 0.950000 0.050000 10 40 244
3.050000 0.850000 0.050000 10 40 244
3.150000 0.850000 0.050000 10 40 244
3.050000 0.950000 0.050000 10 40 244
3.150000 0.950000 0.050000 10 40 244
2.850000 1.050000 0.050000 10 40 244
2.950000 1.050000 0.050000 10 40 244
2.850000 1.150000 0.050000 10 40 244
2.950000 1.150000 0.050000 10 40 244
3.050000 1.050000 0.050000 10 40 244
3.150000 1.050000 0.050000 10 40 244
3.050000 1.150000 0.050000 10 40 244
3.150000 1.150000 0.050000 10 40 244
2.450000 1.250000 0.050000 10 40 244
2.550000 1.250000 0.050000 10 40 244
2.450000 1.350000 0.050000 10 40 244
2.550000 1.350000 0.050000 10 40 244
2.650000 1.250000 0.050000 10 40 244
2.750000 1.250000 0.050000 10 40 244
2.650000 1.350000 0.050000 10 40 244
2.750000 1.350000 0.050000 10 40 244
2.450000 1.450000 0.050000 10 40 244
2.550000 1.450000 0.050000 10 40 244
2.450000 1.550000 0.050000 10 40 244
2.550000 1.550000 0.050000 10 40 244
2.650000 1.450000 0.050000 10 40 244
2.750000 1.450000 0.050000 10 40 244
2.650000 1.550000 0.050000 10 40 244
2.750000 1.550000 0.050000 10 40 244
2.850000 1.250000 0.050000 10 40 244
2.950000 1.250000 0.050000 10 40 244
2.850000 1.350000 0.050000 10 40 244
2.950000 1.350000 0.050000 10 40 244
3.050000 1.250000 0.050000 10 40 244
3.150000 1.250000 0.050000 10 40 244
3.050000 1.350000 0.050000 10 40 244
3.150000 1.350000 0.050000 10 40 244
2.850000 1.450000 0.050000 10 40 244
2.950000 1.450000 0.050000 10 40 244
2.850000 1.550000 0.050000 10 40 244
2.950000 1.550000 0.050000 10 40 244
3.050000 1.450000 0.050000 10 40 244
3.150000 1.450000 0.050000 10 40 244
3.050000 1.550000 0.050000 10 40 244
3.150000 1.550000 0.050000 10 40 244
0.050000 1.650000 0.050000 10 40 244
0.150000 1.650000 0.050000 10 40 244
0.050000 1.750000 0.050000 10 40 244
0.150000 1.750000 0.050000 10 40 244
0.050000 1.650000 0.150000 20 40 234
0.050000 1.750000 0.150000 20 40 234
0.250000 1.650000 0.050000 10 40 244
0.350000 1.650000 0.050000 10 40 244
0.250000 1.750000 0.050000 10 40 244
0.350000 1.750000 0.050000 10 40 244
0.050000 1.850000 0.050000 10 40 244
0.150000 1.850000 0.050000 10 40 244
0.050000 1.950000 0.050000 10 40 244
0.150000 1.950000 0.050000 10 40 244
0.050000 1.850000 0.150000 20 40 234
0.050000 1.950000 0.150000 20 40 234
0.250000 1.850000 0.050000 10 40 244
0.350000 1.850000 0.050000 10 40 244
0.250000 1.950000 0.050000 10 40 244
0.350000 1.950000 0.050000 10 40 244
0.050000 1.650000 0.250000 30 40 224
0.050000 1.750000 0.250000 30 40 224
0.050000 1.650000 0.350000 40 40 214
0.050000 1.750000 0.350000 40 40 214
0.050000 1.850000 0.250000 30 40 224
0.050000 1.950000 0.250000 30 40 224
0.050000 1.850000 0.350000 40 40 214
0.050000 1.950000 0.350000 40 40 214
0.450000 1.650000 0.050000 10 40 244
0.550000 1.650000 0.050000 10 40 244
0.450000 1.750000 0.050000 10 40 244
0.550000 1.750000 0.050000 10 40 244
0.650000 1.650000 0.050000 10 40 244
0.750000 1.650000 0.050000 10 40 244
0.650000 1.750000 0.050000 10 40 244
0.750000 1.750000 0.050000 10 40 244
0.450000 1.850000 0.050000 10 40 244
0.550000 1.850000 0.050000 10 40 244
0.450000 1.950000 0.050000 10 40 244
0.550000 1.950000 0.050000 10 40 244
0.650000 1.850000 0.050000 10 40 244
0.750000 1.850000 0.050000 10 40 244
0.650000 1.950000 0.050000 10 40 244
0.750000 1.950000 0.050000 10 40 244
0.050000 2.050000 0.050000 10 40 244
0.150000 2.050000 0.050000 10 40 244
0.050000 2.150000 0.050000 10 40 244
0.150000 2.150000 0.050000 10 40 244
0.050000 2.050000 0.150000 20 40 234
0.050000 2.150000 0.150000 20 40 234
0.250000 2.050000 0.050000 10 40 244
0.350000 2.050000 0.050000 10 40 244
0.250000 2.150000 0.050000 10 40 244
0.350000 2.150000 0.050000 10 40 244
0.050000 2.250000 0.050000 10 40 244
0.150000 2.250000 0.050000 10 40 244
0.050000 2.350000 0.050000 10 40 244
0.150000 2.350000 0.050000 10 40 244
0.050000 2.250000 0.150000 20 40 234
0.050000 2.350000 0.150000 20 40 234
0.250000 2.250000 0.050000 10 40 244
0.350000 2.250000 0.050000 10 40 244
0.250000 2.350000 0.050000 10 40 244
0.350000 2.350000 0.050000 10 40 244
0.050000 2.050000 0.250000 30 40 224
0.050000 2.150000 0.250000 30 40 224
0.050000 2.050000 0.350000 40 40 214
0.050000 2.150000 0.350000 40 40 214
0.050000 2.250000 0.250000 30 40 224
0.050000 2.350000 0.250000 30 40 224
0.050000 2.250000 0.350000 40 40 214
0.050000 2.350000 0.350000 40 40 214
0.450000 2.050000 0.050000 10 40 244
0.550000 2.050000 0.050000 10 40 244
0.450000 2.150000 0.050000 10 40 244
0.550000 2.150000 0.050000 10 40 244
0.650000 2.050000 0.050000 10 40 244
0.750000 2.050000 0.050000 10 40 244
0.650000 2.150000 0.050000 10 40 244
0.750000 2.150000 0.050000 10 40 244
0.450000 2.250000 0.050000 10 40 244
0.550000 2.250000 0.050000 10 40 244
0.450000 2.350000 0.050000 10 40 244
0.550000 2.350000 0.050000 10 40 244
0.650000 2.250000 0.050000 10 40 244
0.750000 2.250000 0.050000 10 40 244
0.650000 2.350000 0.050000 10 40 244
0.750000 2.350000 0.050000 10 40 244
0.050000 1.650000 0.450000 50 40 204
0.050000 1.750000 0.450000 50 40 204
0.050000 1.650000 0.550000 61 40 193
0.050000 1.750000 0.550000 61 40 193
0.050000 1.850000 0.450000 50 40 204
0.050000 1.950000 0.450000 50 40 204
0.050000 1.850000 0.550000 61 40 193
0.050000 1.950000 0.550000 61 40 193
0.050000 1.650000 0.650000 71 40 183
0.050000 1.750000 0.650000 71 40 183
0.050000 1.650000 0.750000 81 40 173
0.050000 1.750000 0.750000 81 40 173
0.050000 1.850000 0.650000 71 40 183
0.050000 1.950000 0.650000 71 40 183
0.050000 1.850000 0.750000 81 40 173
0.050000 1.950000 0.750000 81 40 173
0.050000 2.050000 0.450000 50 40 204
0.050000 2.150000 0.450000 50 40 204
0.050000 2.050000 0.550000 61 40 193
0.050000 2.150000 0.550000 61 40 193
0.050000 2.250000 0.450000 50 40 204
0.050000 2.350000 0.450000 50 40 204
0.050000 2.250000 0.550000 61 40 193
0.050000 2.350000 0.550000 61 40 193
0.050000 2.050000 0.650000 71 40 183
0.050000 2.150000 0.650000 71 40 183
0.050000 2.050000 0.750000 81 40 173
0.050000 2.150000 0.750000 81 40 173
0.050000 2.250000 0.650000 71 40 183
0.050000 2.250000 0.750000 81 40 173
0.850000 1.650000 0.050000 10 40 244
0.950000 1.650000 0.050000 10 40 244
0.850000 1.750000 0.050000 10 40 244
0.950000 1.750000 0.050000 10 40 244
1.050000 1.650000 0.050000 10 40 244
1.150000 1.650000 0.050000 10 40 244
1.050000 1.750000 0.050000 10 40 244
1.150000 1.750000 0.050000 10 40 244
0.850000 1.850000 0.050000 10 40 244
0.950000 1.850000 0.050000 10 40 244
0.850000 1.950000 0.050000 10 40 244
0.950000 1.950000 0.050000 10 40 244
1.050000 1.850000 0.050000 10 40 244
1.150000 1.850000 0.050000 10 40 244
1.050000 1.950000 0.050000 10 40 244
1.150000 1.950000 0.050000 10 40 244
1.250000 1.650000 0.050000 10 40 244
1.350000 1.650000 0.050000 10 40 244
1.250000 1.750000 0.050000 10 40 244
1.350000 1.750000 0.050000 10 40 244
1.450000 1.650000 0.050000 10 40 244
1.550000 1.650000 0.050000 10 40 244
1.450000 1.750000 0.050000 10 40 244
1.550000 1.750000 0.050000 10 40 244
1.250000 1.850000 0.050000 10 40 244
1.350000 1.850000 0.050000 10 40 244
1.250000 1.950000 0.050000 10 40 244
1.350000 1.950000 0.050000 10 40 244
1.450000 1.850000 0.050000 10 40 244
1.550000 1.850000 0.050000 10 40 244
1.450000 1.950000 0.050000 10 40 244
1.550000 1.950000 0.050000 10 40 244
0.850000 2.050000 0.050000 10 40 244
0.950000 2.050000 0.050000 10 40 244
0.850000 2.150000 0.050000 10 40 244
0.950000 2.150000 0.050000 10 40 244
1.050000 2.050000 0.050000 10 40 244
1.150000 2.050000 0.050000 10 40 244
1.050000 2.150000 0.050000 10 40 244
1.150000 2.150000 0.050000 10 40 244
0.850000 2.250000 0.050000 10 40 244
0.950000 2.250000 0.050000 10 40 244
0.850000 2.350000 0.050000 10 40 244
0.950000 2.350000 0.050000 10 40 244
1.050000 2.250000 0.050000 10 40 244
1.150000 2.250000 0.050000 10 40 244
1.050000 2.350000 0.050000 10 40 244
1.150000 2.350000 0.050000 10 40 244
1.250000 2.050000 0.050000 10 40 244
1.350000 2.050000 0.050000 10 40 244
1.250000 2.150000 0.050000 10 40 244
1.350000 2.150000 0.050000 10 40 244
1.450000 2.050000 0.050000 10 40 244
1.550000 2.050000 0.050000 10 40 244
1.450000 2.150000 0.050000 10 40 244
1.550000 2.150000 0.050000 10 40 244
1.250000 2.250000 0.050000 10 40 244
1.350000 2.250000 0.050000 10 40 244
1.250000 2.350000 0.050000 10 40 244
1.350000 2.350000 0.050000 10 40 244
1.450000 2.250000 0.050000 10 40 244
1.550000 2.250000 0.050000 10 40 244
1.450000 2.350000 0.050000 10 40 244
1.550000 2.350000 0.050000 10 40 244
0.050000 2.450000 0.050000 10 40 244
0.150000 2.450000 0.050000 10 40 244
0.050000 2.550000 0.050000 10 40 244
0.150000 2.550000 0.050000 10 40 244
0.050000 2.450000 0.150000 20 40 234
0.050000 2.550000 0.150000 20 40 234
0.250000 2.450000 0.050000 10 40 244
0.350000 2.450000 0.050000 10 40 244
0.250000 2.550000 0.050000 10 40 244
0.350000 2.550000 0.050000 10 40 244
0.050000 2.650000 0.050000 10 40 244
0.150000 2.650000 0.050000 10 40 244
0.250000 2.650000 0.050000 10 40 244
0.350000 2.650000 0.050000 10 40 244
0.250000 2.750000 0.050000 10 40 244
0.350000 2.750000 0.050000 10 40 244
0.050000 2.450000 0.250000 30 40 224
0.050000 2.550000 0.250000 30 40 224
0.050000 2.450000 0.350000 40 40 214
0.450000 2.450000 0.050000 10 40 244
0.550000 2.450000 0.050000 10 40 244
0.450000 2.550000 0.050000 10 40 244
0.550000 2.550000 0.050000 10 40 244
0.650000 2.450000 0.050000 10 40 244
0.750000 2.450000 0.050000 10 40 244
0.650000 2.550000 0.050000 10 40 244
0.750000 2.550000 0.050000 10 40 244
0.450000 2.650000 0.050000 10 40 244
0.550000 2.650000 0.050000 10 40 244
0.450000 2.750000 0.050000 10 40 244
0.550000 2.750000 0.050000 10 40 244
0.650000 2.650000 0.050000 10 40 244
0.750000 2.650000 0.050000 10 40 244
0.650000 2.750000 0.050000 10 40 244
0.750000 2.750000 0.050000 10 40 244
0.350000 2.850000 0.050000 10 40 244
0.350000 2.950000 0.050000 10 40 244
0.450000 2.850000 0.050000 10 40 244
0.550000 2.850000 0.050000 10 40 244
0.450000 2.950000 0.050000 10 40 244
0.550000 2.950000 0.050000 10 40 244
0.650000 2.850000 0.050000 10 40 244
0.750000 2.850000 0.050000 10 40 244
0.650000 2.950000 0.050000 10 40 244
0.750000 2.950000 0.050000 10 40 244
0.550000 3.050000 0.050000 10 40 244
0.550000 3.150000 0.050000 10 40 244
0.650000 3.050000 0.050000 10 40 244
0.750000 3.050000 0.050000 10 40 244
0.650000 3.150000 0.050000 10 40 244
0.750000 3.150000 0.050000 10 40 244
0.050000 2.450000 0.450000 50 40 204
0.850000 2.450000 0.050000 10 40 244
0.950000 2.450000 0.050000 10 40 244
0.850000 2.550000 0.050000 10 40 244
0.950000 2.550000 0.050000 10 40 244
1.050000 2.450000 0.050000 10 40 244
1.150000 2.450000 0.050000 10 40 244
1.050000 2.550000 0.050000 10 40 244
1.150000 2.550000 0.050000 10 40 244
0.850000 2.650000 0.050000 10 40 244
0.950000 2.650000 0.050000 10 40 244
0.850000 2.750000 0.050000 10 40 244
0.950000 2.750000 0.050000 10 40 244
1.050000 2.650000 0.050000 10 40 244
1.150000 2.650000 0.050000 10 40 244
1.050000 2.750000 0.050000 10 40 244
1.150000 2.750000 0.050000 10 40 244
1.250000 2.450000 0.050000 10 40 244
1.350000 2.450000 0.050000 10 40 244
1.250000 2.550000 0.050000 10 40 244
1.350000 2.550000 0.050000 10 40 244
1.450000 2.450000 0.050000 10 40 244
1.550000 2.450000 0.050000 10 40 244
1.450000 2.550000 0.050000 10 40 244
1.550000 2.550000 0.050000 10 40 244
1.250000 2.650000 0.050000 10 40 244
1.350000 2.650000 0.050000 10 40 244
1.250000 2.750000 0.050000 10 40 244
1.350000 2.750000 0.050000 10 40 244
1.450000 2.650000 0.050000 10 40 244
1.550000 2.650000 0.050000 10 40 244
1.450000 2.750000 0.050000 10 40 244
1.550000 2.750000 0.050000 10 40 244
0.850000 2.850000 0.050000 10 40 244
0.950000 2.850000 0.050000 10 40 244
0.850000 2.950000 0.050000 10 40 244
0.950000 2.950000 0.050000 10 40 244
1.050000 2.850000 0.050000 10 40 244
1.150000 2.850000 0.050000 10 40 244
1.050000 2.950000 0.050000 10 40 244
1.150000 2.950000 0.050000 10 40 244
0.850000 3.050000 0.050000 10 40 244
0.950000 3.050000 0.050000 10 40 244
0.850000 3.150000 0.050000 10 40 244
0.950000 3.150000 0.050000 10 40 244
1.050000 3.050000 0.050000 10 40 244
1.150000 3.050000 0.050000 10 40 244
1.050000 3.150000 0.050000 10 40 244
1.150000 3.150000 0.050000 10 40 244
1.250000 2.850000 0.050000 10 40 244
1.350000 2.850000 0.050000 10 40 244
1.250000 2.950000 0.050000 10 40 244
1.350000 2.950000 0.050000 10 40 244
1.450000 2.850000 0.050000 10 40 244
1.550000 2.850000 0.050000 10 40 244
1.450000 2.950000 0.050000 10 40 244
1.550000 2.950000 0.050000 10 40 244
1.250000 3.050000 0.050000 10 40 244
1.350000 3.050000 0.050000 10 40 244
1.250000 3.150000 0.050000 10 40 244
1.350000 3.150000 0.050000 10 40 244
1.450000 3.050000 0.050000 10 40 244
1.550000 3.050000 0.050000 10 40 244
1.450000 3.150000 0.050000 10 40 244
1.550000 3.150000 0.050000 10 40 244
0.050000 1.650000 0.850000 91 40 163
0.050000 1.750000 0.850000 91 40 163
0.050000 1.650000 0.950000 101 40 153
0.050000 1.750000 0.950000 101 40 153
0.050000 1.850000 0.850000 91 40 163
0.050000 1.950000 0.850000 91 40 163
0.050000 1.850000 0.950000 101 40 153
0.050000 1.950000 0.950000 101 40 153
0.050000 1.650000 1.050000 112 40 142
0.050000 1.750000 1.050000 112 40 142
0.050000 1.650000 1.150000 122 40 132
0.050000 1.750000 1.150000 122 40 132
0.050000 1.850000 1.050000 112 40 142
0.050000 1.950000 1.050000 112 40 142
0.050000 1.850000 1.150000 122 40 132
0.050000 1.950000 1.150000 122 40 132
0.050000 2.050000 0.850000 91 40 163
0.050000 2.150000 0.850000 91 40 163
0.050000 2.050000 0.950000 101 40 153
0.050000 2.150000 0.950000 101 40 153
0.050000 2.050000 1.050000 112 40 142
0.050000 2.050000 1.150000 122 40 132
0.050000 1.650000 1.250000 132 40 122
0.050000 1.750000 1.250000 132 40 122
0.050000 1.650000 1.350000 142 40 112
0.050000 1.750000 1.350000 142 40 112
0.050000 1.850000 1.250000 132 40 122
0.050000 1.950000 1.250000 132 40 122
0.050000 1.850000 1.350000 142 40 112
0.050000 1.650000 1.450000 153 40 101
0.050000 1.750000 1.450000 153 40 101
0.050000 1.650000 1.550000 163 40 91
0.050000 1.750000 1.550000 163 40 91
0.050000 1.850000 1.450000 153 40 101
1.650000 1.650000 0.050000 10 40 244
1.750000 1.650000 0.050000 10 40 244
1.650000 1.750000 0.050000 10 40 244
1.750000 1.750000 0.050000 10 40 244
1.850000 1.650000 0.050000 10 40 244
1.950000 1.650000 0.050000 10 40 244
1.850000 1.750000 0.050000 10 40 244
1.950000 1.750000 0.050000 10 40 244
1.650000 1.850000 0.050000 10 40 244
1.750000 1.850000 0.050000 10 40 244
1.650000 1.950000 0.050000 10 40 244
1.750000 1.950000 0.050000 10 40 244
1.850000 1.850000 0.050000 10 40 244
1.950000 1.850000 0.050000 10 40 244
1.850000 1.950000 0.050000 10 40 244
1.950000 1.950000 0.050000 10 40 244
2.050000 1.650000 0.050000 10 40 244
2.150000 1.650000 0.050000 10 40 244
2.050000 1.750000 0.050000 10 40 244
2.150000 1.750000 0.050000 10 40 244
2.250000 1.650000 0.050000 10 40 244
2.350000 1.650000 0.050000 10 40 244
2.250000 1.750000 0.050000 10 40 244
2.350000 1.750000 0.050000 10 40 244
2.050000 1.850000 0.050000 10 40 244
2.150000 1.850000 0.050000 10 40 244
2.050000 1.950000 0.050000 10 40 244
2.150000 1.950000 0.050000 10 40 244
2.250000 1.850000 0.050000 10 40 244
2.350000 1.850000 0.050000 10 40 244
2.250000 1.950000 0.050000 10 40 244
2.350000 1.950000 0.050000 10 40 244
1.650000 2.050000 0.050000 10 40 244
1.750000 2.050000 0.050000 10 40 244
1.650000 2.150000 0.050000 10 40 244
1.750000 2.150000 0.050000 10 40 244
1.850000 2.050000 0.050000 10 40 244
1.950000 2.050000 0.050000 10 40 244
1.850000 2.150000 0.050000 10 40 244
1.950000 2.150000 0.050000 10 40 244
1.650000 2.250000 0.050000 10 40 244
1.750000 2.250000 0.050000 10 40 244
1.650000 2.350000 0.050000 10 40 244
1.750000 2.350000 0.050000 10 40 244
1.850000 2.250000 0.050000 10 40 244
1.950000 2.250000 0.050000 10 40 244
1.850000 2.350000 0.050000 10 40 244
1.950000 2.350000 0.050000 10 40 244
2.050000 2.050000 0.050000 10 40 244
2.150000 2.050000 0.050000 10 40 244
2.050000 2.150000 0.050000 10 40 244
2.150000 2.150000 0.050000 10 40 244
2.250000 2.050000 0.050000 10 40 244
2.350000 2.050000 0.050000 10 40 244
2.250000 2.150000 0.050000 10 40 244
2.350000 2.150000 0.050000 10 40 244
2.050000 2.250000 0.050000 10 40 244
2.150000 2.250000 0.050000 10 40 244
2.050000 2.350000 0.050000 10 40 244
2.150000 2.350000 0.050000 10 40 244
2.250000 2.250000 0.050000 10 40 244
2.350000 2.250000 0.050000 10 40 244
2.250000 2.350000 0.050000 10 40 244
2.350000 2.350000 0.050000 10 40 244
2.450000 1.650000 0.050000 10 40 244
2.550000 1.650000 0.050000 10 40 244
2.450000 1.750000 0.050000 10 40 244
2.550000 1.750000 0.050000 10 40 244
2.650000 1.650000 0.050000 10 40 244
2.750000 1.650000 0.050000 10 40 244
2.650000 1.750000 0.050000 10 40 244
2.750000 1.750000 0.050000 10 40 244
2.450000 1.850000 0.050000 10 40 244
2.550000 1.850000 0.050000 10 40 244
2.450000 1.950000 0.050000 10 40 244
2.550000 1.950000 0.050000 10 40 244
2.650000 1.850000 0.050000 10 40 244
2.750000 1.850000 0.050000 10 40 244
2.650000 1.950000 0.050000 10 40 244
2.750000 1.950000 0.050000 10 40 244
2.850000 1.650000 0.050000 10 40 244
2.950000 1.650000 0.050000 10 40 244
2.850000 1.750000 0.050000 10 40 244
2.950000 1.750000 0.050000 10 40 244
3.050000 1.650000 0.050000 10 40 244
3.150000 1.650000 0.050000 10 40 244
3.050000 1.750000 0.050000 10 40 244
3.150000 1.750000 0.050000 10 40 244
2.850000 1.850000 0.050000 10 40 244
2.950000 1.850000 0.050000 10 40 244
2.850000 1.950000 0.050000 10 40 244
2.950000 1.950000 0.050000 10 40 244
3.050000 1.850000 0.050000 10 40 244
3.150000 1.850000 0.050000 10 40 244
3.050000 1.950000 0.050000 10 40 244
3.150000 1.950000 0.050000 10 40 244
2.450000 2.050000 0.050000 10 40 244
2.550000 2.050000 0.050000 10 40 244
2.450000 2.150000 0.050000 10 40 244
2.550000 2.150000 0.050000 10 40 244
2.650000 2.050000 0.050000 10 40 244
2.750000 2.050000 0.050000 10 40 244
2.650000 2.150000 0.050000 10 40 244
2.750000 2.150000 0.050000 10 40 244
2.450000 2.250000 0.050000 10 40 244
2.550000 2.250000 0.050000 10 40 244
2.450000 2.350000 0.050000 10 40 244
2.550000 2.350000 0.050000 10 40 244
2.650000 2.250000 0.050000 10 40 244
2.750000 2.250000 0.050000 10 40 244
2.650000 2.350000 0.050000 10 40 244
2.750000 2.350000 0.050000 10 40 244
2.850000 2.050000 0.050000 10 40 244
2.950000 2.050000 0.050000 10 40 244
2.850000 2.150000 0.050000 10 40 244
2.950000 2.150000 0.050000 10 40 244
3.050000 2.050000 0.050000 10 40 244
3.150000 2.050000 0.050000 10 40 244
3.050000 2.150000 0.050000 10 40 244
3.150000 2.150000 0.050000 10 40 244
2.850000 2.250000 0.050000 10 40 244
2.950000 2.250000 0.050000 10 40 244
2.850000 2.350000 0.050000 10 40 244
2.950000 2.350000 0.050000 10 40 244
3.050000 2.250000 0.050000 10 40 244
3.150000 2.250000 0.050000 10 40 244
3.050000 2.350000 0.050000 10 40 244
3.150000 2.350000 0.050000 10 40 244
1.650000 2.450000 0.050000 10 40 244
1.750000 2.450000 0.050000 10 40 244
1.650000 2.550000 0.050000 10 40 244
1.750000 2.550000 0.050000 10 40 244
1.850000 2.450000 0.050000 10 40 244
1.950000 2.450000 0.050000 10 40 244
1.850000 2.550000 0.050000 10 40 244
1.950000 2.550000 0.050000 10 40 244
1.650000 2.650000 0.050000 10 40 244
1.750000 2.650000 0.050000 10 40 244
1.650000 2.750000 0.050000 10 40 244
1.750000 2.750000 0.050000 10 40 244
1.850000 2.650000 0.050000 10 40 244
1.950000 2.650000 0.050000 10 40 244
1.850000 2.750000 0.050000 10 40 244
1.950000 2.750000 0.050000 10 40 244
2.050000 2.450000 0.050000 10 40 244
2.150000 2.450000 0.050000 10 40 244
2.050000 2.550000 0.050000 10 40 244
2.150000 2.550000 0.050000 10 40 244
2.250000 2.450000 0.050000 10 40 244
2.350000 2.450000 0.050000 10 40 244
2.250000 2.550000 0.050000 10 40 244
2.350000 2.550000 0.050000 10 40 244
2.050000 2.650000 0.050000 10 40 244
2.150000 2.650000 0.050000 10 40 244
2.050000 2.750000 0.050000 10 40 244
2.150000 2.750000 0.050000 10 40 244
2.250000 2.650000 0.050000 10 40 244
2.350000 2.650000 0.050000 10 40 244
2.250000 2.750000 0.050000 10 40 244
2.350000 2.750000 0.050000 10 40 244
1.650000 2.850000 0.050000 10 40 244
1.750000 2.850000 0.050000 10 40 244
1.650000 2.950000 0.050000 10 40 244
1.750000 2.950000 0.050000 10 40 244
1.850000 2.850000 0.050000 10 40 244
1.950000 2.850000 0.050000 10 40 244
1.850000 2.950000 0.050000 10 40 244
1.950000 2.950000 0.050000 10 40 244
1.650000 3.050000 0.050000 10 40 244
1.750000 3.050000 0.050000 10 40 244
1.650000 3.150000 0.050000 10 40 244
1.750000 3.150000 0.050000 10 40 244
1.850000 3.050000 0.050000 10 40 244
1.950000 3.050000 0.050000 10 40 244
1.850000 3.150000 0.050000 10 40 244
1.950000 3.150000 0.050000 10 40 244
2.050000 2.850000 0.050000 10 40 244
2.150000 2.850000 0.050000 10 40 244
2.050000 2.950000 0.050000 10 40 244
2.150000 2.950000 0.050000 10 40 244
2.250000 2.850000 0.050000 10 40 244
2.350000 2.850000 0.050000 10 40 244
2.250000 2.950000 0.050000 10 40 244
2.350000 2.950000 0.050000 10 40 244
2.050000 3.050000 0.050000 10 40 244
2.150000 3.050000 0.050000 10 40 244
2.050000 3.150000 0.050000 10 40 244
2.150000 3.150000 0.050000 10 40 244
2.250000 3.050000 0.050000 10 40 244
2.350000 3.050000 0.050000 10 40 244
2.250000 3.150000 0.050000 10 40 244
2.350000 3.150000 0.050000 10 40 244
2.450000 2.450000 0.050000 10 40 244
2.550000 2.450000 0.050000 10 40 244
2.450000 2.550000 0.050000 10 40 244
2.550000 2.550000 0.050000 10 40 244
2.650000 2.450000 0.050000 10 40 244
2.750000 2.450000 0.050000 10 40 244
2.650000 2.550000 0.050000 10 40 244
2.750000 2.550000 0.050000 10 40 244
2.450000 2.650000 0.050000 10 40 244
2.550000 2.650000 0.050000 10 40 244
2.450000 2.750000 0.050000 10 40 244
2.550000 2.750000 0.050000 10 40 244
2.650000 2.650000 0.050000 10 40 244
2.750000 2.650000 0.050000 10 40 244
2.650000 2.750000 0.050000 10 40 244
2.750000 2.750000 0.050000 10 40 244
2.850000 2.450000 0.050000 10 40 244
2.950000 2.450000 0.050000 10 40 244
2.850000 2.550000 0.050000 10 40 244
2.950000 2.550000 0.050000 10 40 244
3.050000 2.450000 0.050000 10 40 244
3.150000 2.450000 0.050000 10 40 244
3.050000 2.550000 0.050000 10 40 244
3.150000 2.550000 0.050000 10 40 244
2.850000 2.650000 0.050000 10 40 244
2.950000 2.650000 0.050000 10 40 244
2.850000 2.750000 0.050000 10 40 244
2.950000 2.750000 0.050000 10 40 244
3.050000 2.650000 0.050000 10 40 244
3.150000 2.650000 0.050000 10 40 244
3.050000 2.750000 0.050000 10 40 244
3.150000 2.750000 0.050000 10 40 244
2.450000 2.850000 0.050000 10 40 244
2.550000 2.850000 0.050000 10 40 244
2.450000 2.950000 0.050000 10 40 244
2.550000 2.950000 0.050000 10 40 244
2.650000 2.850000 0.050000 10 40 244
2.750000 2.850000 0.050000 10 40 244
2.650000 2.950000 0.050000 10 40 244
2.750000 2.950000 0.050000 10 40 244
2.450000 3.050000 0.050000 10 40 244
2.550000 3.050000 0.050000 10 40 244
2.450000 3.150000 0.050000 10 40 244
2.550000 3.150000 0.050000 10 40 244
2.650000 3.050000 0.050000 10 40 244
2.750000 3.050000 0.050000 10 40 244
2.650000 3.150000 0.050000 10 40 244
2.750000 3.150000 0.050000 10 40 244
2.850000 2.850000 0.050000 10 40 244
2.950000 2.850000 0.050000 10 40 244
2.850000 2.950000 0.050000 10 40 244
2.950000 2.950000 0.050000 10 40 244
3.050000 2.850000 0.050000 10 40 244
3.150000 2.850000 0.050000 10 40 244
3.050000 2.950000 0.050000 10 40 244
3.150000 2.950000 0.050000 10 40 244
2.850000 3.050000 0.050000 10 40 244
2.950000 3.050000 0.050000 10 40 244
2.850000 3.150000 0.050000 10 40 244
2.950000 3.150000 0.050000 10 40 244
3.050000 3.050000 0.050000 10 40 244
3.150000 3.050000 0.050000 10 40 244
3.050000 3.150000 0.050000 10 40 244
3.150000 3.150000 0.050000 10 40 244
0.050000 0.650000 1.650000 173 40 81
0.050000 0.750000 1.650000 173 40 81
0.050000 0.650000 1.750000 183 40 71
0.050000 0.750000 1.750000 183 40 71
0.050000 0.750000 1.850000 193 40 61
0.050000 0.850000 1.650000 173 40 81
0.050000 0.950000 1.650000 173 40 81
0.050000 0.850000 1.750000 183 40 71
0.050000 0.950000 1.750000 183 40 71
0.050000 1.050000 1.650000 173 40 81
0.050000 1.150000 1.650000 173 40 81
0.050000 1.050000 1.750000 183 40 71
0.050000 1.150000 1.750000 183 40 71
0.050000 0.850000 1.850000 193 40 61
0.050000 0.950000 1.850000 193 40 61
0.050000 1.050000 1.850000 193 40 61
0.050000 1.150000 1.850000 193 40 61
0.050000 1.250000 1.650000 173 40 81
0.050000 1.350000 1.650000 173 40 81
0.050000 1.250000 1.750000 183 40 71
0.050000 1.350000 1.750000 183 40 71
0.050000 1.450000 1.650000 173 40 81
0.050000 1.550000 1.650000 173 40 81
0.050000 1.450000 1.750000 183 40 71
0.050000 1.550000 1.750000 183 40 71
0.050000 1.250000 1.850000 193 40 61
0.050000 1.350000 1.850000 193 40 61
0.050000 1.450000 1.850000 193 40 61
0.050000 1.550000 1.850000 193 40 61
0.050000 1.450000 1.950000 204 40 50
0.050000 1.550000 1.950000 204 40 50
0.050000 1.650000 1.650000 173 40 81
0.050000 1.750000 1.650000 173 40 81
0.050000 1.650000 1.750000 183 40 71
0.050000 1.650000 1.850000 193 40 61
3.250000 0.050000 0.050000 10 40 244
3.350000 0.050000 0.050000 10 40 244
3.250000 0.150000 0.050000 10 40 244
3.350000 0.150000 0.050000 10 40 244
3.450000 0.050000 0.050000 10 40 244
3.550000 0.050000 0.050000 10 40 244
3.450000 0.150000 0.050000 10 40 244
3.550000 0.150000 0.050000 10 40 244
3.250000 0.250000 0.050000 10 40 244
3.350000 0.250000 0.050000 10 40 244
3.250000 0.350000 0.050000 10 40 244
3.350000 0.350000 0.050000 10 40 244
3.450000 0.250000 0.050000 10 40 244
3.550000 0.250000 0.050000 10 40 244
3.450000 0.350000 0.050000 10 40 244
3.550000 0.350000 0.050000 10 40 244
3.650000 0.050000 0.050000 10 40 244
3.750000 0.050000 0.050000 10 40 244
3.650000 0.150000 0.050000 10 40 244
3.750000 0.150000 0.050000 10 40 244
3.850000 0.050000 0.050000 10 40 244
3.950000 0.050000 0.050000 10 40 244
3.850000 0.150000 0.050000 10 40 244
3.950000 0.150000 0.050000 10 40 244
3.650000 0.250000 0.050000 10 40 244
3.750000 0.250000 0.050000 10 40 244
3.650000 0.350000 0.050000 10 40 244
3.750000 0.350000 0.050000 10 40 244
3.850000 0.250000 0.050000 10 40 244
3.950000 0.250000 0.050000 10 40 244
3.850000 0.350000 0.050000 10 40 244
3.950000 0.350000 0.050000 10 40 244
3.250000 0.450000 0.050000 10 40 244
3.350000 0.450000 0.050000 10 40 244
3.250000 0.550000 0.050000 10 40 244
3.350000 0.550000 0.050000 10 40 244
3.450000 0.450000 0.050000 10 40 244
3.550000 0.450000 0.050000 10 40 244
3.450000 0.550000 0.050000 10 40 244
3.550000 0.550000 0.050000 10 40 244
3.250000 0.650000 0.050000 10 40 244
3.350000 0.650000 0.050000 10 40 244
3.250000 0.750000 0.050000 10 40 244
3.350000 0.750000 0.050000 10 40 244
3.450000 0.650000 0.050000 10 40 244
3.550000 0.650000 0.050000 10 40 244
3.450000 0.750000 0.050000 10 40 244
3.550000 0.750000 0.050000 10 40 244
3.650000 0.450000 0.050000 10 40 244
3.750000 0.450000 0.050000 10 40 244
3.650000 0.550000 0.050000 10 40 244
3.750000 0.550000 0.050000 10 40 244
3.850000 0.450000 0.050000 10 40 244
3.950000 0.450000 0.050000 10 40 244
3.850000 0.550000 0.050000 10 40 244
3.950000 0.550000 0.050000 10 40 244
3.650000 0.650000 0.050000 10 40 244
3.750000 0.650000 0.050000 10 40 244
3.650000 0.750000 0.050000 10 40 244
3.750000 0.750000 0.050000 10 40 244
3.850000 0.650000 0.050000 10 40 244
3.950000 0.650000 0.050000 10 40 244
3.850000 0.750000 0.050000 10 40 244
3.950000 0.750000 0.050000 10 40 244
4.050000 0.050000 0.050000 10 40 244
4.150000 0.050000 0.050000 10 40 244
4.050000 0.150000 0.050000 10 40 244
4.150000 0.150000 0.050000 10 40 244
4.250000 0.050000 0.050000 10 40 244
4.350000 0.050000 0.050000 10 40 244
4.250000 0.150000 0.050000 10 40 244
4.350000 0.150000 0.050000 10 40 244
4.050000 0.250000 0.050000 10 40 244
4.150000 0.250000 0.050000 10 40 244
4.050000 0.350000 0.050000 10 40 244
4.150000 0.350000 0.050000 10 40 244
4.250000 0.250000 0.050000 10 40 244
4.350000 0.250000 0.050000 10 40 244
4.250000 0.350000 0.050000 10 40 244
4.350000 0.350000 0.050000 10 40 244
4.450000 0.050000 0.050000 10 40 244
4.550000 0.050000 0.050000 10 40 244
4.450000 0.150000 0.050000 10 40 244
4.550000 0.150000 0.050000 10 40 244
4.650000 0.050000 0.050000 10 40 244
4.750000 0.050000 0.050000 10 40 244
4.650000 0.150000 0.050000 10 40 244
4.750000 0.150000 0.050000 10 40 244
4.450000 0.250000 0.050000 10 40 244
4.550000 0.250000 0.050000 10 40 244
4.450000 0.350000 0.050000 10 40 244
4.550000 0.350000 0.050000 10 40 244
4.650000 0.250000 0.050000 10 40 244
4.750000 0.250000 0.050000 10 40 244
4.650000 0.350000 0.050000 10 40 244
4.750000 0.350000 0.050000 10 40 244
4.050000 0.450000 0.050000 10 40 244
4.150000 0.450000 0.050000 10 40 244
4.050000 0.550000 0.050000 10 40 244
4.150000 0.550000 0.050000 10 40 244
4.250000 0.450000 0.050000 10 40 244
4.350000 0.450000 0.050000 10 40 244
4.250000 0.550000 0.050000 10 40 244
4.350000 0.550000 0.050000 10 40 244
4.050000 0.650000 0.050000 10 40 244
4.150000 0.650000 0.050000 10 40 244
4.050000 0.750000 0.050000 10 40 244
4.150000 0.750000 0.050000 10 40 244
4.250000 0.650000 0.050000 10 40 244
4.350000 0.650000 0.050000 10 40 244
4.250000 0.750000 0.050000 10 40 244
4.350000 0.750000 0.050000 10 40 244
4.450000 0.450000 0.050000 10 40 244
4.550000 0.450000 0.050000 10 40 244
4.450000 0.550000 0.050000 10 40 244
4.550000 0.550000 0.050000 10 40 244
4.650000 0.450000 0.050000 10 40 244
4.750000 0.450000 0.050000 10 40 244
4.650000 0.550000 0.050000 10 40 244
4.750000 0.550000 0.050000 10 40 244
4.450000 0.650000 0.050000 10 40 244
4.550000 0.650000 0.050000 10 40 244
4.450000 0.750000 0.050000 10 40 244
4.550000 0.750000 0.050000 10 40 244
4.650000 0.650000 0.050000 10 40 244
4.750000 0.650000 0.050000 10 40 244
4.650000 0.750000 0.050000 10 40 244
4.750000 0.750000 0.050000 10 40 244
3.250000 0.850000 0.050000 10 40 244
3.350000 0.850000 0.050000 10 40 244
3.250000 0.950000 0.050000 10 40 244
3.350000 0.950000 0.050000 10 40 244
3.450000 0.850000 0.050000 10 40 244
3.550000 0.850000 0.050000 10 40 244
3.450000 0.950000 0.050000 10 40 244
3.550000 0.950000 0.050000 10 40 244
3.250000 1.050000 0.050000 10 40 244
3.350000 1.050000 0.050000 10 40 244
3.250000 1.150000 0.050000 10 40 244
3.350000 1.150000 0.050000 10 40 244
3.450000 1.050000 0.050000 10 40 244
3.550000 1.050000 0.050000 10 40 244
3.450000 1.150000 0.050000 10 40 244
3.550000 1.150000 0.050000 10 40 244
3.650000 0.850000 0.050000 10 40 244
3.750000 0.850000 0.050000 10 40 244
3.650000 0.950000 0.050000 10 40 244
3.750000 0.950000 0.050000 10 40 244
3.850000 0.850000 0.050000 10 40 244
3.950000 0.850000 0.050000 10 40 244
3.850000 0.950000 0.050000 10 40 244
3.950000 0.950000 0.050000 10 40 244
3.650000 1.050000 0.050000 10 40 244
3.750000 1.050000 0.050000 10 40 244
3.650000 1.150000 0.050000 10 40 244
3.750000 1.150000 0.050000 10 40 244
3.850000 1.050000 0.050000 10 40 244
3.950000 1.050000 0.050000 10 40 244
3.850000 1.150000 0.050000 10 40 244
3.950000 1.150000 0.050000 10 40 244
3.250000 1.250000 0.050000 10 40 244
3.350000 1.250000 0.050000 10 40 244
3.250000 1.350000 0.050000 10 40 244
3.350000 1.350000 0.050000 10 40 244
3.450000 1.250000 0.050000 10 40 244
3.550000 1.250000 0.050000 10 40 244
3.450000 1.350000 0.050000 10 40 244
3.550000 1.350000 0.050000 10 40 244
3.250000 1.450000 0.050000 10 40 244
3.350000 1.450000 0.050000 10 40 244
3.250000 1.550000 0.050000 10 40 244
3.350000 1.550000 0.050000 10 40 244
3.450000 1.450000 0.050000 10 40 244
3.550000 1.450000 0.050000 10 40 244
3.450000 1.550000 0.050000 10 40 244
3.550000 1.550000 0.050000 10 40 244
3.650000 1.250000 0.050000 10 40 244
3.750000 1.250000 0.050000 10 40 244
3.650000 1.350000 0.050000 10 40 244
3.750000 1.350000 0.050000 10 40 244
3.850000 1.250000 0.050000 10 40 244
3.950000 1.250000 0.050000 10 40 244
3.850000 1.350000 0.050000 10 40 244
3.950000 1.350000 0.050000 10 40 244
3.650000 1.450000 0.050000 10 40 244
3.750000 1.450000 0.050000 10 40 244
3.650000 1.550000 0.050000 10 40 244
3.750000 1.550000 0.050000 10 40 244
3.850000 1.450000 0.050000 10 40 244
3.950000 1.450000 0.050000 10 40 244
3.850000 1.550000 0.050000 10 40 244
3.950000 1.550000 0.050000 10 40 244
4.050000 0.850000 0.050000 10 40 244
4.150000 0.850000 0.050000 10 40 244
4.050000 0.950000 0.050000 10 40 244
4.150000 0.950000 0.050000 10 40 244
4.250000 0.850000 0.050000 10 40 244
4.350000 0.850000 0.050000 10 40 244
4.250000 0.950000 0.050000 10 40 244
4.350000 0.950000 0.050000 10 40 244
4.050000 1.050000 0.050000 10 40 244
4.150000 1.050000 0.050000 10 40 244
4.050000 1.150000 0.050000 10 40 244
4.150000 1.150000 0.050000 10 40 244
4.250000 1.050000 0.050000 10 40 244
4.350000 1.050000 0.050000 10 40 244
4.250000 1.150000 0.050000 10 40 244
4.350000 1.150000 0.050000 10 40 244
4.450000 0.850000 0.050000 10 40 244
4.550000 0.850000 0.050000 10 40 244
4.450000 0.950000 0.050000 10 40 244
4.550000 0.950000 0.050000 10 40 244
4.650000 0.850000 0.050000 10 40 244
4.750000 0.850000 0.050000 10 40 244
4.650000 0.950000 0.050000 10 40 244
4.750000 0.950000 0.050000 10 40 244
4.450000 1.050000 0.050000 10 40 244
4.550000 1.050000 0.050000 10 40 244
4.450000 1.150000 0.050000 10 40 244
4.550000 1.150000 0.050000 10 40 244
4.650000 1.050000 0.050000 10 40 244
4.650000 1.150000 0.050000 10 40 244
4.050000 1.250000 0.050000 10 40 244
4.150000 1.250000 0.050000 10 40 244
4.050000 1.350000 0.050000 10 40 244
4.150000 1.350000 0.050000 10 40 244
4.250000 1.250000 0.050000 10 40 244
4.350000 1.250000 0.050000 10 40 244
4.250000 1.350000 0.050000 10 40 244
4.350000 1.350000 0.050000 10 40 244
4.050000 1.450000 0.050000 10 40 244
4.150000 1.450000 0.050000 10 40 244
4.050000 1.550000 0.050000 10 40 244
4.150000 1.550000 0.050000 10 40 244
4.250000 1.450000 0.050000 10 40 244
4.350000 1.450000 0.050000 10 40 244
4.250000 1.550000 0.050000 10 40 244
4.450000 1.250000 0.050000 10 40 244
4.550000 1.250000 0.050000 10 40 244
4.450000 1.350000 0.050000 10 40 244
4.550000 1.350000 0.050000 10 40 244
4.650000 1.250000 0.050000 10 40 244
4.750000 1.250000 0.050000 10 40 244
4.650000 1.350000 0.050000 10 40 244
4.750000 1.350000 0.050000 10 40 244
4.450000 1.450000 0.050000 10 40 244
4.550000 1.450000 0.050000 10 40 244
4.550000 1.550000 0.050000 10 40 244
4.650000 1.450000 0.050000 10 40 244
4.850000 0.050000 0.050000 10 40 244
4.850000 0.150000 0.050000 10 40 244
4.850000 0.250000 0.050000 10 40 244
4.850000 0.350000 0.050000 10 40 244
4.850000 0.450000 0.050000 10 40 244
4.850000 0.550000 0.050000 10 40 244
3.250000 1.650000 0.050000 10 40 244
3.350000 1.650000 0.050000 10 40 244
3.250000 1.750000 0.050000 10 40 244
3.350000 1.750000 0.050000 10 40 244
3.450000 1.650000 0.050000 10 40 244
3.550000 1.650000 0.050000 10 40 244
3.450000 1.750000 0.050000 10 40 244
3.550000 1.750000 0.050000 10 40 244
3.250000 1.850000 0.050000 10 40 244
3.350000 1.850000 0.050000 10 40 244
3.250000 1.950000 0.050000 10 40 244
3.350000 1.950000 0.050000 10 40 244
3.450000 1.850000 0.050000 10 40 244
3.550000 1.850000 0.050000 10 40 244
3.450000 1.950000 0.050000 10 40 244
3.550000 1.950000 0.050000 10 40 244
3.650000 1.650000 0.050000 10 40 244
3.750000 1.650000 0.050000 10 40 244
3.650000 1.750000 0.050000 10 40 244
3.750000 1.750000 0.050000 10 40 244
3.850000 1.650000 0.050000 10 40 244
3.950000 1.650000 0.050000 10 40 244
3.850000 1.750000 0.050000 10 40 244
3.950000 1.750000 0.050000 10 40 244
3.650000 1.850000 0.050000 10 40 244
3.750000 1.850000 0.050000 10 40 244
3.650000 1.950000 0.050000 10 40 244
3.750000 1.950000 0.050000 10 40 244
3.850000 1.850000 0.050000 10 40 244
3.950000 1.850000 0.050000 10 40 244
3.850000 1.950000 0.050000 10 40 244
3.950000 1.950000 0.050000 10 40 244
3.250000 2.050000 0.050000 10 40 244
3.350000 2.050000 0.050000 10 40 244
3.250000 2.150000 0.050000 10 40 244
3.350000 2.150000 0.050000 10 40 244
3.450000 2.050000 0.050000 10 40 244
3.550000 2.050000 0.050000 10 40 244
3.450000 2.150000 0.050000 10 40 244
3.550000 2.150000 0.050000 10 40 244
3.250000 2.250000 0.050000 10 40 244
3.350000 2.250000 0.050000 10 40 244
3.250000 2.350000 0.050000 10 40 244
3.350000 2.350000 0.050000 10 40 244
3.450000 2.250000 0.050000 10 40 244
3.550000 2.250000 0.050000 10 40 244
3.450000 2.350000 0.050000 10 40 244
3.550000 2.350000 0.050000 10 40 244
3.650000 2.050000 0.050000 10 40 244
3.750000 2.050000 0.050000 10 40 244
3.650000 2.150000 0.050000 10 40 244
3.750000 2.150000 0.050000 10 40 244
3.850000 2.050000 0.050000 10 40 244
3.950000 2.050000 0.050000 10 40 244
3.850000 2.150000 0.050000 10 40 244
3.950000 2.150000 0.050000 10 40 244
3.650000 2.250000 0.050000 10 40 244
3.750000 2.250000 0.050000 10 40 244
3.650000 2.350000 0.050000 10 40 244
3.750000 2.350000 0.050000 10 40 244
3.850000 2.250000 0.050000 10 40 244
3.950000 2.250000 0.050000 10 40 244
3.850000 2.350000 0.050000 10 40 244
3.950000 2.350000 0.050000 10 40 244
4.050000 1.650000 0.050000 10 40 244
4.150000 1.650000 0.050000 10 40 244
4.050000 1.750000 0.050000 10 40 244
4.150000 1.750000 0.050000 10 40 244
4.250000 1.650000 0.050000 10 40 244
4.250000 1.750000 0.050000 10 40 244
4.050000 1.850000 0.050000 10 40 244
4.150000 1.850000 0.050000 10 40 244
4.050000 1.950000 0.050000 10 40 244
4.150000 1.950000 0.050000 10 40 244
4.250000 1.850000 0.050000 10 40 244
4.050000 2.050000 0.050000 10 40 244
4.150000 2.050000 0.050000 10 40 244
4.050000 2.150000 0.050000 10 40 244
4.150000 2.150000 0.050000 10 40 244
4.050000 2.250000 0.050000 10 40 244
4.150000 2.250000 0.050000 10 40 244
4.050000 2.350000 0.050000 10 40 244
4.150000 2.350000 0.050000 10 40 244
3.250000 2.450000 0.050000 10 40 244
3.350000 2.450000 0.050000 10 40 244
3.250000 2.550000 0.050000 10 40 244
3.350000 2.550000 0.050000 10 40 244
3.450000 2.450000 0.050000 10 40 244
3.550000 2.450000 0.050000 10 40 244
3.450000 2.550000 0.050000 10 40 244
3.550000 2.550000 0.050000 10 40 244
3.250000 2.650000 0.050000 10 40 244
3.350000 2.650000 0.050000 10 40 244
3.250000 2.750000 0.050000 10 40 244
3.350000 2.750000 0.050000 10 40 244
3.450000 2.650000 0.050000 10 40 244
3.550000 2.650000 0.050000 10 40 244
3.450000 2.750000 0.050000 10 40 244
3.550000 2.750000 0.050000 10 40 244
3.650000 2.450000 0.050000 10 40 244
3.750000 2.450000 0.050000 10 40 244
3.650000 2.550000 0.050000 10 40 244
3.750000 2.550000 0.050000 10 40 244
3.850000 2.450000 0.050000 10 40 244
3.950000 2.450000 0.050000 10 40 244
3.850000 2.550000 0.050000 10 40 244
3.950000 2.550000 0.050000 10 40 244
3.650000 2.650000 0.050000 10 40 244
3.750000 2.650000 0.050000 10 40 244
3.650000 2.750000 0.050000 10 40 244
3.750000 2.750000 0.050000 10 40 244
3.850000 2.650000 0.050000 10 40 244
3.950000 2.650000 0.050000 10 40 244
3.850000 2.750000 0.050000 10 40 244
3.950000 2.750000 0.050000 10 40 244
3.250000 2.850000 0.050000 10 40 244
3.350000 2.850000 0.050000 10 40 244
3.250000 2.950000 0.050000 10 40 244
3.350000 2.950000 0.050000 10 40 244
3.450000 2.850000 0.050000 10 40 244
3.550000 2.850000 0.050000 10 40 244
3.450000 2.950000 0.050000 10 40 244
3.550000 2.950000 0.050000 10 40 244
3.250000 3.050000 0.050000 10 40 244
3.350000 3.050000 0.050000 10 40 244
3.250000 3.150000 0.050000 10 40 244
3.350000 3.150000 0.050000 10 40 244
3.450000 3.050000 0.050000 10 40 244
3.550000 3.050000 0.050000 10 40 244
3.450000 3.150000 0.050000 10 40 244
3.550000 3.150000 0.050000 10 40 244
3.650000 2.850000 0.050000 10 40 244
3.750000 2.850000 0.050000 10 40 244
3.650000 2.950000 0.050000 10 40 244
3.750000 2.950000 0.050000 10 40 244
3.850000 2.850000 0.050000 10 40 244
3.950000 2.850000 0.050000 10 40 244
3.850000 2.950000 0.050000 10 40 244
3.950000 2.950000 0.050000 10 40 244
3.650000 3.050000 0.050000 10 40 244
3.750000 3.050000 0.050000 10 40 244
3.650000 3.150000 0.050000 10 40 244
3.750000 3.150000 0.050000 10 40 244
3.850000 3.050000 0.050000 10 40 244
3.950000 3.050000 0.050000 10 40 244
3.850000 3.150000 0.050000 10 40 244
3.950000 3.150000 0.050000 10 40 244
4.050000 2.450000 0.050000 10 40 244
4.150000 2.450000 0.050000 10 40 244
4.050000 2.550000 0.050000 10 40 244
4.150000 2.550000 0.050000 10 40 244
4.050000 2.650000 0.050000 10 40 244
4.150000 2.650000 0.050000 10 40 244
4.050000 2.750000 0.050000 10 40 244
4.150000 2.750000 0.050000 10 40 244
4.050000 2.850000 0.050000 10 40 244
4.150000 2.850000 0.050000 10 40 244
4.050000 2.950000 0.050000 10 40 244
4.150000 2.950000 0.050000 10 40 244
4.050000 3.050000 0.050000 10 40 244
4.150000 3.050000 0.050000 10 40 244
4.050000 3.150000 0.050000 10 40 244
4.150000 3.150000 0.050000 10 40 244
4.250000 3.150000 0.050000 10 40 244
0.650000 3.250000 0.050000 10 40 244
0.750000 3.250000 0.050000 10 40 244
0.850000 3.250000 0.050000 10 40 244
0.950000 3.250000 0.050000 10 40 244
0.850000 3.350000 0.050000 10 40 244
0.950000 3.350000 0.050000 10 40 244
1.050000 3.250000 0.050000 10 40 244
1.150000 3.250000 0.050000 10 40 244
1.050000 3.350000 0.050000 10 40 244
1.150000 3.350000 0.050000 10 40 244
0.850000 3.450000 0.050000 10 40 244
0.950000 3.450000 0.050000 10 40 244
0.950000 3.550000 0.050000 10 40 244
1.050000 3.450000 0.050000 10 40 244
1.150000 3.450000 0.050000 10 40 244
1.050000 3.550000 0.050000 10 40 244
1.150000 3.550000 0.050000 10 40 244
1.250000 3.250000 0.050000 10 40 244
1.350000 3.250000 0.050000 10 40 244
1.250000 3.350000 0.050000 10 40 244
1.350000 3.350000 0.050000 10 40 244
1.450000 3.250000 0.050000 10 40 244
1.550000 3.250000 0.050000 10 40 244
1.450000 3.350000 0.050000 10 40 244
1.550000 3.350000 0.050000 10 40 244
1.250000 3.450000 0.050000 10 40 244
1.350000 3.450000 0.050000 10 40 244
1.250000 3.550000 0.050000 10 40 244
1.350000 3.550000 0.050000 10 40 244
1.450000 3.450000 0.050000 10 40 244
1.550000 3.450000 0.050000 10 40 244
1.450000 3.550000 0.050000 10 40 244
1.550000 3.550000 0.050000 10 40 244
1.150000 3.650000 0.050000 10 40 244
1.250000 3.650000 0.050000 10 40 244
1.350000 3.650000 0.050000 10 40 244
1.350000 3.750000 0.050000 10 40 244
1.450000 3.650000 0.050000 10 40 244
1.550000 3.650000 0.050000 10 40 244
1.450000 3.750000 0.050000 10 40 244
1.550000 3.750000 0.050000 10 40 244
1.350000 3.850000 0.050000 10 40 244
1.450000 3.850000 0.050000 10 40 244
1.550000 3.850000 0.050000 10 40 244
1.450000 3.950000 0.050000 10 40 244
1.550000 3.950000 0.050000 10 40 244
1.450000 3.950000 0.150000 20 40 234
1.550000 3.950000 0.150000 20 40 234
1.550000 3.950000 0.250000 30 40 224
1.550000 3.950000 0.350000 40 40 214
1.650000 3.250000 0.050000 10 40 244
1.750000 3.250000 0.050000 10 40 244
1.650000 3.350000 0.050000 10 40 244
1.750000 3.350000 0.050000 10 40 244
1.850000 3.250000 0.050000 10 40 244
1.950000 3.250000 0.050000 10 40 244
1.850000 3.350000 0.050000 10 40 244
1.950000 3.350000 0.050000 10 40 244
1.650000 3.450000 0.050000 10 40 244
1.750000 3.450000 0.050000 10 40 244
1.650000 3.550000 0.050000 10 40 244
1.750000 3.550000 0.050000 10 40 244
1.850000 3.450000 0.050000 10 40 244
1.950000 3.450000 0.050000 10 40 244
1.850000 3.550000 0.050000 10 40 244
1.950000 3.550000 0.050000 10 40 244
2.050000 3.250000 0.050000 10 40 244
2.150000 3.250000 0.050000 10 40 244
2.050000 3.350000 0.050000 10 40 244
2.150000 3.350000 0.050000 10 40 244
2.250000 3.250000 0.050000 10 40 244
2.350000 3.250000 0.050000 10 40 244
2.250000 3.350000 0.050000 10 40 244
2.350000 3.350000 0.050000 10 40 244
2.050000 3.450000 0.050000 10 40 244
2.150000 3.450000 0.050000 10 40 244
2.050000 3.550000 0.050000 10 40 244
2.150000 3.550000 0.050000 10 40 244
2.250000 3.450000 0.050000 10 40 244
2.350000 3.450000 0.050000 10 40 244
2.250000 3.550000 0.050000 10 40 244
2.350000 3.550000 0.050000 10 40 244
1.650000 3.650000 0.050000 10 40 244
1.750000 3.650000 0.050000 10 40 244
1.650000 3.750000 0.050000 10 40 244
1.750000 3.750000 0.050000 10 40 244
1.850000 3.650000 0.050000 10 40 244
1.950000 3.650000 0.050000 10 40 244
1.850000 3.750000 0.050000 10 40 244
1.950000 3.750000 0.050000 10 40 244
1.650000 3.850000 0.050000 10 40 244
1.750000 3.850000 0.050000 10 40 244
1.650000 3.950000 0.050000 10 40 244
1.750000 3.950000 0.050000 10 40 244
1.650000 3.950000 0.150000 20 40 234
1.750000 3.950000 0.150000 20 40 234
1.850000 3.850000 0.050000 10 40 244
1.950000 3.850000 0.050000 10 40 244
1.850000 3.950000 0.050000 10 40 244
1.950000 3.950000 0.050000 10 40 244
1.850000 3.950000 0.150000 20 40 234
1.950000 3.950000 0.150000 20 40 234
1.650000 3.950000 0.250000 30 40 224
1.750000 3.950000 0.250000 30 40 224
1.650000 3.950000 0.350000 40 40 214
1.750000 3.950000 0.350000 40 40 214
1.850000 3.950000 0.250000 30 40 224
1.950000 3.950000 0.250000 30 40 224
1.850000 3.950000 0.350000 40 40 214
1.950000 3.950000 0.350000 40 40 214
2.050000 3.650000 0.050000 10 40 244
2.150000 3.650000 0.050000 10 40 244
2.050000 3.750000 0.050000 10 40 244
2.150000 3.750000 0.050000 10 40 244
2.250000 3.650000 0.050000 10 40 244
2.350000 3.650000 0.050000 10 40 244
2.250000 3.750000 0.050000 10 40 244
2.350000 3.750000 0.050000 10 40 244
2.050000 3.850000 0.050000 10 40 244
2.150000 3.850000 0.050000 10 40 244
2.050000 3.950000 0.050000 10 40 244
2.150000 3.950000 0.050000 10 40 244
2.050000 3.950000 0.150000 20 40 234
2.150000 3.950000 0.150000 20 40 234
2.250000 3.850000 0.050000 10 40 244
2.350000 3.850000 0.050000 10 40 244
2.250000 3.950000 0.050000 10 40 244
2.350000 3.950000 0.050000 10 40 244
2.250000 3.950000 0.150000 20 40 234
2.350000 3.950000 0.150000 20 40 234
2.050000 3.950000 0.250000 30 40 224
2.150000 3.950000 0.250000 30 40 224
2.050000 3.950000 0.350000 40 40 214
2.150000 3.950000 0.350000 40 40 214
2.250000 3.950000 0.250000 30 40 224
2.350000 3.950000 0.250000 30 40 224
2.250000 3.950000 0.350000 40 40 214
2.350000 3.950000 0.350000 40 40 214
1.650000 3.950000 0.450000 50 40 204
1.750000 3.950000 0.450000 50 40 204
1.650000 3.950000 0.550000 61 40 193
1.750000 3.950000 0.550000 61 40 193
1.850000 3.950000 0.450000 50 40 204
1.950000 3.950000 0.450000 50 40 204
1.850000 3.950000 0.550000 61 40 193
1.950000 3.950000 0.550000 61 40 193
1.750000 3.950000 0.650000 71 40 183
1.750000 3.950000 0.750000 81 40 173
1.850000 3.950000 0.650000 71 40 183
1.950000 3.950000 0.650000 71 40 183
1.850000 3.950000 0.750000 81 40 173
1.950000 3.950000 0.750000 81 40 173
2.050000 3.950000 0.450000 50 40 204
2.150000 3.950000 0.450000 50 40 204
2.050000 3.950000 0.550000 61 40 193
2.150000 3.950000 0.550000 61 40 193
2.250000 3.950000 0.450000 50 40 204
2.350000 3.950000 0.450000 50 40 204
2.250000 3.950000 0.550000 61 40 193
2.350000 3.950000 0.550000 61 40 193
2.050000 3.950000 0.650000 71 40 183
2.150000 3.950000 0.650000 71 40 183
2.050000 3.950000 0.750000 81 40 173
2.150000 3.950000 0.750000 81 40 173
2.250000 3.950000 0.650000 71 40 183
2.350000 3.950000 0.650000 71 40 183
2.250000 3.950000 0.750000 81 40 173
2.350000 3.950000 0.750000 81 40 173
2.450000 3.250000 0.050000 10 40 244
2.550000 3.250000 0.050000 10 40 244
2.450000 3.350000 0.050000 10 40 244
2.550000 3.350000 0.050000 10 40 244
2.650000 3.250000 0.050000 10 40 244
2.750000 3.250000 0.050000 10 40 244
2.650000 3.350000 0.050000 10 40 244
2.750000 3.350000 0.050000 10 40 244
2.450000 3.450000 0.050000 10 40 244
2.550000 3.450000 0.050000 10 40 244
2.450000 3.550000 0.050000 10 40 244
2.550000 3.550000 0.050000 10 40 244
2.650000 3.450000 0.050000 10 40 244
2.750000 3.450000 0.050000 10 40 244
2.650000 3.550000 0.050000 10 40 244
2.750000 3.550000 0.050000 10 40 244
2.850000 3.250000 0.050000 10 40 244
2.950000 3.250000 0.050000 10 40 244
2.850000 3.350000 0.050000 10 40 244
2.950000 3.350000 0.050000 10 40 244
3.050000 3.250000 0.050000 10 40 244
3.150000 3.250000 0.050000 10 40 244
3.050000 3.350000 0.050000 10 40 244
3.150000 3.350000 0.050000 10 40 244
2.850000 3.450000 0.050000 10 40 244
2.950000 3.450000 0.050000 10 40 244
2.850000 3.550000 0.050000 10 40 244
2.950000 3.550000 0.050000 10 40 244
3.050000 3.450000 0.050000 10 40 244
3.150000 3.450000 0.050000 10 40 244
3.050000 3.550000 0.050000 10 40 244
3.150000 3.550000 0.050000 10 40 244
2.450000 3.650000 0.050000 10 40 244
2.550000 3.650000 0.050000 10 40 244
2.450000 3.750000 0.050000 10 40 244
2.550000 3.750000 0.050000 10 40 244
2.650000 3.650000 0.050000 10 40 244
2.750000 3.650000 0.050000 10 40 244
2.650000 3.750000 0.050000 10 40 244
2.750000 3.750000 0.050000 10 40 244
2.450000 3.850000 0.050000 10 40 244
2.550000 3.850000 0.050000 10 40 244
2.450000 3.950000 0.050000 10 40 244
2.550000 3.950000 0.050000 10 40 244
2.450000 3.950000 0.150000 20 40 234
2.550000 3.950000 0.150000 20 40 234
2.650000 3.850000 0.050000 10 40 244
2.750000 3.850000 0.050000 10 40 244
2.650000 3.950000 0.050000 10 40 244
2.750000 3.950000 0.050000 10 40 244
2.650000 3.950000 0.150000 20 40 234
2.750000 3.950000 0.150000 20 40 234
2.450000 3.950000 0.250000 30 40 224
2.550000 3.950000 0.250000 30 40 224
2.450000 3.950000 0.350000 40 40 214
2.550000 3.950000 0.350000 40 40 214
2.650000 3.950000 0.250000 30 40 224
2.750000 3.950000 0.250000 30 40 224
2.650000 3.950000 0.350000 40 40 214
2.750000 3.950000 0.350000 40 40 214
2.850000 3.650000 0.050000 10 40 244
2.950000 3.650000 0.050000 10 40 244
2.850000 3.750000 0.050000 10 40 244
2.950000 3.750000 0.050000 10 40 244
3.050000 3.650000 0.050000 10 40 244
3.150000 3.650000 0.050000 10 40 244
3.050000 3.750000 0.050000 10 40 244
3.150000 3.750000 0.050000 10 40 244
2.850000 3.850000 0.050000 10 40 244
2.950000 3.850000 0.050000 10 40 244
2.850000 3.950000 0.050000 10 40 244
2.950000 3.950000 0.050000 10 40 244
2.850000 3.950000 0.150000 20 40 234
2.950000 3.950000 0.150000 20 40 234
3.050000 3.850000 0.050000 10 40 244
3.150000 3.850000 0.050000 10 40 244
3.050000 3.950000 0.050000 10 40 244
3.150000 3.950000 0.050000 10 40 244
3.050000 3.950000 0.150000 20 40 234
3.150000 3.950000 0.150000 20 40 234
2.850000 3.950000 0.250000 30 40 224
2.950000 3.950000 0.250000 30 40 224
2.850000 3.950000 0.350000 40 40 214
2.950000 3.950000 0.350000 40 40 214
3.050000 3.950000 0.250000 30 40 224
3.150000 3.950000 0.250000 30 40 224
3.050000 3.950000 0.350000 40 40 214
3.150000 3.950000 0.350000 40 40 214
2.450000 3.950000 0.450000 50 40 204
2.550000 3.950000 0.450000 50 40 204
2.450000 3.950000 0.550000 61 40 193
2.550000 3.950000 0.550000 61 40 193
2.650000 3.950000 0.450000 50 40 204
2.750000 3.950000 0.450000 50 40 204
2.650000 3.950000 0.550000 61 40 193
2.750000 3.950000 0.550000 61 40 193
2.450000 3.950000 0.650000 71 40 183
2.550000 3.950000 0.650000 71 40 183
2.450000 3.950000 0.750000 81 40 173
2.550000 3.950000 0.750000 81 40 173
2.650000 3.950000 0.650000 71 40 183
2.750000 3.950000 0.650000 71 40 183
2.650000 3.950000 0.750000 81 40 173
2.750000 3.950000 0.750000 81 40 173
2.850000 3.950000 0.450000 50 40 204
2.950000 3.950000 0.450000 50 40 204
2.850000 3.950000 0.550000 61 40 193
2.950000 3.950000 0.550000 61 40 193
3.050000 3.950000 0.450000 50 40 204
3.150000 3.950000 0.450000 50 40 204
3.050000 3.950000 0.550000 61 40 193
3.150000 3.950000 0.550000 61 40 193
2.850000 3.950000 0.650000 71 40 183
2.950000 3.950000 0.650000 71 40 183
2.850000 3.950000 0.750000 81 40 173
2.950000 3.950000 0.750000 81 40 173
3.050000 3.950000 0.650000 71 40 183
3.150000 3.950000 0.650000 71 40 183
3.050000 3.950000 0.750000 81 40 173
3.150000 3.950000 0.750000 81 40 173
1.750000 3.950000 0.850000 91 40 163
1.850000 3.950000 0.850000 91 40 163
1.950000 3.950000 0.850000 91 40 163
1.850000 3.950000 0.950000 101 40 153
1.950000 3.950000 0.950000 101 40 153
2.050000 3.950000 0.850000 91 40 163
2.150000 3.950000 0.850000 91 40 163
2.050000 3.950000 0.950000 101 40 153
2.150000 3.950000 0.950000 101 40 153
2.250000 3.950000 0.850000 91 40 163
2.350000 3.950000 0.850000 91 40 163
2.250000 3.950000 0.950000 101 40 153
2.350000 3.950000 0.950000 101 40 153
2.450000 3.950000 0.850000 91 40 163
2.550000 3.950000 0.850000 91 40 163
2.450000 3.950000 0.950000 101 40 153
2.550000 3.950000 0.950000 101 40 153
2.650000 3.950000 0.850000 91 40 163
2.750000 3.950000 0.850000 91 40 163
2.650000 3.950000 0.950000 101 40 153
2.750000 3.950000 0.950000 101 40 153
2.450000 3.950000 1.050000 112 40 142
2.550000 3.950000 1.050000 112 40 142
2.650000 3.950000 1.050000 112 40 142
2.750000 3.950000 1.050000 112 40 142
2.850000 3.950000 0.850000 91 40 163
2.950000 3.950000 0.850000 91 40 163
2.850000 3.950000 0.950000 101 40 153
2.950000 3.950000 0.950000 101 40 153
3.050000 3.950000 0.850000 91 40 163
3.150000 3.950000 0.850000 91 40 163
3.050000 3.950000 0.950000 101 40 153
3.150000 3.950000 0.950000 101 40 153
2.850000 3.950000 1.050000 112 40 142
2.950000 3.950000 1.050000 112 40 142
3.050000 3.950000 1.050000 112 40 142
3.150000 3.950000 1.050000 112 40 142
3.250000 3.250000 0.050000 10 40 244
3.350000 3.250000 0.050000 10 40 244
3.250000 3.350000 0.050000 10 40 244
3.350000 3.350000 0.050000 10 40 244
3.450000 3.250000 0.050000 10 40 244
3.550000 3.250000 0.050000 10 40 244
3.450000 3.350000 0.050000 10 40 244
3.550000 3.350000 0.050000 10 40 244
3.250000 3.450000 0.050000 10 40 244
3.350000 3.450000 0.050000 10 40 244
3.250000 3.550000 0.050000 10 40 244
3.350000 3.550000 0.050000 10 40 244
3.450000 3.450000 0.050000 10 40 244
3.550000 3.450000 0.050000 10 40 244
3.450000 3.550000 0.050000 10 40 244
3.550000 3.550000 0.050000 10 40 244
3.650000 3.250000 0.050000 10 40 244
3.750000 3.250000 0.050000 10 40 244
3.650000 3.350000 0.050000 10 40 244
3.750000 3.350000 0.050000 10 40 244
3.850000 3.250000 0.050000 10 40 244
3.950000 3.250000 0.050000 10 40 244
3.850000 3.350000 0.050000 10 40 244
3.950000 3.350000 0.050000 10 40 244
3.650000 3.450000 0.050000 10 40 244
3.750000 3.450000 0.050000 10 40 244
3.650000 3.550000 0.050000 10 40 244
3.750000 3.550000 0.050000 10 40 244
3.850000 3.450000 0.050000 10 40 244
3.950000 3.450000 0.050000 10 40 244
3.850000 3.550000 0.050000 10 40 244
3.950000 3.550000 0.050000 10 40 244
3.250000 3.650000 0.050000 10 40 244
3.350000 3.650000 0.050000 10 40 244
3.250000 3.750000 0.050000 10 40 244
3.350000 3.750000 0.050000 10 40 244
3.450000 3.650000 0.050000 10 40 244
3.550000 3.650000 0.050000 10 40 244
3.450000 3.750000 0.050000 10 40 244
3.550000 3.750000 0.050000 10 40 244
3.250000 3.850000 0.050000 10 40 244
3.350000 3.850000 0.050000 10 40 244
3.250000 3.950000 0.050000 10 40 244
3.350000 3.950000 0.050000 10 40 244
3.250000 3.950000 0.150000 20 40 234
3.350000 3.950000 0.150000 20 40 234
3.450000 3.850000 0.050000 10 40 244
3.550000 3.850000 0.050000 10 40 244
3.450000 3.950000 0.050000 10 40 244
3.550000 3.950000 0.050000 10 40 244
3.450000 3.950000 0.150000 20 40 234
3.550000 3.950000 0.150000 20 40 234
3.250000 3.950000 0.250000 30 40 224
3.350000 3.950000 0.250000 30 40 224
3.250000 3.950000 0.350000 40 40 214
3.350000 3.950000 0.350000 40 40 214
3.450000 3.950000 0.250000 30 40 224
3.550000 3.950000 0.250000 30 40 224
3.450000 3.950000 0.350000 40 40 214
3.550000 3.950000 0.350000 40 40 214
3.650000 3.650000 0.050000 10 40 244
3.750000 3.650000 0.050000 10 40 244
3.650000 3.750000 0.050000 10 40 244
3.750000 3.750000 0.050000 10 40 244
3.850000 3.650000 0.050000 10 40 244
3.950000 3.650000 0.050000 10 40 244
3.850000 3.750000 0.050000 10 40 244
3.950000 3.750000 0.050000 10 40 244
3.650000 3.850000 0.050000 10 40 244
3.750000 3.850000 0.050000 10 40 244
3.650000 3.950000 0.050000 10 40 244
3.750000 3.950000 0.050000 10 40 244
3.650000 3.950000 0.150000 20 40 234
3.750000 3.950000 0.150000 20 40 234
3.850000 3.850000 0.050000 10 40 244
3.950000 3.850000 0.050000 10 40 244
3.850000 3.950000 0.050000 10 40 244
3.950000 3.950000 0.050000 10 40 244
3.850000 3.950000 0.150000 20 40 234
3.950000 3.950000 0.150000 20 40 234
3.650000 3.950000 0.250000 30 40 224
3.750000 3.950000 0.250000 30 40 224
3.650000 3.950000 0.350000 40 40 214
3.750000 3.950000 0.350000 40 40 214
3.850000 3.950000 0.250000 30 40 224
3.950000 3.950000 0.250000 30 40 224
3.850000 3.950000 0.350000 40 40 214
3.950000 3.950000 0.350000 40 40 214
3.250000 3.950000 0.450000 50 40 204
3.350000 3.950000 0.450000 50 40 204
3.250000 3.950000 0.550000 61 40 193
3.350000 3.950000 0.550000 61 40 193
3.450000 3.950000 0.450000 50 40 204
3.550000 3.950000 0.450000 50 40 204
3.450000 3.950000 0.550000 61 40 193
3.550000 3.950000 0.550000 61 40 193
3.250000 3.950000 0.650000 71 40 183
3.350000 3.950000 0.650000 71 40 183
3.250000 3.950000 0.750000 81 40 173
3.350000 3.950000 0.750000 81 40 173
3.450000 3.950000 0.650000 71 40 183
3.550000 3.950000 0.650000 71 40 183
3.450000 3.950000 0.750000 81 40 173
3.550000 3.950000 0.750000 81 40 173
3.650000 3.950000 0.450000 50 40 204
3.750000 3.950000 0.450000 50 40 204
3.650000 3.950000 0.550000 61 40 193
3.750000 3.950000 0.550000 61 40 193
3.850000 3.950000 0.450000 50 40 204
3.950000 3.950000 0.450000 50 40 204
3.850000 3.950000 0.550000 61 40 193
3.950000 3.950000 0.550000 61 40 193
3.650000 3.950000 0.650000 71 40 183
3.750000 3.950000 0.650000 71 40 183
3.650000 3.950000 0.750000 81 40 173
3.750000 3.950000 0.750000 81 40 173
3.850000 3.950000 0.650000 71 40 183
3.950000 3.950000 0.650000 71 40 183
3.850000 3.950000 0.750000 81 40 173
4.050000 3.250000 0.050000 10 40 244
4.150000 3.250000 0.050000 10 40 244
4.050000 3.350000 0.050000 10 40 244
4.150000 3.350000 0.050000 10 40 244
4.050000 3.450000 0.050000 10 40 244
4.150000 3.450000 0.050000 10 40 244
4.050000 3.550000 0.050000 10 40 244
4.150000 3.550000 0.050000 10 40 244
4.050000 3.650000 0.050000 10 40 244
4.150000 3.650000 0.050000 10 40 244
4.050000 3.750000 0.050000 10 40 244
4.150000 3.750000 0.050000 10 40 244
4.050000 3.850000 0.050000 10 40 244
4.150000 3.850000 0.050000 10 40 244
4.050000 3.950000 0.050000 10 40 244
4.150000 3.950000 0.050000 10 40 244
4.050000 3.950000 0.150000 20 40 234
4.150000 3.950000 0.150000 20 40 234
4.050000 3.950000 0.250000 30 40 224
4.050000 3.950000 0.350000 40 40 214
3.250000 3.950000 0.850000 91 40 163
3.350000 3.950000 0.850000 91 40 163
3.250000 3.950000 0.950000 101 40 153
3.350000 3.950000 0.950000 101 40 153
3.450000 3.950000 0.850000 91 40 163
3.550000 3.950000 0.850000 91 40 163
3.450000 3.950000 0.950000 101 40 153
3.550000 3.950000 0.950000 101 40 153
3.250000 3.950000 1.050000 112 40 142
3.350000 3.950000 1.050000 112 40 142
3.350000 3.950000 1.150000 122 40 132
3.450000 3.950000 1.050000 112 40 142
3.550000 3.950000 1.050000 112 40 142
3.450000 3.950000 1.150000 122 40 132
3.550000 3.950000 1.150000 122 40 132
3.650000 3.950000 0.850000 91 40 163
3.750000 3.950000 0.850000 91 40 163
3.650000 3.950000 0.950000 101 40 153
3.750000 3.950000 0.950000 101 40 153
3.850000 3.950000 0.850000 91 40 163
3.650000 3.950000 1.050000 112 40 142
3.750000 3.950000 1.050000 112 40 142
3.650000 3.950000 1.150000 122 40 132
